pair_id,relation,edge_a,edge_b,node_ref,endpoint_a,endpoint_b,upper_edge_ref,lower_edge_ref,enabled
000345a5108d05e9e186,connect,93091320#1f,93091320#1r,"7.4234851,43.7326198",start,end,,,true
001552232c30477c1d68,connect,1086377386#1f,1086377386#1r,"7.4388102,43.7493678",end,start,,,true
004e4ea425c165b4cca3,connect,158215184#7f,448186730#2f,"7.4181426,43.7282837",start,end,,,true
005b9a01265267c7e99f,connect,166399488#1f,166399488#1r,"7.4185243,43.7367315",end,start,,,true
006cf8bb568d0c2efedf,connect,157719698#5f,165636046#1f,"7.4256731,43.7405657",end,start,,,true
0098f9b77720dd29aedc,connect,176674530#1r,176674530#2r,"7.4245768,43.7387969",start,end,,,true
009c1f59bb536661172d,connect,690914542#3f,690914542#3r,"7.4140299,43.7275634",start,end,,,true
00a12ee1918c8b71d510,connect,155085119#1r,990669428#1f,"7.4136598,43.7334433",end,start,,,true
00a19536829e6c980c62,connect,176337641#4f,176337641#4r,"7.4152500,43.7364499",end,start,,,true
00aff3d97383dfff3c83,connect,1233828725#2f,177546829#1r,"7.4291378,43.7450311",start,start,,,true
00b8ca11583abf007cf3,connect,690914539#1f,690914539#1r,"7.4137705,43.7273459",start,end,,,true
00c48c8705dcb8b0335d,connect,176682382#2r,176682382#3r,"7.4130832,43.7291057",start,end,,,true
00d8a523b2f2220f45d9,connect,161733292#1r,568187257#2r,"7.4291921,43.7406247",start,start,,,true
00da0b834f0d5e7d441b,connect,834313093#3f,834313093#3r,"7.4275855,43.7325839",end,start,,,true
00e3e35b9f35fdab11e9,connect,157719645#2f,157719645#2r,"7.4276654,43.7411907",end,start,,,true
00e44bccb41d022d962b,connect,155085119#5f,155085119#5r,"7.4145808,43.7349185",start,end,,,true
00f364c4d116a8684246,connect,168104492#1r,4230011#6r,"7.4274806,43.7404301",end,end,,,true
00f823221751bd313923,connect,158007921#1f,158007923#1f,"7.4274432,43.7317538",start,start,,,true
00f8b3cb46657030fa6e,connect,176674530#2r,4229537#3f,"7.4242857,43.7383814",start,end,,,true
012a502e1f4740481c42,connect,1019646822#1f,1019646822#2r,"7.4265803,43.7414196",end,end,,,true
012d2c49647e503d18d1,connect,176774211#1f,176774263#2f,"7.4220781,43.7322379",end,end,,,true
013c9b6c0a92dffe45a1,connect,165636031#5r,834185360#3r,"7.4270171,43.7320437",start,start,,,true
01421e2b51569477c991,connect,720165108#2f,720165108#3f,"7.4233819,43.7408807",end,start,,,true
0148a7fe3a84a5e19aa4,connect,503559464#5f,503559464#5r,"7.4286575,43.7340395",start,end,,,true
015a5718cebabc04236c,connect,1342546088#1f,1342546088#1r,"7.4362389,43.7497178",end,start,,,true
016eb7bbc392e1e13ac2,connect,1342546111#1r,1342546111#2r,"7.4300201,43.7443380",start,end,,,true
017c6fe8c8ee15a00c77,connect,176674530#1f,4229539#1f,"7.4246137,43.7388584",start,start,,,true
0181bcac5a209f822549,connect,150050283#1f,150050283#2r,"7.4173891,43.7299374",end,end,,,true
018d3b0e570f368e1ab0,connect,4230006#1f,4230009#1r,"7.4272971,43.7397122",start,start,,,true
0191ea35188c383515b3,connect,850261601#1f,850261601#2f,"7.4294240,43.7393375",end,start,,,true
01931ce653ce77b1569b,connect,1131276185#1f,1131276185#2f,"7.4352054,43.7481634",end,start,,,true
01935c37b685b648f646,connect,165636039#1f,35092477#2f,"7.4304242,43.7412903",end,end,,,true
0199abf0236432678d6f,connect,120113155#4f,166643410#1f,"7.4180580,43.7343652",end,start,,,true
01a59ebae39c60eef6f1,connect,851792659#1f,92627433#1f,"7.4131311,43.7308615",end,start,,,true
01aa6fff40fe83aad513,connect,766768153#3r,766768153#4f,"7.4224070,43.7337299",start,start,,,true
01ae07aac0b8950ef4bc,connect,158215176#1f,158215176#1r,"7.4176073,43.7274902",end,start,,,true
01ba8c0618be3dc56315,connect,166399500#4f,835609340#1r,"7.4156689,43.7291127",start,end,,,true
01c073ae738ee6a3123e,connect,166399498#1f,503550472#1f,"7.4181048,43.7375494",end,start,,,true
01c17d09e2ffd023842d,connect,158215205#5f,92627406#6r,"7.4203314,43.7267705",end,start,,,true
01d4dff40e9911a27ad5,connect,254596487#1f,92627415#1f,"7.4298880,43.7402056",end,end,,,true
01ddd11d894cd856f152,connect,833633729#2f,833633729#2r,"7.4194061,43.7285766",end,start,,,true
01df4bc694b96afc78fd,connect,167625719#2f,687577826#2f,"7.4227580,43.7298507",start,end,,,true
01e0943a595e11473291,connect,158215180#5f,158215180#6f,"7.4188291,43.7253728",end,start,,,true
01e43e9b52c39cce79a7,connect,308214646#2f,308214646#3f,"7.4270648,43.7394705",end,start,,,true
01e7378f8d05c3f706e6,connect,1452797913#1f,1452797914#2r,"7.4316187,43.7459440",end,end,,,true
01ed6d46b1bcc6bfe28c,connect,176684623#1r,8352246#2f,"7.4209665,43.7366135",end,start,,,true
01ef2edaa3e55add594b,connect,423632277#1f,423652238#1f,"7.4120155,43.7281181",start,end,,,true
01f6c22e62a28b1fe1a7,connect,1365041486#2r,4230891#2f,"7.4294579,43.7386365",start,end,,,true
01f7a33232ff7fda56f7,connect,318654737#1f,318654737#1r,"7.4148737,43.7284100",start,end,,,true
01fdd97ad077a76ce09c,connect,503462472#1f,503462472#2f,"7.4137527,43.7272925",end,start,,,true
020cef6d7c8a48e2286d,connect,1019174508#1f,1081601380#3r,"7.4217098,43.7335584",end,start,,,true
021fea5f48f724d6d407,connect,503434369#1f,990669428#1f,"7.4136512,43.7333427",start,end,,,true
022a062a3f34786f2387,connect,158215184#1f,158215184#1r,"7.4188008,43.7277330",start,end,,,true
02334a1c8e5b36a505df,connect,686878340#1f,686878340#1r,"7.4163956,43.7367559",start,end,,,true
0239b0155731a748cbbd,connect,850261602#6f,850261602#6r,"7.4282679,43.7403863",end,start,,,true
023bbbcdc8304021b27e,connect,317925725#1r,317925725#2f,"7.4144363,43.7338298",start,start,,,true
02435e62f732dee2599a,connect,182700007#1f,93137614#1f,"7.4343823,43.7473934",end,start,,,true
0248413b6b7c14ed39c2,connect,157719645#10f,157719645#9r,"7.4291274,43.7437824",start,start,,,true
024bded3a1d5c4a044cf,connect,503462459#1f,503462476#2f,"7.4170580,43.7299926",start,end,,,true
0254273a3ce8f79ca01d,connect,167625727#14f,833633729#2f,"7.4194061,43.7285766",end,end,,,true
026d528e6a135dff1764,connect,1342546111#1f,1342546111#2r,"7.4300201,43.7443380",end,end,,,true
0277e9942d635052f751,connect,166399478#9f,503462475#1f,"7.4179557,43.7283561",end,end,,,true
028138254fd8d3703cca,connect,25082741#3f,25082741#4f,"7.4247736,43.7371579",end,start,,,true
0293a120d8360e161e14,connect,176477341#1f,176477344#1f,"7.4228185,43.7374352",end,end,,,true
0297f686e4a86bfcda38,connect,943188283#1f,943188283#1r,"7.4193334,43.7381654",end,start,,,true
02984b1e74479b26f7be,connect,1342546092#1f,1342546092#2f,"7.4370667,43.7500023",end,start,,,true
029f9fc216bd2b7afa95,connect,161629440#1f,624357051#1f,"7.4376123,43.7516802",end,start,,,true
02a637201ec1330af14e,connect,1202361416#1r,1202361416#2r,"7.4247199,43.7391431",start,end,,,true
02a858db68ddc16496b4,connect,176682382#1f,92627441#1f,"7.4124987,43.7286071",start,end,,,true
02ad334c6571a5ed1320,connect,176752959#1f,93137606#1f,"7.4220391,43.7375157",end,start,,,true
02b06c2b8bd083f6ce9c,connect,166399488#2f,166399488#2r,"7.4185243,43.7367315",start,end,,,true
02b0a70095c9d0ce42e9,connect,161769679#2f,161769679#2r,"7.4277231,43.7387945",start,end,,,true
02ba1ad8c7aa40dc54fb,connect,849737746#2f,849737746#2r,"7.4179138,43.7290624",start,end,,,true
02c15cc7b5afcefea49f,connect,568187257#4f,568187257#5r,"7.4289249,43.7410938",end,end,,,true
02c6fc11f4dc9c6c2d05,connect,1019646823#1f,1019646823#2f,"7.4105613,43.7310656",end,start,,,true
02d24818e2040a0c08cf,connect,317925725#1r,503434369#2f,"7.4137621,43.7334251",end,end,,,true
02d904937e331b074790,connect,158215196#2f,833633729#1f,"7.4194137,43.7284996",end,start,,,true
02db9a1114e63a3d1f73,connect,1327492341#1f,952419569#1f,"7.4171229,43.7316079",start,start,,,true
02e635130ab5f2e607b1,connect,161752639#2f,161752639#2r,"7.4288463,43.7416416",end,start,,,true
02f2a6dbc27b318b7519,connect,4230891#3f,4230891#4r,"7.4303209,43.7402961",end,end,,,true
02f9b8374ad41af55ebc,connect,503783376#1f,503783376#1r,"7.4347588,43.7481430",end,start,,,true
02fd0d6c69e5ccc04afa,connect,92627406#5f,92627406#6r,"7.4199648,43.7270348",end,end,,,true
03177af423e2dc4ee19c,connect,25082741#4r,25082741#5r,"7.4249187,43.7371701",start,end,,,true
0317cfbd3ee882f1078d,connect,834185366#1f,834185366#1r,"7.4260964,43.7318418",start,end,,,true
0326dfb3e4efcc33c069,connect,4227209#1r,4227209#2r,"7.4237538,43.7311702",start,end,,,true
032bc0dca909876ab45e,connect,1449407308#1f,4098197#1f,"7.4315111,43.7470260",end,start,,,true
0330ccf1ead9b987527f,connect,176337641#3f,176337641#4r,"7.4154274,43.7363096",end,end,,,true
0342d1c454d3e531d0c1,connect,176674531#1f,176674531#2f,"7.4212270,43.7331634",end,start,,,true
03530b903da606297c85,connect,1449972042#1f,503447058#1f,"7.4190645,43.7324597",start,end,,,true
036947b86c5e8cb733d9,connect,161748261#4f,25179329#2r,"7.4289096,43.7414847",end,end,,,true
036b474d662c3464e07b,connect,254596488#1r,93137596#2f,"7.4306856,43.7452240",start,end,,,true
036f7502bc90f3b628b7,connect,93137560#1f,93137560#2f,"7.4308961,43.7457188",end,start,,,true
0387fad7b7215fa13779,connect,176334442#1f,176334442#1r,"7.4334983,43.7484416",start,end,,,true
038d4f8882f47a88327b,connect,176682382#2f,176682382#2r,"7.4130832,43.7291057",end,start,,,true
0397e5286ebd27a9041a,connect,95449780#1f,95449780#1r,"7.4193988,43.7379362",end,start,,,true
03996ad4b89eafae0659,connect,157719641#1f,157719641#1r,"7.4236490,43.7403378",start,end,,,true
03a4e3bc1d4ba6da6e67,connect,93137573#1r,93137614#1f,"7.4343823,43.7473934",end,start,,,true
03a603d8f464a13141cf,connect,165636046#1r,165636046#2r,"7.4257024,43.7406200",start,end,,,true
03af50340d90db17ca88,connect,1019174508#2f,1081601380#3r,"7.4217098,43.7335584",start,start,,,true
03b3ddbf8222d4e7ef6d,connect,157719645#7r,157719645#8f,"7.4285482,43.7424396",start,start,,,true
03c7e5bdc65d6968d9e5,connect,1197885781#1f,165636030#1f,"7.4263521,43.7315516",end,end,,,true
03c869c8d8c726771e90,connect,214636589#1r,214636589#2f,"7.4223122,43.7346973",start,start,,,true
03ca64f648803bebbc0f,connect,854880221#3f,854880221#4f,"7.4159033,43.7322153",end,start,,,true
03cc71bf8f6c6417c467,connect,166399487#5r,166399487#6f,"7.4163510,43.7350811",start,start,,,true
03cd740623974d420131,connect,1342546059#1r,693487406#4r,"7.4327848,43.7468236",end,start,,,true
03d087808a4c82f37e46,connect,1203858294#1f,952419570#1f,"7.4171888,43.7314765",end,end,,,true
03f6b3197e0ad1afd811,connect,4230106#2f,4230106#2r,"7.4334045,43.7489333",start,end,,,true
03fe66285dce24ad4001,connect,214635117#4f,214635117#4r,"7.4179643,43.7258768",end,start,,,true
0400c685f83e57e16c93,connect,166558488#1f,78147635#1r,"7.4279580,43.7328122",end,end,,,true
040f1414c0aad3ed5c03,connect,690914542#2f,690914542#2r,"7.4140690,43.7275875",start,end,,,true
04291bccef5423ec0d79,connect,624357051#1f,93207288#1f,"7.4374507,43.7517199",end,start,,,true
042fb722a59e7844abcb,connect,161733292#1r,850261602#7r,"7.4282679,43.7403863",end,end,,,true
043a57c9282083590e0c,connect,788197747#1f,943191877#1f,"7.4196733,43.7388253",end,end,,,true
043aff84cd36df524fe7,connect,200507331#1r,261740025#1f,"7.4144215,43.7278940",end,start,,,true
043c7e01ac7831482e42,connect,167625739#2f,167625739#2r,"7.4160245,43.7301706",start,end,,,true
0449c5359f4e77ac7164,connect,176682382#2f,176682382#3r,"7.4130832,43.7291057",end,end,,,true
045b16d6bfb9d92e8bdc,connect,201009264#1f,201009264#2r,"7.4131231,43.7301135",end,end,,,true
045f028b6b3d557e8169,connect,31900611#4f,31900611#4r,"7.4224410,43.7346741",start,end,,,true
046dded3e6e2502b3633,connect,165636031#5r,834185360#3f,"7.4270171,43.7320437",start,end,,,true
0470b46426440bfd8324,connect,92627418#1f,92627427#1r,"7.4273068,43.7376640",start,start,,,true
047e78558670dcbd17f5,connect,1342546064#4f,93137558#1f,"7.4326049,43.7468759",end,end,,,true
0482428b759cdc86c322,connect,165636031#5r,165636031#6f,"7.4270171,43.7320437",start,start,,,true
0482ed2cc3d1abdab1db,connect,849737746#1r,849737746#2f,"7.4179138,43.7290624",start,start,,,true
04914e7bf93d11a34452,connect,262902068#1f,262902069#1f,"7.4205938,43.7345598",end,start,,,true
04932f1a62c331c6f0e0,connect,158215184#7f,158215184#7r,"7.4181426,43.7282837",start,end,,,true
04b410c7b53954ec052a,connect,25103757#1f,353889276#1f,"7.4301243,43.7417656",start,start,,,true
04c451f808217be10e3c,connect,503783373#1r,503783374#1f,"7.4319668,43.7465094",start,start,,,true
04c7c3b5fe17b16f56c5,connect,155085121#4f,155085121#5f,"7.4153184,43.7315203",end,start,,,true
04d277e67bb39e98fabf,connect,158189826#1f,261740025#1f,"7.4141701,43.7280669",start,end,,,true
04d5341bdee2b6ef7c7f,connect,166399478#4r,849737746#2f,"7.4178449,43.7290513",end,end,,,true
04d77caf26129dc28e5b,connect,161887491#1r,177396049#2f,"7.4295550,43.7344862",start,end,,,true
04e916c1896196ae006c,connect,214636589#1r,503475643#3r,"7.4222309,43.7350130",end,start,,,true
04ea749cffdb8226fda6,connect,35092475#2r,95825511#4f,"7.4265116,43.7386376",start,end,,,true
04ed38a86c6b7f4bdfa5,connect,158189831#3f,158189831#3r,"7.4104454,43.7289048",end,start,,,true
04ef332e0116365ef315,connect,1452797915#1f,1452797915#1r,"7.4320893,43.7459278",start,end,,,true
04f3c3e6bf3bf403b49b,connect,156780348#1f,689855606#1f,"7.4191759,43.7388562",end,start,,,true
04f45b08572f08bc8cbf,connect,503434401#1f,503447059#2f,"7.4196227,43.7322971",start,end,,,true
0504f6de2af5c762308a,connect,4229298#1f,4229298#2f,"7.4294380,43.7456071",end,start,,,true
050a7ebbed58b6b5a1d4,connect,503462476#1f,503462476#2f,"7.4170658,43.7299679",end,start,,,true
0513e56cedd678933861,connect,165636031#4f,834313093#1r,"7.4270858,43.7325551",start,end,,,true
0532e0d2b157fc8f3b0d,connect,1365041529#2f,166399500#2f,"7.4156194,43.7290766",end,end,,,true
053eed72168ae15d0977,connect,165636046#1f,166009791#1r,"7.4256731,43.7405657",start,start,,,true
0543f0f993d4e825508e,connect,67923339#1r,67923339#2r,"7.4154533,43.7357599",start,end,,,true
054f5dd473340f4ce85b,connect,1082312612#1f,1082312612#2f,"7.4195013,43.7276968",end,start,,,true
0566376cbad1f05030b8,connect,165636031#1r,165636031#2r,"7.4232442,43.7319150",start,end,,,true
057e6f3a36ff278b62ba,connect,176333307#2f,176333307#3f,"7.4289397,43.7443005",end,start,,,true
057ea8b27318ed9ce1c7,connect,1082515450#1f,809470168#1f,"7.4276779,43.7390344",start,start,,,true
0582a52394ee810e91ff,connect,166149542#3f,166149542#4r,"7.4195128,43.7367973",end,end,,,true
0589a1ccb054a3eb6654,connect,92627406#2r,92627406#3f,"7.4195101,43.7276397",start,start,,,true
058ab79e37651f974a4c,connect,166399478#2f,166399478#3f,"7.4177071,43.7293685",end,start,,,true
058bbf32a81a658795bd,connect,1549110527#1f,1549110527#1r,"7.4125938,43.7302884",start,end,,,true
0599006d15fe154838fd,connect,166399501#5r,568187257#5f,"7.4288124,43.7411123",start,end,,,true
05b2226f4ff7fe3b4e57,connect,128273231#1r,4230106#3r,"7.4327711,43.7485850",end,start,,,true
05bd49d8619e66c10987,connect,503783377#1f,929856547#1r,"7.4357328,43.7486711",end,end,,,true
05c07a43b1f8c9d8cf3f,connect,128273234#1f,128273234#1r,"7.4323674,43.7489310",start,end,,,true
05c0cd2aa7bd4ffb781c,connect,1233853668#2f,1233853668#2r,"7.4150352,43.7343461",end,start,,,true
05cedfdb427c99159acc,connect,1549110527#1r,360063232#1f,"7.4125925,43.7302403",start,start,,,true
05db7e6d0e73f958570e,connect,167625719#2f,687577826#2r,"7.4227580,43.7298507",start,start,,,true
05dd6162401a43220653,connect,166399500#3f,835609340#1r,"7.4156689,43.7291127",end,end,,,true
05e159a5a1e904357f7e,connect,1212029940#1f,731585432#1f,"7.4147839,43.7306609",start,start,,,true
05f87f0149b406c6ce46,connect,35092475#1r,4097656#1r,"7.4259881,43.7389156",end,end,,,true
05f8d24f38f82f16d463,connect,200507666#1f,850230913#1f,"7.4214327,43.7312463",start,end,,,true
05fa0b9f57804c15dd75,connect,158215196#1f,177052555#1f,"7.4194392,43.7281402",end,start,,,true
06077c15bdea02862dcd,connect,360063233#1r,360063233#2r,"7.4128541,43.7299988",start,end,,,true
060ee7d9f7d2198dfa4c,connect,166399478#9r,503462475#1f,"7.4179557,43.7283561",start,end,,,true
061792606143e8c9ffd2,connect,863835496#1f,863835496#1r,"7.4179059,43.7326892",end,start,,,true
0636227394e893b9c97f,connect,161887489#1f,503559464#3f,"7.4277815,43.7335806",start,start,,,true
063f48b518a7beee2013,connect,233894501#2f,348019480#1f,"7.4254466,43.7371178",end,start,,,true
064293f143e716aed34b,connect,176085754#1f,176085755#1f,"7.4300833,43.7410224",end,start,,,true
064458ed09f441989b55,connect,166149542#1f,254596870#2r,"7.4172340,43.7342644",start,start,,,true
0649fec558fe2bfbf36a,connect,158215184#4r,158215184#5r,"7.4185546,43.7281517",start,end,,,true
064d0a3f29d2c50dd8ca,connect,1452797913#1r,1452797914#2r,"7.4316187,43.7459440",start,end,,,true
066b9d3ee843b3bf0caf,connect,1326369794#1r,1443870918#1f,"7.4362314,43.7491905",end,end,,,true
067819358ac01a3ec342,connect,106705723#1f,106705723#2f,"7.4195480,43.7378331",end,start,,,true
06844f45808b7939de12,connect,4229326#1f,8135845#1f,"7.4196126,43.7376408",start,end,,,true
068caf38595ce6397cf4,connect,1203522177#1r,4230099#6r,"7.4368502,43.7502536",start,end,,,true
069133de20670962ad98,connect,158007911#1f,158007925#1f,"7.4274165,43.7313124",end,start,,,true
06a6353561795ca13614,connect,159170458#2r,159170458#3r,"7.4172167,43.7341419",start,end,,,true
06a6a18ee07aaa9024b9,connect,120113156#1f,120113156#2r,"7.4203651,43.7379469",end,end,,,true
06bb0ac642eae53b51ca,connect,212764303#2f,423632277#1f,"7.4120155,43.7281181",end,start,,,true
06bc1add536b22f6e9d6,connect,689855607#1f,689855607#1r,"7.4191546,43.7388973",end,start,,,true
06bd0fc5c6b971b2d3a9,connect,177232619#5f,778494667#1f,"7.4263430,43.7398449",start,start,,,true
06c2e3fcfe60d0ccbcc4,connect,4230105#4f,4230106#1f,"7.4334931,43.7488563",end,start,,,true
06cb0e81ff4e16510250,connect,334367775#1f,334367775#1r,"7.4230861,43.7401717",end,start,,,true
06cc469a2762cd8feeed,connect,1342546058#1f,1342546059#1f,"7.4319445,43.7461974",end,end,,,true
06cdc961500dd459ee86,connect,1314186412#1f,94399437#2f,"7.4184341,43.7363551",start,start,,,true
06d57a3e237e208de9e7,connect,572941874#2f,572941874#2r,"7.4280638,43.7386121",start,end,,,true
06ecf96c55e74a41d63f,connect,176334441#1f,176334441#1r,"7.4131027,43.7299349",start,end,,,true
071aabdf98eb66b2c9f8,connect,106705725#2f,943191877#1f,"7.4195296,43.7387607",end,start,,,true
0720293860937cc64492,connect,120113155#2f,120113155#3f,"7.4181469,43.7344518",end,start,,,true
0729dd989223e1f69545,connect,348748065#1f,348748065#1r,"7.4179191,43.7284751",start,end,,,true
0763371c5c89ecf386fc,connect,1174006400#1f,1174006401#1f,"7.4308480,43.7454979",start,end,,,true
078382bb7b2b878292f5,connect,503783374#1f,503783374#1r,"7.4318231,43.7465487",end,start,,,true
079e40393100d5db662e,connect,1342546088#1r,4230099#9f,"7.4362389,43.7497178",start,start,,,true
07a419e7e09372ff37e5,connect,158189830#1f,158189830#1r,"7.4105039,43.7292085",start,end,,,true
07b0e69eaac9c202c814,connect,4227208#1r,834185366#2r,"7.4262064,43.7317676",start,start,,,true
07b30579317770f1bedc,connect,158189817#1r,158189817#2f,"7.4162353,43.7285095",start,start,,,true
07bf88048bd4b1f9b8a3,connect,261740026#1f,261740026#2f,"7.4148939,43.7286582",end,start,,,true
07d89f259c1d96bbcef2,connect,157719698#5f,166009791#1f,"7.4256731,43.7405657",end,end,,,true
07dbce1bb16503f2e32d,connect,176682382#3f,176682382#3r,"7.4132672,43.7294251",end,start,,,true
07e0941abdb1e6fced13,connect,161752639#2r,161752642#1r,"7.4288463,43.7416416",start,end,,,true
07ec6b83239d819a84d1,connect,78149827#1r,92627403#1f,"7.4252100,43.7374505",end,end,,,true
07ed6136b64aa4daeff1,connect,92627414#1f,92627414#2f,"7.4187210,43.7275788",end,start,,,true
07eec192ac2ce52cda65,connect,664388472#1f,664388473#1r,"7.4385587,43.7490135",start,start,,,true
08043db0a32a9af3b9d9,connect,1449972041#2f,165636064#1f,"7.4217176,43.7369324",end,start,,,true
080699e9119f98f52cd6,connect,176776331#3f,176776331#4f,"7.4212950,43.7344214",end,start,,,true
08156aee0dc73187b0ad,connect,176333304#3f,4230098#2f,"7.4331785,43.7493546",start,end,,,true
081640c6310c168d74d1,connect,1202361416#1f,1202361416#1r,"7.4247199,43.7391431",end,start,,,true
082532e4ed56baff204d,connect,503783376#1f,503783376#2r,"7.4347588,43.7481430",end,end,,,true
0826364f2029b3252f4c,connect,155085109#1f,155085109#1r,"7.4136512,43.7333427",end,start,,,true
08350f9ebda084a29199,connect,214635117#3f,214635117#3r,"7.4179149,43.7259119",end,start,,,true
08376f0e7f7441fbf96d,connect,176682613#1f,176682613#1r,"7.4130832,43.7291057",end,start,,,true
084cc5c636659b1f918f,connect,166009794#1f,503434389#1f,"7.4268674,43.7416515",start,start,,,true
0851a6deab8a16e65e95,connect,67923338#1f,67923338#1r,"7.4184041,43.7367574",end,start,,,true
085353c8550309ca6d1d,connect,1342546058#3f,182700002#5f,"7.4323255,43.7460116",end,start,,,true
085499c72c0483d95521,connect,690914543#2f,690914543#2r,"7.4143214,43.7277005",start,end,,,true
087872b7529e5d34c1b9,connect,503783374#1f,503783374#1r,"7.4319668,43.7465094",start,end,,,true
087e43a34d7e527c8869,connect,176336114#2f,176336114#3f,"7.4231169,43.7384790",end,start,,,true
088f69cac5b54450d4f1,connect,1342556412#1f,1342556412#1r,"7.4342287,43.7480954",end,start,,,true
08990aa9f9b551f88d9e,connect,155085121#3f,155085121#4f,"7.4145847,43.7325813",end,start,,,true
089f0f0bca77513a879f,connect,1203843643#1f,353889390#1r,"7.4129686,43.7295886",end,end,,,true
08a40f61f17420d82551,connect,4229326#1r,95449780#1r,"7.4194711,43.7377612",start,end,,,true
08ad3d8e5507831d7dc4,connect,92627406#1f,92627406#2r,"7.4190183,43.7276721",end,end,,,true
08bc25fb9c3a945136d2,connect,254596870#1r,254596870#2r,"7.4174145,43.7341601",start,end,,,true
08c5754cd74e2c63ee0a,connect,448186736#4f,448186736#4r,"7.4177486,43.7255243",end,start,,,true
08ca3369210e53d85c6b,connect,166149542#3f,166149542#4f,"7.4195128,43.7367973",end,start,,,true
08d85b02e3b0d838da33,connect,164338247#2f,164338247#2r,"7.4283283,43.7421754",start,end,,,true
08f1cc2c691591b591f6,connect,157719649#1f,166009792#3f,"7.4228610,43.7395679",start,end,,,true
08ff7af16d97cf7cd140,connect,4229537#1f,4229539#3f,"7.4256506,43.7386004",start,end,,,true
090e75215a895792646b,connect,164338241#4f,166009792#4r,"7.4224194,43.7394287",end,start,,,true
091059a9aac4d564376f,connect,4227277#1f,4227277#2f,"7.4178064,43.7323416",end,start,,,true
0918b6f756358af1f502,connect,150050283#2f,150050283#3f,"7.4175592,43.7300775",end,start,,,true
0925b820163d2f102466,connect,167625740#3f,4227212#1f,"7.4250254,43.7314291",end,end,,,true
093ba4d67faa1e90b252,connect,4230891#2f,4230891#3r,"7.4294579,43.7386365",end,end,,,true
093de5ad72c3acfebc03,connect,834185366#1r,834185366#2f,"7.4261756,43.7317958",start,start,,,true
094d2af6e13a366a4068,connect,177590090#1r,177590090#2f,"7.4284800,43.7424501",start,start,,,true
094e37f5eb909703135c,connect,503783373#1f,93137558#1r,"7.4319668,43.7465094",end,end,,,true
0950cc379cf8391be40a,connect,850261601#3f,850261602#1f,"7.4293684,43.7398637",end,start,,,true
096d1ae62102e79dceba,connect,164338219#3f,4227158#1f,"7.4241358,43.7312799",end,start,,,true
096df2d16a0bfa966c45,connect,1449407307#1f,1449407307#1r,"7.4313788,43.7469299",end,start,,,true
0985750d2e77375ea9be,connect,31900636#1r,31900636#2f,"7.4232919,43.7347717",start,start,,,true
09931e0d4a547341a072,connect,158189815#1f,176577460#1f,"7.4143945,43.7289873",start,start,,,true
0997cc11e604a1f9cc7d,connect,1451501763#1r,25082741#6f,"7.4254806,43.7372286",end,end,,,true
09bd0b3c44d7c48b984a,connect,689855606#1r,689855607#1f,"7.4191759,43.7388562",end,start,,,true
09cb3ecc82f122f4f904,connect,254596486#1f,254596486#1r,"7.4240136,43.7373476",start,end,,,true
09ce39fdcc1f3b2abea7,connect,503783375#1f,503783375#1r,"7.4316525,43.7463288",end,start,,,true
09cea4b3c93bfc9df54e,connect,166643408#1f,166643408#2r,"7.4168951,43.7325325",end,end,,,true
09d2d0e7c75291e8e017,connect,159170458#1f,159170458#2r,"7.4171729,43.7329860",end,end,,,true
09d97f04c5ea66587a6d,connect,158215178#1r,849737729#1f,"7.4177043,43.7265896",end,end,,,true
09e4b36642e7901e1f9a,connect,157719662#2f,962525763#1f,"7.4235192,43.7406289",start,start,,,true
09e69ff90354098a57dc,connect,1342546058#1r,1342546059#1r,"7.4319445,43.7461974",start,start,,,true
09e7c599094b7e13726a,connect,25082741#3r,446542424#2f,"7.4247736,43.7371579",start,end,,,true
09f12f29947464b634aa,connect,503633029#1f,93207291#1f,"7.4379857,43.7512232",end,start,,,true
0a015765ed5a862dd1d0,connect,166399497#1f,68814578#1f,"7.4173557,43.7372467",start,start,,,true
0a19e52c34e243b89408,connect,4097656#5f,4097656#5r,"7.4252293,43.7396860",start,end,,,true
0a1e4b732e9ca8b35cd0,connect,176774211#1r,176774263#3f,"7.4220781,43.7322379",start,start,,,true
0a2baeb4645a8ed49814,connect,360063227#1f,360063227#1r,"7.4120630,43.7282935",start,end,,,true
0a2eafb5c81bd798656d,connect,50501897#2f,93137593#1f,"7.4347366,43.7477096",start,end,,,true
0a31bb45c89050dde636,connect,177231049#1r,181479771#3f,"7.4154840,43.7349756",end,start,,,true
0a33515665d74c48b640,connect,1086377386#1f,1086377386#2r,"7.4388102,43.7493678",end,end,,,true
0a359461b004c7e7b0c0,connect,182692350#1f,503462461#2f,"7.4151640,43.7286126",start,end,,,true
0a44c8958b1a7d761f53,connect,690914540#1f,690914540#1r,"7.4139682,43.7275899",start,end,,,true
0a5e7d0ac3a1d527ffc0,connect,1086377386#2f,1086377386#2r,"7.4388102,43.7493678",start,end,,,true
0a6cda0abb4470eca4b1,connect,156772047#7r,156772047#8f,"7.4291221,43.7389623",start,start,,,true
0a72ad81ce07a4b6180f,connect,166399483#1f,80378485#1f,"7.4207655,43.7317087",start,start,,,true
0a7ff21ead4fac85d910,connect,1082312613#1f,1082312613#2f,"7.4198425,43.7275973",end,start,,,true
0a828430b4330f00d776,connect,176334446#1f,25103769#1f,"7.4297697,43.7410018",start,start,,,true
0a9514e3c6eb7dee698a,connect,214636589#1f,503475643#3r,"7.4222309,43.7350130",start,start,,,true
0a9b06356a01395d6ce9,connect,1342546111#2f,1342546111#2r,"7.4300201,43.7443380",start,end,,,true
0a9bb18d93aa9d1bc62c,connect,226201294#1r,446542427#3r,"7.4268130,43.7371633",end,start,,,true
0aa29a90b67e07490a14,connect,4229292#1f,80377817#2f,"7.4158156,43.7307906",start,end,,,true
0ab34a4864ccbb4e1ca6,connect,850261580#2f,850261580#2r,"7.4254766,43.7315852",end,start,,,true
0ab4088110a51fff3966,connect,766768153#5f,766768153#6r,"7.4234145,43.7327155",end,end,,,true
0ab60ba7bad277b204da,connect,157719645#7f,157719645#8r,"7.4285482,43.7424396",end,end,,,true
0abb2b0ac390f97c6803,connect,176682382#1f,176682384#1r,"7.4125829,43.7285141",end,end,,,true
0abe4ba7cc5c3126f729,connect,254596870#2f,254596870#2r,"7.4172340,43.7342644",end,start,,,true
0ac1a47dffc0ba7c52ef,connect,4230083#1f,503633029#1f,"7.4379117,43.7513654",start,start,,,true
0ace2c2a4ada4e1fbc9b,connect,1449972057#1f,503434383#1f,"7.4136007,43.7318988",start,end,,,true
0ae0e4fe5b2ba4dc327d,connect,1034851195#1r,161752639#1r,"7.4289072,43.7416370",end,end,,,true
0ae121d1b71d94fd56b2,connect,78147639#1r,78147639#2r,"7.4274531,43.7317736",start,end,,,true
0aeb0e4fe10bf78db8a3,connect,155085119#1f,155085119#2r,"7.4144288,43.7343738",end,end,,,true
0aefcbc97d4d595d237f,connect,176293207#1f,176293207#2f,"7.4207360,43.7343802",end,start,,,true
0af6be8ffad14e253c41,connect,176682382#2f,176682613#1f,"7.4130832,43.7291057",end,end,,,true
0af6e775df4063f35ecf,connect,254596486#2r,35092475#5r,"7.4264265,43.7378776",start,start,,,true
0afa4951654c28e2c90e,connect,688731299#2f,688731299#3r,"7.4143793,43.7324430",end,end,,,true
0b002a096d291a12a9c6,connect,31900625#1f,31900625#1r,"7.4225136,43.7346600",start,end,,,true
0b02aaf8193b9ec39092,connect,503434375#1f,503550469#1f,"7.4190775,43.7372207",start,start,,,true
0b1095e43b8438b5a932,connect,177590093#1f,177590093#1r,"7.4347588,43.7481430",start,end,,,true
0b1493bbe6913bb4780e,connect,166399478#2r,177052556#3f,"7.4177071,43.7293685",start,end,,,true
0b1ac3f8ddd72a19b9de,connect,93137627#2f,93137627#2r,"7.4279512,43.7385330",start,end,,,true
0b341e9deeaf32953660,connect,1443764724#1f,176334442#2r,"7.4346497,43.7490410",start,start,,,true
0b359161355d1197e347,connect,4227216#1r,766768153#6f,"7.4234484,43.7326800",end,end,,,true
0b3e41aec2bf0bd3d15e,connect,159170517#4f,159170522#4f,"7.4196441,43.7342962",end,start,,,true
0b4328d0261e3bda60ca,connect,160004399#2f,160004399#2r,"7.4261538,43.7373955",end,start,,,true
0b471bbf6a9983cb10ee,connect,1086377398#2f,503633032#5f,"7.4361604,43.7486422",end,start,,,true
0b4da7a3ae975e7d898e,connect,503813544#1r,93091319#3f,"7.4183455,43.7320769",start,end,,,true
0b50d421e8b23702c49e,connect,1082312612#1r,1082312612#2f,"7.4195013,43.7276968",start,start,,,true
0b691c0d14f6e9473348,connect,161887491#1f,177396034#1f,"7.4295550,43.7344862",end,start,,,true
0b6c77e1772d4d02aa7d,connect,166399487#2r,177231047#1r,"7.4157229,43.7336596",start,end,,,true
0b78934af30206a162b9,connect,177052163#2f,177052163#2r,"7.4169073,43.7266652",end,start,,,true
0b9c477a93729b23d23f,connect,157719645#5f,157719645#5r,"7.4283093,43.7418409",start,end,,,true
0bab465e3cc4a7d6290f,connect,165636047#1r,176333307#4f,"7.4292417,43.7449588",end,end,,,true
0bbc3b004f6b578bdf87,connect,158189819#1r,200507331#1r,"7.4144215,43.7278940",start,end,,,true
0bc4b091179482ea0b83,connect,503462475#1f,503462475#3f,"7.4180060,43.7283180",start,end,,,true
0bcb532b30f4b8b14a2b,connect,334520662#1f,334520662#1r,"7.4120098,43.7281136",start,end,,,true
0bd12bf9da3ae1d9ea08,connect,159170496#2f,159170496#3f,"7.4202180,43.7337579",end,start,,,true
0bdcf09a4bc8aa07d617,connect,166399488#3f,503434362#1f,"7.4189979,43.7371197",end,start,,,true
0bdd2311c2cbe2c2d3f0,connect,168959163#3f,335740503#1f,"7.4178807,43.7343466",end,start,,,true
0bffa83ae90bfcb7f3bb,connect,1451501745#1f,161882795#1f,"7.4227470,43.7324817",end,start,,,true
0c055e2511b994b6b5c6,connect,423632264#2r,503813542#1f,"7.4178089,43.7318525",start,start,,,true
0c1896cb05811ff626a1,connect,35092475#1f,4097656#1f,"7.4259881,43.7389156",start,start,,,true
0c1c737e8b679390c2c6,connect,158189831#3f,158189831#3r,"7.4104585,43.7289212",start,end,,,true
0c259a0310a5db144907,connect,164338244#1f,334368435#1r,"7.4246341,43.7409699",end,end,,,true
0c269f781540207d3610,connect,254596488#1f,503783369#1r,"7.4301941,43.7443870",start,end,,,true
0c2988c5c2baeea4bf8a,connect,503475647#1f,503475647#2f,"7.4181417,43.7327220",end,start,,,true
0c302438ba9e1cfea541,connect,164338241#2f,164338241#3f,"7.4221328,43.7396324",end,start,,,true
0c335f5a88318d22d75f,connect,168104483#1f,176336114#4f,"7.4230544,43.7385861",start,end,,,true
0c39ac0676c69944ce8d,connect,568187257#4f,568187257#4r,"7.4289249,43.7410938",end,start,,,true
0c39b1ab6eaddb0a5fa4,connect,166856356#1f,4230119#1r,"7.4296109,43.7466980",end,end,,,true
0c3fb2ec28d35b55dab6,connect,503813544#1f,93091319#3f,"7.4183455,43.7320769",end,end,,,true
0c489ea0b0384619511b,connect,33749607#1r,33749607#2f,"7.4176721,43.7355507",start,start,,,true
0c5d04ec8671b61fabc9,connect,4230105#3r,4230105#4r,"7.4334951,43.7488339",start,end,,,true
0c603c4df82eaa805b59,connect,157719668#2f,164338243#1f,"7.4236490,43.7403378",end,start,,,true
0c63f621d26ec8098605,connect,158215180#2f,214635117#8f,"7.4186176,43.7254261",start,end,,,true
0c645403f886d7224f68,connect,1314186421#2f,1314186421#2r,"7.4178532,43.7287604",start,end,,,true
0c66984925a47b0ed35a,connect,157719644#1r,4227272#1f,"7.4221175,43.7370216",end,start,,,true
0c72e82b1306183c8361,connect,1203849334#2f,262902069#1f,"7.4204923,43.7349268",end,end,,,true
0c78c8a39ec816ce7c0e,connect,177590093#1r,177590093#2r,"7.4347165,43.7481775",start,end,,,true
0c82371a15931702ed81,connect,158215184#1r,158215184#2r,"7.4187697,43.7278398",start,end,,,true
0c8596ec167e6e03d902,connect,850261602#2f,850261602#2r,"7.4292741,43.7401071",end,start,,,true
0c89a4e8cc94ad98f318,connect,4230099#4f,4230099#4r,"7.4369421,43.7503705",end,start,,,true
0c8c7e7341bcb2b09714,connect,448186736#5r,448186736#6r,"7.4178419,43.7254583",start,end,,,true
0c9999458d6fff52c943,connect,166149542#5f,166149542#6f,"7.4197104,43.7369463",end,start,,,true
0c9fee6738bd115ad80e,connect,1442119701#1f,212766110#1f,"7.4139866,43.7273444",end,start,,,true
0ca60b1fa59fdd3e30b2,connect,4230891#4f,4230891#4r,"7.4303209,43.7402961",start,end,,,true
0ccae8d4aea03c3353d8,connect,161769679#3f,161769679#3r,"7.4278577,43.7386674",end,start,,,true
0ccd4c58d765d45e9deb,connect,1238339144#2f,93137575#1r,"7.4316697,43.7450773",start,end,,,true
0cd34f21264dde182a12,connect,254596489#1f,254596489#1r,"7.4237917,43.7375487",start,end,,,true
0cdda5914b2c61a78c70,connect,4227216#2r,4227216#3f,"7.4245672,43.7329107",start,start,,,true
0cef884352ef71a8fcfd,connect,157719645#1f,157719645#2f,"7.4271661,43.7406985",end,start,,,true
0d156f23041d72cc1330,connect,157719668#1r,157719668#2f,"7.4238054,43.7399519",start,start,,,true
0d1ed47f0fd9224e2e71,connect,1202747622#2r,158215176#1f,"7.4180507,43.7272654",start,start,,,true
0d23445a78cad54dc095,connect,4097656#4r,4097656#5f,"7.4252293,43.7396860",start,start,,,true
0d2ae872bc98ec2ba4de,connect,39838824#1f,788120422#1f,"7.4244852,43.7403809",start,end,,,true
0d2d8bdbfb4c335319d5,connect,168104483#1f,176336113#1f,"7.4228529,43.7390946",end,start,,,true
0d49a2dff8840fdecf2c,connect,1001561438#1r,435061380#1f,"7.4129989,43.7311411",start,start,,,true
0d5328c7d43da66e717b,connect,169297863#1f,169297863#1r,"7.4245897,43.7323501",end,start,,,true
0d54bac514062e356d3d,connect,688731299#4f,688744015#1f,"7.4146411,43.7327438",start,start,,,true
0d638dcba9d89e29a1b3,connect,25103774#2f,41929969#1f,"7.4303598,43.7408882",end,end,,,true
0d771946fccbb1422517,connect,8352246#3f,8352246#4f,"7.4195648,43.7353926",end,start,,,true
0d773643d862ef3e27f1,connect,1410590319#1f,503434370#2r,"7.4130796,43.7335259",end,start,,,true
0d77be32818590755eaf,connect,155085119#4r,155085119#5f,"7.4145808,43.7349185",start,start,,,true
0d78f56803b4b8b95e57,connect,254596870#1r,33749606#1f,"7.4176139,43.7336615",end,start,,,true
0d7f8857f9ad5022b856,connect,398362860#1f,690653921#2f,"7.4174558,43.7318555",start,end,,,true
0d946cc254e2e4044492,connect,120113156#2f,946562629#1r,"7.4203758,43.7379838",end,end,,,true
0d9ccdf7c791eab946a1,connect,503550469#2f,503550472#1f,"7.4185257,43.7375409",end,end,,,true
0da5223c90131a325c32,connect,1082515450#1r,161752645#1f,"7.4276779,43.7390344",end,end,,,true
0da7155efe48c0067473,connect,4227216#3f,4227216#4f,"7.4251026,43.7330219",end,start,,,true
0db765c99c1fdb7f6d86,connect,157719647#7f,176674530#1r,"7.4246137,43.7388584",end,end,,,true
0db8a474362d5c45ce0b,connect,157719664#4f,166009791#1r,"7.4256003,43.7404449",end,end,,,true
0dbe3891de1f3658fe35,connect,155085119#1f,990669428#1f,"7.4136598,43.7334433",start,start,,,true
0dcda59e6c357a5ed933,connect,1202747622#1f,1202747622#1r,"7.4182279,43.7272596",end,start,,,true
0dd53713515c82d22aa3,connect,214635115#2f,214635115#2r,"7.4173406,43.7264722",start,end,,,true
0dddbd8ad1192f08f7e3,connect,157719698#2f,157719698#3f,"7.4266025,43.7400865",end,start,,,true
0ddeb60782bae22c87f3,connect,4230122#1r,4230122#2r,"7.4297607,43.7461300",start,end,,,true
0de76d8032f2cc392ee0,connect,166149542#4f,166149542#4r,"7.4195932,43.7368519",end,start,,,true
0df1f18645a985d55742,connect,1551240830#1f,35092475#4f,"7.4266414,43.7379299",start,end,,,true
0df3a806fcfa6f5ecdc9,connect,156772047#5f,156772047#5r,"7.4287155,43.7385771",start,end,,,true
0dfe083157b3a0f71b05,connect,503434370#1f,503434370#1r,"7.4140607,43.7345159",start,end,,,true
0e00aaeb757ca8d025d1,connect,157719645#4r,157719645#5f,"7.4283093,43.7418409",start,start,,,true
0e09519214af3981c387,connect,200502710#1f,4097656#3f,"7.4256829,43.7393282",start,end,,,true
0e0a658cba183e1ae1b1,connect,1342546088#1f,4230099#8f,"7.4362389,43.7497178",end,end,,,true
0e0c90325ec9a1143a0a,connect,176760116#1r,176760116#2r,"7.4352112,43.7484063",start,end,,,true
0e0fa1b8f0429778fbcb,connect,1202747623#1r,1202747623#2r,"7.4183021,43.7272339",start,end,,,true
0e10c3992ca88f6987d1,connect,334364604#1r,334365244#1r,"7.4223981,43.7410519",start,start,,,true
0e18cdbef241596e09f1,connect,31900625#1r,31900636#1r,"7.4232919,43.7347717",start,start,,,true
0e19b35b2f2ecb653be5,connect,158215197#1r,158215197#2r,"7.4185219,43.7255404",start,end,,,true
0e1be8adf066d28b06ff,connect,166149556#1f,166149556#1r,"7.4190942,43.7380836",start,end,,,true
0e2a05c7f24c24f29fb7,connect,1549110516#1r,1549110516#2r,"7.4128029,43.7303615",start,end,,,true
0e2fd42a81d53ec9fa39,connect,157719645#6r,164338247#1f,"7.4284853,43.7421636",end,start,,,true
0e34ed06d22833aa5160,connect,254596487#1f,92627405#1f,"7.4299244,43.7405561",start,end,,,true
0e3850efec6fc922c90c,connect,168104492#2f,168104492#2r,"7.4279341,43.7408914",end,start,,,true
0e4467563d4dcecefcef,connect,1326369794#1f,1443870918#1f,"7.4362314,43.7491905",start,end,,,true
0e4b8d703ab4fb27c6e7,connect,182700002#4f,182700002#5f,"7.4323255,43.7460116",end,start,,,true
0e5e7851c9b8c7647ed9,connect,1202361392#1r,157719645#3r,"7.4276654,43.7411907",start,end,,,true
0e5fefc203021dd97213,connect,503559464#2f,503559464#2r,"7.4277815,43.7335806",end,start,,,true
0e6050d0bafc8c5e3b1e,connect,167625737#2f,835382435#1f,"7.4212966,43.7324164",end,end,,,true
0e6a414a658c624d0da6,connect,446530366#1r,690915731#1r,"7.4145009,43.7283086",end,start,,,true
0e6b8e99762449b3ae2e,connect,1319454161#1f,1319454161#1r,"7.4163111,43.7325344",start,end,,,true
0e739be97ff9662953b1,connect,4230117#1f,4230118#2r,"7.4305927,43.7474010",start,start,,,true
0e9d459785ebbc643121,connect,176333307#1r,176333307#2r,"7.4286809,43.7437975",start,end,,,true
0eaedc7bb494bcc7994b,connect,35092475#3r,95825511#4f,"7.4265116,43.7386376",end,end,,,true
0eb1fac971a8a582ff43,connect,166399478#6f,849737743#2f,"7.4179020,43.7288018",start,end,,,true
0ebd5fd46b04d3111890,connect,1082312613#1r,1082312613#2r,"7.4198425,43.7275973",start,end,,,true
0ebd8b7b1a3cb846a6c9,connect,1034247204#2r,503638814#1f,"7.4368691,43.7497821",start,end,,,true
0ec9c006f4239b9d44c7,connect,503559464#4f,503559464#5f,"7.4286575,43.7340395",end,start,,,true
0eeb18c64947e0d19434,connect,1342556413#2f,1342556413#2r,"7.4344177,43.7479471",end,start,,,true
0eeb6f7ade0355a9dfe6,connect,1443764724#2f,1443764724#2r,"7.4357049,43.7490716",end,start,,,true
0ef3c238c575b38becd9,connect,8056051#5f,93137580#1f,"7.4384231,43.7493139",end,start,,,true
0efd54279e866ee1bb53,connect,92627426#2f,92627426#2r,"7.4236422,43.7279098",end,start,,,true
0f04f8e08c5fbcd5c9ee,connect,1449972059#1f,155085109#1r,"7.4134956,43.7320571",end,end,,,true
0f14ee22576a6d8c9e28,connect,1549110517#1r,1549110518#1r,"7.4125676,43.7306280",end,start,,,true
0f212f0604e75e9036db,connect,687577826#1f,687577826#2r,"7.4226229,43.7299232",end,end,,,true
0f25a4cd6aabdc57d5dd,connect,1131276184#2f,50501897#1f,"7.4350615,43.7481249",end,start,,,true
0f3146a73ac10a3c5c8a,connect,4230044#1f,503462465#3f,"7.4306447,43.7428212",start,end,,,true
0f3594e5931cf88bc1be,connect,943188283#1f,95449778#1f,"7.4193710,43.7381177",start,end,,,true
0f482f4449a1863787cb,connect,158189815#1f,166149571#1f,"7.4148008,43.7287089",end,start,,,true
0f69a58bb8ff9df20bf5,connect,1024523797#1r,177396051#1f,"7.4290575,43.7337991",end,start,,,true
0f760cffca27c0e5bfa5,connect,4227209#1f,4227209#1r,"7.4237538,43.7311702",end,start,,,true
0f770f7dc44533714a3e,connect,503638814#3f,503638814#3r,"7.4369557,43.7498418",start,end,,,true
0f7d4c217e15ca79c203,connect,166399478#7r,166399478#8f,"7.4179191,43.7284751",start,start,,,true
0f7e5001469594aaf14d,connect,690914543#1f,690914543#2r,"7.4143214,43.7277005",end,end,,,true
0f7e6a211b3fd41c7bec,connect,981971425#1f,981971425#2f,"7.4313239,43.7482224",end,start,,,true
0f815061225cf5bf603e,connect,503550463#1f,503550463#1r,"7.4183136,43.7272447",start,end,,,true
0f8a24633927e19a1efc,connect,4230105#4r,4230106#1r,"7.4334931,43.7488563",start,end,,,true
0f8e74948e228b9ec3d7,connect,1034247204#2r,503638814#2f,"7.4368691,43.7497821",start,start,,,true
0f9d380508f448770a11,connect,159170465#2f,159170465#2r,"7.4176317,43.7366515",end,start,,,true
0fa539e314c7886d8d15,connect,4230114#2f,4230114#2r,"7.4325490,43.7491481",end,start,,,true
0fae6cfd9441ede2c6e9,connect,25103769#1f,51691775#1f,"7.4297697,43.7410018",start,end,,,true
0faf253db8aaa42cbf9c,connect,1410590319#1f,1410590320#1f,"7.4129924,43.7334210",start,end,,,true
0fb9adb6b13e7471cca0,connect,128273232#1f,128273232#1r,"7.4362781,43.7494769",end,start,,,true
0fbc0ed812b78f06318b,connect,690914551#1f,804900034#1f,"7.4163655,43.7295806",start,end,,,true
0fbf5ef6dfa1169b88e3,connect,157719649#2f,334367775#1f,"7.4227856,43.7399258",end,start,,,true
0fe0923a5d3dfc332dc0,connect,4230122#3f,4230122#3r,"7.4301918,43.7463387",end,start,,,true
0feea6c9557be90ca8d1,connect,1342546111#1f,1342546111#1r,"7.4300201,43.7443380",end,start,,,true
0ff6e4aeb6b853c80d31,connect,850261602#6f,850261602#6r,"7.4286979,43.7404329",start,end,,,true
0ffe9748d3fd3d04d684,connect,503550472#1f,503550472#1r,"7.4185257,43.7375409",end,start,,,true
0ffef52f638ee5cef160,connect,220547252#1f,690914532#1f,"7.4132997,43.7274216",start,start,,,true
1006ec271f0483cb33e2,connect,157719644#1f,4227272#1f,"7.4221175,43.7370216",start,start,,,true
100b755ce9d2d5cf08d7,connect,166149542#1r,254596870#2r,"7.4172340,43.7342644",end,start,,,true
1015d7164ddf9068d5b8,connect,448186716#2f,448186716#2r,"7.4166582,43.7259970",end,start,,,true
1022a200cc0aa8e3e573,connect,157719644#3f,586268005#1r,"7.4236281,43.7372681",start,end,,,true
10275709f098c3099560,connect,201009264#1f,503753419#1f,"7.4149265,43.7308176",start,end,,,true
102b16031941f3fa6e73,connect,1086377398#1r,1086377398#2f,"7.4361963,43.7486042",start,start,,,true
103f8678f5a609419165,connect,177588308#1f,177588308#2r,"7.4269295,43.7420877",end,end,,,true
10492052fa9c1e814621,connect,4229325#2f,4229327#1r,"7.4196041,43.7377617",end,start,,,true
104e16c8a2b91cef2fca,connect,39839529#1r,39839529#2r,"7.4230516,43.7323963",start,end,,,true
106166a7a65954693871,connect,39839531#3f,39839531#4f,"7.4146247,43.7291531",end,start,,,true
106fc3ea0d33227c35ac,connect,687577826#1r,687577826#2r,"7.4226229,43.7299232",start,end,,,true
107cc0d97985a04c5f1f,connect,157719644#2r,586268005#1r,"7.4236281,43.7372681",start,end,,,true
107d1e817959e0480444,connect,159175448#2f,664388472#1f,"7.4383730,43.7492178",end,end,,,true
10a52b4bd4bf92883705,connect,501241476#1f,501241476#2f,"7.4141373,43.7271000",end,start,,,true
10b2391b006200302e3a,connect,503633033#1f,718025935#2f,"7.4301626,43.7417650",end,end,,,true
10b2450162ed7da3b18a,connect,35092475#4r,35092475#5r,"7.4266414,43.7379299",start,end,,,true
10b9151c0a3ddfc9ae3e,connect,200502086#2r,200502086#3f,"7.4245418,43.7396014",start,start,,,true
10c6333ffd8be70934ef,connect,278143574#1f,503702169#1f,"7.4164568,43.7296438",start,end,,,true
10c916f79ff668e9aafd,connect,165636047#2f,165636047#2r,"7.4292595,43.7449991",start,end,,,true
10d4f5234b92c8ac5307,connect,176337641#1r,176337641#2f,"7.4158534,43.7365344",start,start,,,true
10d95dc85be709ba767c,connect,4230011#2r,4230011#3r,"7.4270609,43.7406136",start,end,,,true
10d9de44415cd83f5d4d,connect,1233853668#3f,1233853668#3r,"7.4150835,43.7344132",end,start,,,true
10dc2463ca0a8b609660,connect,503434368#1f,503434368#2f,"7.4124375,43.7287537",end,start,,,true
10dee60d89f482e384ce,connect,159170465#1f,159170465#2r,"7.4174522,43.7365916",end,end,,,true
10e09ad7583facbae21c,connect,159175448#2f,159175448#3r,"7.4383730,43.7492178",end,end,,,true
10eb3cc152189e86109f,connect,568187257#3f,568187257#4f,"7.4291256,43.7407531",end,start,,,true
10f53c5ee942ac929e72,connect,572941874#3r,572941874#4f,"7.4281756,43.7386165",start,start,,,true
10fcbb9a55321432420f,connect,4230114#2r,4230114#3f,"7.4325490,43.7491481",start,start,,,true
110c88170982b9937e63,connect,158215197#1f,158215197#1r,"7.4184894,43.7255194",start,end,,,true
1116f94a700a7a54ed0e,connect,503475643#1r,503475643#2r,"7.4220901,43.7351390",start,end,,,true
111c7f7840b389655276,connect,166399489#1f,68814575#1f,"7.4173296,43.7371626",start,end,,,true
1125e88be77b4cbf1812,connect,503447059#2f,503813534#1r,"7.4196227,43.7322971",end,end,,,true
112992c04481ce2d6d25,connect,568187257#1r,568187257#2f,"7.4295996,43.7402054",start,start,,,true
1139e30f4b828df630b1,connect,165636031#5f,834185360#3r,"7.4270171,43.7320437",end,start,,,true
113b75bd6002e250810b,connect,834313093#2r,834313093#3r,"7.4274484,43.7326834",start,end,,,true
113c7bec73142d0fdecb,connect,164338230#2f,164338230#2r,"7.4197164,43.7339650",end,start,,,true
1144ccdaab7d7f5dc736,connect,851792659#1r,92627433#1f,"7.4131311,43.7308615",start,start,,,true
1144f2a4b23266127d92,connect,159170450#1r,254596870#1r,"7.4176139,43.7336615",start,end,,,true
1150ad8b8d559212f84a,connect,166399478#3f,177052556#3f,"7.4177071,43.7293685",start,end,,,true
1166be86cbc8b35a444a,connect,4227208#1r,834185366#2f,"7.4262064,43.7317676",start,end,,,true
116c7bead5138cb534d7,connect,1230398878#1f,1435532404#1f,"7.4382863,43.7496931",start,start,,,true
1179e6667722e5743d4a,connect,1428926458#1f,503475642#2r,"7.4221062,43.7366647",start,start,,,true
117c72842155b91139c8,connect,1233828725#1f,177546829#1f,"7.4291378,43.7450311",end,end,,,true
117fe61e1fa96379d488,connect,166399478#2f,166399478#3r,"7.4177071,43.7293685",end,end,,,true
11821c5aac3f77830f1f,connect,1034247204#2f,503638814#1f,"7.4368691,43.7497821",end,end,,,true
11883ec26352d90dcc87,connect,157719645#2r,157719645#3r,"7.4276654,43.7411907",start,end,,,true
11ad64939e74edd021aa,connect,176577460#4f,176577460#5r,"7.4139032,43.7293663",end,end,,,true
11ad7cf9a52a44422f9e,connect,4229274#1f,503462460#1f,"7.4169050,43.7298255",start,end,,,true
11bb42e90b1c04ade5b8,connect,159170458#1r,166643408#2f,"7.4171323,43.7329167",end,end,,,true
11bdf9fde0dc2046ff77,connect,503434360#1f,94399553#1f,"7.4167153,43.7357151",end,end,,,true
11c83c55c4a7a4ca2233,connect,1082312612#1f,1082312612#1r,"7.4195101,43.7276397",start,end,,,true
11cc6894385083a706c8,connect,161748259#1f,568187257#5r,"7.4289249,43.7410938",start,end,,,true
11ccd20731163c99fb35,connect,159170458#1r,159170458#2r,"7.4171729,43.7329860",start,end,,,true
11dde774fad8120a6ccf,connect,156188798#1f,156772047#7f,"7.4289548,43.7388035",end,start,,,true
11e4e106971034b35336,connect,161882795#2f,60767229#1f,"7.4222840,43.7327621",end,start,,,true
11f15f17d7afc25fc252,connect,158189831#1f,158189831#1r,"7.4105432,43.7291125",end,start,,,true
11f69e576b33a72f015c,connect,158189826#2f,690914532#1f,"7.4132997,43.7274216",end,start,,,true
120878c0c3b2977ff2fb,connect,176577460#3r,176577460#4f,"7.4139233,43.7293508",start,start,,,true
120d12b2de566628bdfb,connect,39839529#1r,4227241#1f,"7.4229757,43.7323832",end,start,,,true
1210812f69e2cddeabce,connect,25082741#6f,25082741#6r,"7.4253078,43.7372056",start,end,,,true
1212bd8d4e7b4b1282d1,connect,446542427#2f,446542427#3r,"7.4266982,43.7372385",end,end,,,true
1216d8b172d939c0c127,connect,158189826#1f,446530365#4f,"7.4141701,43.7280669",start,end,,,true
1222afce9b25da6ca6b3,connect,25082741#5f,25082741#6r,"7.4253078,43.7372056",end,end,,,true
1224cfbd8f4743e225a4,connect,155085108#1r,688731299#1f,"7.4145706,43.7317902",start,start,,,true
122ed4e6841f6ce701ba,connect,166399488#1f,166399488#1r,"7.4184263,43.7367055",start,end,,,true
122eddf5dbddbf996de1,connect,254596870#1f,254596870#2r,"7.4174145,43.7341601",end,end,,,true
12353045615165780c48,connect,31900611#4f,31900611#4r,"7.4223122,43.7346973",end,start,,,true
123dee50988f7937996d,connect,690131582#1f,690131582#2f,"7.4176840,43.7318523",end,start,,,true
123fbd8d24c5270fcbd5,connect,167625738#1f,4227198#2f,"7.4202234,43.7326573",start,end,,,true
12436ed179587d1d3b10,connect,254596487#1r,92627415#1f,"7.4298880,43.7402056",start,end,,,true
12475c99ab5c156f88d5,connect,177189425#3r,177189425#4r,"7.4170823,43.7263970",start,end,,,true
126b499c535a5d3e76a4,connect,165636031#5f,165636031#5r,"7.4272752,43.7324382",start,end,,,true
126d5f5a4c64e26542ac,connect,92627406#5r,92627406#6r,"7.4199648,43.7270348",start,end,,,true
126ee35ba15bae1a57dd,connect,503783373#1f,503783373#1r,"7.4316525,43.7463288",start,end,,,true
1272ee37d0d2c54a51f2,connect,181479771#6f,181479771#6r,"7.4163956,43.7367559",end,start,,,true
1278a896e9a62c59901c,connect,159170505#1f,176293207#1f,"7.4206431,43.7343829",end,start,,,true
127e00a6c30f5b56febe,connect,176757512#1f,503813544#1r,"7.4183455,43.7320769",start,start,,,true
129c58e5f7ef2630c295,connect,156772047#1f,156772047#1r,"7.4269813,43.7377491",end,start,,,true
12a6b044fd6e25cbdf36,connect,158215191#3r,158215191#4f,"7.4172435,43.7281684",start,start,,,true
12b2433ae66e69c514aa,connect,1549110516#4r,1549110527#1r,"7.4125938,43.7302884",start,end,,,true
12cb5dc3984bca189782,connect,166009792#6r,851792660#1f,"7.4200043,43.7387594",start,start,,,true
12defb840634225d1831,connect,161775593#1r,161775593#2r,"7.4231012,43.7369385",start,end,,,true
12e98055f31b095520c0,connect,448186716#1f,448186716#2f,"7.4166871,43.7263616",end,start,,,true
12ef822a8b4143efcbf9,connect,1449407308#1r,4098197#1r,"7.4315111,43.7470260",start,end,,,true
12f04ef06419acffd210,connect,177045628#1f,80378486#1f,"7.4214215,43.7318757",start,start,,,true
12f1d481457cc5a707ed,connect,120113156#1r,120113156#2f,"7.4203651,43.7379469",start,start,,,true
12f38384ac42030b2781,connect,4227157#1f,4227157#2f,"7.4232949,43.7315742",end,start,,,true
12f99478791a7bdb916d,connect,159170465#1f,159170465#1r,"7.4173020,43.7364794",start,end,,,true
1312a571494900a995e4,connect,166399484#1f,166399484#2f,"7.4217683,43.7369071",end,start,,,true
1317116210892aa4d54b,connect,159175448#3f,664388472#1r,"7.4383730,43.7492178",start,start,,,true
132042fc3891487727e6,connect,158189827#2f,446530366#1f,"7.4139742,43.7286918",end,end,,,true
134c4024550308276694,connect,338900930#2f,338900930#2r,"7.4350350,43.7493760",end,start,,,true
13585fc7cb3bfa1ac71a,connect,4229326#1f,4229326#1r,"7.4196126,43.7376408",start,end,,,true
135ecdecd9def43fa41e,connect,161775593#2r,503475642#1r,"7.4230269,43.7368624",start,end,,,true
1365a49d5fb0a900dfee,connect,1449972043#1f,850261580#1f,"7.4256911,43.7316275",end,start,,,true
1368e20b4679f0f0e88c,connect,166009795#1f,166009795#1r,"7.4193334,43.7381654",start,end,,,true
136a505096b1c418a69d,connect,159170535#1f,159170535#2f,"7.4201343,43.7340437",end,start,,,true
137399795a5e2676983d,connect,93137558#1f,93137558#1r,"7.4319668,43.7465094",start,end,,,true
137a062e8ae03bc7f6f7,connect,161882793#1f,168681959#1f,"7.4224166,43.7324782",end,start,,,true
137f6fc77c545c9b65a1,connect,158189827#2f,446530366#1r,"7.4139742,43.7286918",end,start,,,true
138ebbf7c0de4e8cbe82,connect,833633729#1f,833633729#2f,"7.4194109,43.7285315",end,start,,,true
138f2a280b2385d316fa,connect,664388472#1f,664388472#1r,"7.4385587,43.7490135",start,end,,,true
13933b73c9a855c15fa6,connect,503633032#1f,718024894#1f,"7.4355046,43.7483485",end,end,,,true
139cdf8726c345cc85b0,connect,1082312612#1r,1082312612#2r,"7.4195013,43.7276968",start,end,,,true
139eaa496613a3973588,connect,161769679#2r,161769679#3f,"7.4277645,43.7386667",start,start,,,true
13ab208c063dbe103046,connect,157719645#1f,157719645#2r,"7.4271661,43.7406985",end,end,,,true
13b56a3f586f62382696,connect,448285793#2f,503090215#1f,"7.4125771,43.7291392",end,start,,,true
13cc82af2335a079e05c,connect,158215184#1r,503462474#1f,"7.4188008,43.7277330",end,start,,,true
13d074a7e875f2da9436,connect,158215197#1r,158215197#2f,"7.4185219,43.7255404",start,start,,,true
13d49d368c840bbcdd75,connect,1365041523#1f,176577460#3r,"7.4141458,43.7291795",end,end,,,true
13dfe8c4123583342dec,connect,167625727#18f,167625727#19f,"7.4210933,43.7286711",end,start,,,true
13ec057f119b28b43c0c,connect,176477342#4f,35092475#1f,"7.4259881,43.7389156",end,start,,,true
13f674af950a5403de7e,connect,158007923#1f,158007923#1r,"7.4274310,43.7316427",end,start,,,true
13f877fd8a924d9c571f,connect,150050283#3f,450454878#1r,"7.4175592,43.7300775",start,end,,,true
13fa9af5e2a61c6b8932,connect,1082281156#2r,214635117#2f,"7.4175843,43.7261424",start,end,,,true
1416fedf85523024ba89,connect,1082312613#1r,92627406#5r,"7.4197532,43.7275894",end,end,,,true
14197c8ffabaed5653db,connect,1034247204#1r,1034247204#2r,"7.4367327,43.7497787",start,end,,,true
141a73838b6555f86ca0,connect,159170498#1f,686878369#1f,"7.4168696,43.7371118",start,end,,,true
14277287507ae2f30e5a,connect,1297328848#1f,1297328848#1r,"7.4145808,43.7349185",end,start,,,true
142bbdc0563513fcb89a,connect,93137615#3f,93137615#4f,"7.4299328,43.7429980",end,start,,,true
1440325a3ae66c122d9a,connect,1365041486#1f,1365041486#1r,"7.4294832,43.7385662",end,start,,,true
146aaa28fd264b24d12b,connect,4230186#2f,4230186#3f,"7.4277383,43.7429274",end,start,,,true
1474fd754db423d6c2c9,connect,161885378#2f,4227216#2r,"7.4245672,43.7329107",end,start,,,true
147c49ed8b4a20a29ef4,connect,501241475#1f,690914542#3f,"7.4139959,43.7275424",start,end,,,true
148d98afa85a134ad787,connect,929856547#1f,929856547#1r,"7.4362390,43.7488925",end,start,,,true
1495912ccefb74c840ea,connect,446530365#2f,690915731#1r,"7.4145009,43.7283086",end,start,,,true
14aab2abb9b633bc22c1,connect,1238339145#1f,850261612#3f,"7.4317829,43.7450036",start,end,,,true
14b8a2ee67d89dfffa1f,connect,8352246#1f,8352246#2f,"7.4209665,43.7366135",end,start,,,true
14b8e76d3213806ec5f3,connect,690914542#3f,690914542#3r,"7.4139959,43.7275424",end,start,,,true
14c5c6591e520f768ac2,connect,157719698#5f,165636046#1r,"7.4256731,43.7405657",end,end,,,true
14c70fa89a00789a4e8e,connect,1327492339#1f,952419572#1f,"7.4172179,43.7316777",start,end,,,true
14e2eca960ebf7e92528,connect,1549110514#1f,92627436#1f,"7.4111533,43.7300026",end,start,,,true
14eaa25e5402f7a51bfc,connect,176577460#5r,176577460#6f,"7.4139142,43.7296684",start,start,,,true
14ef27be9509c72449ec,connect,92627426#1f,92627426#1r,"7.4225745,43.7274186",end,start,,,true
14fda536d1a7bd155e44,connect,93137615#4f,93137615#4r,"7.4300849,43.7439776",end,start,,,true
14fe44a63983d446da54,connect,181479771#3f,181479771#4f,"7.4158135,43.7353199",end,start,,,true
150809c178fa001c4b64,connect,161887490#2f,503559464#1r,"7.4271452,43.7333639",end,end,,,true
15104e44dd24c477b3a6,connect,165636031#3r,165636031#4r,"7.4270858,43.7325551",start,end,,,true
1517b691d0d04a39e70d,connect,690914551#2f,690914551#2r,"7.4168846,43.7293392",end,start,,,true
1517fb87e638bc1387e2,connect,850261602#6r,850261602#7r,"7.4282679,43.7403863",start,end,,,true
152de070498a39c7c1b1,connect,4227216#2r,93091318#1f,"7.4245672,43.7329107",start,end,,,true
153108bd7faa419bccb9,connect,503447059#1r,503447059#2f,"7.4193306,43.7323746",start,start,,,true
153199b96dd10cffeffa,connect,334511470#1f,67923339#3r,"7.4150001,43.7362968",start,start,,,true
153a185507142c0be99e,connect,1243224902#1f,334773233#2f,"7.4287594,43.7461676",start,end,,,true
15463b9e056dfee3c259,connect,503783373#1r,503783375#1f,"7.4316525,43.7463288",end,end,,,true
15517b88655961360263,connect,157719645#5r,157719645#6r,"7.4284853,43.7421636",start,end,,,true
155d350fd05a4a123c54,connect,1058067231#1f,92627425#2f,"7.4105039,43.7292085",start,end,,,true
158c215dca683d403883,connect,165636047#2f,165636047#3f,"7.4292849,43.7450455",end,start,,,true
15920f16e9c701be95bf,connect,176682613#1f,176682613#1r,"7.4130979,43.7287939",start,end,,,true
1592532f2dd9b9227b02,connect,4230114#3f,4230114#3r,"7.4325490,43.7491481",start,end,,,true
1594960b5eca3b7a9e1d,connect,4230114#3f,4230114#3r,"7.4330506,43.7493104",end,start,,,true
15a4264be174f2fcb555,connect,834313093#4f,834313093#4r,"7.4275855,43.7325839",start,end,,,true
15a7299a03e6d0701ec0,connect,176477342#1f,176477342#1r,"7.4256506,43.7386004",start,end,,,true
15ac7e11d18200914559,connect,159170509#2f,176776331#6f,"7.4211295,43.7354300",end,end,,,true
15b75907dd6c3f0a4d35,connect,164338222#2f,164338222#2r,"7.4275506,43.7329977",end,start,,,true
15bce3a4d56a3728196b,connect,120062272#1f,120113155#2f,"7.4181469,43.7344518",start,end,,,true
15bf3fc716fb4aabd0e1,connect,503783374#1f,93137558#1f,"7.4319668,43.7465094",start,start,,,true
15c329908120f4467ecd,connect,167625742#1f,8135891#3f,"7.4281416,43.7446139",end,end,,,true
15c55e2a651adc628fc7,connect,181479771#1r,181479771#2f,"7.4154628,43.7349466",start,start,,,true
15e0e5f1c6641a550289,connect,4230106#1f,4230106#2f,"7.4334045,43.7489333",end,start,,,true
15ec6c727aa4e565c852,connect,120062666#1f,120113156#1f,"7.4202911,43.7376732",end,start,,,true
15f162b526c81b818c3d,connect,177049248#3f,177049248#4f,"7.4187274,43.7255066",end,start,,,true
15f1e4f2bea28ede6476,connect,182694289#1r,78147640#1f,"7.4276947,43.7329804",start,start,,,true
15fde08bd95d3afa1152,connect,155085108#1f,688731299#1r,"7.4145706,43.7317902",end,end,,,true
160e1a792efb537786a2,connect,1202361416#2r,157719647#6f,"7.4247735,43.7391242",start,start,,,true
160ef6211ebabb0e6276,connect,4230099#6f,4230099#6r,"7.4366261,43.7500705",end,start,,,true
161213262690f8fd6df4,connect,4097656#5r,4229577#1f,"7.4251499,43.7397216",start,start,,,true
16350ad475500dfff130,connect,1082515450#1f,1082515450#1r,"7.4276779,43.7390344",start,end,,,true
1640c401a05789fd85c0,connect,176674530#2f,176674530#2r,"7.4242857,43.7383814",end,start,,,true
1656c81b6949962d07a4,connect,1297328848#1r,155085119#5f,"7.4145808,43.7349185",start,start,,,true
1669a0d3eee5ad696c96,connect,166009795#1r,943188283#1f,"7.4193334,43.7381654",end,end,,,true
166ac40ff27eb92b172c,connect,435061380#1f,435061380#1r,"7.4135408,43.7314434",end,start,,,true
166cd9c20521dc694a35,connect,4230105#3f,4230105#3r,"7.4328554,43.7482766",start,end,,,true
166f7ca0511d5265a37b,connect,4230106#2f,4230106#2r,"7.4328986,43.7486842",end,start,,,true
166fc5d7958a1b4c7186,connect,1314186412#1r,94399437#1f,"7.4184341,43.7363551",end,end,,,true
16703927457fa41cc38b,connect,158189819#1r,318654737#1r,"7.4144690,43.7280561",end,start,,,true
1670bac741f7d38ded6a,connect,160004398#1r,160004399#2r,"7.4261538,43.7373955",end,start,,,true
16751843e708dfefc99d,connect,4230891#1f,4230891#2r,"7.4290580,43.7383175",end,end,,,true
16805a58dcf6508aff1d,connect,200502086#2f,200502086#3f,"7.4245418,43.7396014",end,start,,,true
168bed14e131be71b91e,connect,159170465#1r,159170465#2r,"7.4174522,43.7365916",start,end,,,true
16956ab084ab21bdcda3,connect,503462472#3f,503475663#1f,"7.4138216,43.7272180",start,end,,,true
169f2d78e6127a8da4f6,connect,167625737#4f,423632259#1f,"7.4214613,43.7320579",end,end,,,true
16a3a78d957e8b9adea9,connect,4227214#3f,4227214#4f,"7.4222272,43.7300436",end,start,,,true
16aee701e1ff572294af,connect,4224972#1f,4224972#2f,"7.4173286,43.7297725",end,start,,,true
16b76c74e5c602de0e3d,connect,503475642#2f,503475642#2r,"7.4221062,43.7366647",end,start,,,true
16bb87b3117d33db57cb,connect,157719649#6f,176576014#1f,"7.4218357,43.7398553",end,end,,,true
16c738909a7d30776059,connect,176682382#2r,176682613#1f,"7.4130832,43.7291057",start,end,,,true
16c76be96c4ceca9c1c7,connect,4229536#1r,4229536#2f,"7.4261726,43.7373162",start,start,,,true
16c866ae4b7723384ffe,connect,1202361379#1f,4230006#2f,"7.4274015,43.7398154",end,start,,,true
16c9357fd3e5e51ed51e,connect,158215184#5r,158215184#6r,"7.4182340,43.7282731",start,end,,,true
16dc139e60769579ea34,connect,788120418#1f,792884355#1f,"7.4252835,43.7414366",end,end,,,true
16e1330f95aaad16eb32,connect,160004399#1f,4229536#1r,"7.4261726,43.7373162",start,start,,,true
16ee5754249d1cb21409,connect,155085109#1f,155085109#1r,"7.4134956,43.7320571",start,end,,,true
16f4a5eae54894e0aefb,connect,157719645#8f,177590090#1r,"7.4285482,43.7424396",start,end,,,true
170943beabce37078b0b,connect,181479771#3f,181479771#3r,"7.4154840,43.7349756",start,end,,,true
171d5298400c0c3a5cf7,connect,164338247#2f,164338247#3r,"7.4282753,43.7422914",end,end,,,true
1728df6766b36de7ed66,connect,157719645#3r,157719645#4f,"7.4280815,43.7416059",start,start,,,true
1732bee34e315030f0bc,connect,1449972042#1f,503813547#1f,"7.4190681,43.7324756",end,start,,,true
17345a48bc988aacbfb3,connect,166149571#1f,261740026#1f,"7.4148008,43.7287089",start,start,,,true
173c1e6e727b6f915471,connect,176321050#3f,176321050#3r,"7.4236422,43.7386370",start,end,,,true
174ea6fcf938f4339cbb,connect,4227209#2f,4227209#2r,"7.4241358,43.7312799",end,start,,,true
17569dc5bf2581896345,connect,1488095482#1f,1488095482#1r,"7.4291211,43.7412434",end,start,,,true
1757dd263a990406d29e,connect,1082281156#2f,1082281156#2r,"7.4175843,43.7261424",end,start,,,true
1762187e9f3ddab9474f,connect,834185360#2f,834185360#3f,"7.4269806,43.7320733",end,start,,,true
17644b72f157a789aa81,connect,699218006#2f,699218006#2r,"7.4229954,43.7369734",start,end,,,true
176e9b505083744faac4,connect,157719647#2f,200502085#2f,"7.4250372,43.7395782",end,end,,,true
176ec1600e98c21b458d,connect,78141882#1r,78141882#2f,"7.4212477,43.7370881",start,start,,,true
177071e10b995e66e8e3,connect,157719645#5f,157719645#6r,"7.4284853,43.7421636",end,end,,,true
177378f078a007bb7422,connect,157719669#1f,24672709#1f,"7.4234038,43.7414414",start,start,,,true
177d3c207e8c16e16de7,connect,169297863#1f,169297863#2r,"7.4245897,43.7323501",end,end,,,true
1782b3d62b7a34707355,connect,851792661#2f,982081599#1f,"7.4225202,43.7384260",end,start,,,true
178b8859f4123a4aed94,connect,176577460#2r,176577460#3f,"7.4141458,43.7291795",start,start,,,true
178e3307e254c3b1745f,connect,1082281160#1f,1082281160#1r,"7.4178076,43.7256291",start,end,,,true
1798944d0d8359ac465c,connect,1197885781#1f,165636030#2f,"7.4263521,43.7315516",end,start,,,true
1799a904187926b68c67,connect,159170465#1f,159170465#2f,"7.4174522,43.7365916",end,start,,,true
179b8bf109a18c4b4a8a,connect,446530365#2f,690915731#1f,"7.4147909,43.7285210",start,start,,,true
179f5360829aebf02743,connect,1230247123#1f,4230891#1f,"7.4280368,43.7378020",end,start,,,true
179f95aa01f85309bff4,connect,1365209993#1r,168104494#1f,"7.4222370,43.7274310",end,start,,,true
17aabd65676c7ec0424b,connect,688744912#1f,688744912#1r,"7.4142488,43.7339159",end,start,,,true
17b3b87a4f1ef41d2f3e,connect,164338236#1f,851792660#1f,"7.4200043,43.7387594",start,start,,,true
17c0e2f87c26d8edb92c,connect,4230006#1f,4230006#2f,"7.4274015,43.7398154",end,start,,,true
17c37e28a9c7e029355d,connect,850261601#2r,850261601#3r,"7.4293375,43.7394790",start,end,,,true
17cd33c8a528d3d0a6c7,connect,166399478#8f,166399478#9r,"7.4179289,43.7284198",end,end,,,true
17d1834a97aa0fa5084e,connect,165636047#1r,165636047#2r,"7.4292595,43.7449991",start,end,,,true
17d1c3c65af1100488f5,connect,165636038#3f,165636038#4f,"7.4203389,43.7322395",end,start,,,true
17d5a064b40f05f53e70,connect,503813542#1f,503813546#1r,"7.4178089,43.7318525",start,end,,,true
17d9c97fd2be5ee69ea7,connect,166399496#1f,4229326#1f,"7.4196126,43.7376408",end,start,,,true
17f13d897ce7d41ab627,connect,164338222#2f,4227233#1r,"7.4275506,43.7329977",end,start,,,true
17f2d4a170697ae87a6b,connect,1086377399#2r,1086377399#3r,"7.4362390,43.7486766",start,end,,,true
180557f709def7e274ce,connect,121380669#1r,503753417#1f,"7.4160902,43.7314856",end,end,,,true
180a4e4b9203f39d290b,connect,177189425#2r,177189425#3r,"7.4169271,43.7263995",start,end,,,true
180d5bc721f9b061bfe9,connect,1327492345#1f,804900032#1f,"7.4168320,43.7321027",end,start,,,true
181216439c67d1d15eed,connect,158215190#1f,176257197#3f,"7.4161795,43.7296048",end,end,,,true
181f0bf525547fb7fb6a,connect,503702166#1f,503702166#1r,"7.4175135,43.7294517",start,end,,,true
18268470fbc6f7850f9e,connect,157719645#10f,157719645#11r,"7.4297334,43.7447533",end,end,,,true
1830c91906fbd89c0704,connect,503434370#1r,503434370#2f,"7.4132849,43.7338591",start,start,,,true
1836e9ca84c8dba689e8,connect,93137569#1f,93137596#2f,"7.4306856,43.7452240",start,end,,,true
184b35c82784ae743520,connect,4229329#1f,943188283#1f,"7.4193334,43.7381654",start,end,,,true
18525cf7a9f2fb8ffbcc,connect,1024523796#1r,78141881#1r,"7.4285870,43.7333887",end,start,,,true
1859d32a58a8361f32e5,connect,200502086#3f,200502086#3r,"7.4244523,43.7396163",end,start,,,true
185e1d2c3994127cceb8,connect,177396440#1f,4229298#2f,"7.4294380,43.7456071",start,start,,,true
186107e79039440dd879,connect,879995943#1f,879995943#2r,"7.4261576,43.7376141",end,end,,,true
186ddfd35c6e5fc1226f,connect,159170458#3f,159170458#3r,"7.4172167,43.7341419",start,end,,,true
18748686c1ddb47d4418,connect,4230098#1f,4230098#2f,"7.4332176,43.7494086",end,start,,,true
18781799183f0c64b727,connect,158215196#2f,158215196#2r,"7.4194137,43.7284996",end,start,,,true
188244bd443a3d848c20,connect,166399478#1f,503702167#1f,"7.4176125,43.7294974",end,start,,,true
188d8908c6f3715798cc,connect,1174006401#1f,93137578#1f,"7.4308480,43.7454979",end,start,,,true
1892dc99d150971fa674,connect,1024523798#1f,503559464#5r,"7.4289837,43.7339747",start,start,,,true
18990da76f45508d4de8,connect,720165108#1f,962525763#1r,"7.4233775,43.7407979",end,start,,,true
18a025e9926f41338fbe,connect,778744698#4f,778744698#4r,"7.4292809,43.7394338",start,end,,,true
18a1e2be1268b709cdf9,connect,94399437#1f,94399437#2f,"7.4184341,43.7363551",end,start,,,true
18a63b0580d6628e9eeb,connect,295618745#1f,788197746#3f,"7.4190334,43.7382639",start,end,,,true
18aa6e6f04cf97126cb0,connect,1449972043#1f,4227208#2f,"7.4261146,43.7317410",start,end,,,true
18af12d0ba4fd66f1e08,connect,164338218#1f,164338218#1r,"7.4236192,43.7303334",start,end,,,true
18c89807d02f711e5e3e,connect,693487406#2f,693487406#3f,"7.4330073,43.7466904",end,start,,,true
18c950d562d1696c7f76,connect,1549110527#1f,360063232#1r,"7.4125925,43.7302403",end,end,,,true
18cd71d583df8e0230e7,connect,1019174509#4f,159170479#1f,"7.4186264,43.7335726",end,start,,,true
18d8b3c103ba6ca88a68,connect,1202747622#1f,1202747623#1f,"7.4183021,43.7272339",start,end,,,true
18dd32c50e5ad67907b9,connect,1449972059#1f,155085109#1f,"7.4134956,43.7320571",end,start,,,true
18e3c6ffb355edc4e05f,connect,176333307#1f,176333307#2f,"7.4286809,43.7437975",end,start,,,true
1910773a5d00f1bb2056,connect,166399487#2f,177231047#1r,"7.4157229,43.7336596",end,end,,,true
191de6d2fc8b3650823a,connect,161887491#1f,161887491#1r,"7.4295550,43.7344862",end,start,,,true
191ef51879c691547b3b,connect,212764303#1f,423632273#1f,"7.4123118,43.7286832",start,end,,,true
1927e0bd4d75f4771e8d,connect,834185366#1f,834185366#2r,"7.4261756,43.7317958",end,end,,,true
192fd9b9a588ef415e9c,connect,161748259#1f,568187257#4f,"7.4289249,43.7410938",start,end,,,true
19321a9cf36b747e8c7b,connect,1099877048#1r,503638814#3r,"7.4370757,43.7499485",end,start,,,true
193d6cfb0287365346ce,connect,166643408#1f,166643408#1r,"7.4168951,43.7325325",end,start,,,true
1940cd90e21e7b019f7a,connect,503633034#3f,718024894#1f,"7.4354656,43.7483892",end,start,,,true
194578691ba5d9c9a14b,connect,503783377#1f,503783377#1r,"7.4357328,43.7486711",end,start,,,true
194941ed7761277aca21,connect,788197746#1f,788197746#2f,"7.4191578,43.7385350",end,start,,,true
19567de0588c609e3198,connect,220547253#1f,220547253#2f,"7.4135732,43.7272899",end,start,,,true
19633e24f940161fc107,connect,1451501745#1f,4227241#2f,"7.4227905,43.7324588",start,end,,,true
196357a7c419077747f5,connect,181479774#3f,181479774#4f,"7.4160387,43.7330178",end,start,,,true
197cc3a1922eec2ceee1,connect,158215192#1r,167625739#1r,"7.4160562,43.7301923",start,end,,,true
197ea301dec1f8d3dd0f,connect,176395399#1f,176974531#1f,"7.4157070,43.7312415",start,start,,,true
198c90a1d65a2f1572af,connect,1001561437#1f,851792658#1r,"7.4117641,43.7312377",end,end,,,true
19925cb09666cdef666a,connect,165636046#2f,165636046#3f,"7.4258150,43.7407942",end,start,,,true
1995d087913781cdaa51,connect,39839530#2f,4227218#1f,"7.4223620,43.7319242",start,start,,,true
19b5b42134b8a5595274,connect,164338230#3r,164338230#4r,"7.4197084,43.7340051",start,end,,,true
19d1ad8c6c650de53330,connect,166399478#5f,166399478#6f,"7.4179020,43.7288018",end,start,,,true
19d428529cd15d5670e9,connect,121378297#1f,335740503#1f,"7.4179186,43.7343640",start,end,,,true
19dc7f138d7b0d17fa34,connect,167625727#5f,167625727#6f,"7.4180493,43.7299480",end,start,,,true
19ddb78e2634c8068147,connect,200496088#1f,220547252#1f,"7.4129768,43.7276055",start,end,,,true
19dec51af86d8f3bcb8f,connect,4230007#1f,4230007#1r,"7.4295273,43.7409524",start,end,,,true
19e1d4cff7f2588f54bd,connect,78141884#1r,93137606#1r,"7.4209338,43.7371530",end,start,,,true
19e574fcf56b4cb4bd99,connect,1058067232#1f,503434364#1f,"7.4106261,43.7292783",end,start,,,true
19e5f82ebb5b4f6a3346,connect,167625719#1f,168890950#1f,"7.4224586,43.7298939",start,end,,,true
19e94151828d4d0604a1,connect,95825511#1f,95825511#2f,"7.4260011,43.7385223",end,start,,,true
19ef736e527c2d82df74,connect,158215191#4f,158215191#4r,"7.4167776,43.7281825",end,start,,,true
19efde747a853a4347f3,connect,1086377399#3f,1086377399#3r,"7.4361911,43.7487300",end,start,,,true
19f95e2c374ee3c31ee0,connect,850261602#1r,850261602#2r,"7.4292983,43.7400304",start,end,,,true
1a02eab2ee017e8930e8,connect,1243224903#1f,167625742#1f,"7.4286583,43.7459023",start,start,,,true
1a040e5ca91d43010c4c,connect,1342546058#3f,1342546058#3r,"7.4323255,43.7460116",end,start,,,true
1a0581f054b3bfbbd07c,connect,1342546058#3f,182700002#4f,"7.4323255,43.7460116",end,end,,,true
1a0ba4f067b065e935e9,connect,572941874#1f,93137627#2f,"7.4280638,43.7386121",end,end,,,true
1a15d85663538bab2e32,connect,93137560#1f,93137578#2f,"7.4315599,43.7462686",start,end,,,true
1a1b81bb7e26ab2d01ac,connect,157719647#7f,176674530#1f,"7.4246137,43.7388584",end,start,,,true
1a1e3f134df8cc91046d,connect,850261577#2f,850261577#2r,"7.4232600,43.7302013",start,end,,,true
1a205be5e747392a5850,connect,157719662#3f,157719685#1f,"7.4235981,43.7407234",start,start,,,true
1a22ee3081d0d2cde22a,connect,177052163#1f,177189425#2f,"7.4169271,43.7263995",start,end,,,true
1a2995e5304a5af78899,connect,181479774#4f,181479774#5f,"7.4153300,43.7323996",end,start,,,true
1a2c51df2cfa49140ef1,connect,161733292#1f,161733292#1r,"7.4291921,43.7406247",end,start,,,true
1a2d69e9919119cfe34e,connect,93137615#4r,93137615#5r,"7.4300849,43.7439776",start,end,,,true
1a32705d99cfb418fa79,connect,568187257#5f,568187257#5r,"7.4288124,43.7411123",end,start,,,true
1a3920952f6afe94a199,connect,176527122#2f,177189425#1r,"7.4157810,43.7264182",end,end,,,true
1a3d6843b4fb60a41537,connect,1019174499#1f,353889383#1f,"7.4377938,43.7515285",end,start,,,true
1a4c6200443eceee46ea,connect,161769679#2f,161769679#2r,"7.4277645,43.7386667",end,start,,,true
1a645747669ab70e617c,connect,690914539#1f,690914539#2r,"7.4136943,43.7273648",end,end,,,true
1a78cdc410696769f3b7,connect,214635117#6r,214635117#7f,"7.4180931,43.7257852",start,start,,,true
1a7b6f5042206573662b,connect,166009792#2f,166009792#2r,"7.4238573,43.7399010",start,end,,,true
1a7c83fdad0f605da079,connect,446530365#3f,690915731#1r,"7.4145009,43.7283086",start,start,,,true
1a7cbfdf7ba1134f0c17,connect,157719645#6r,157719645#7f,"7.4285174,43.7423514",start,start,,,true
1a88d8aceb41b3209901,connect,1202730135#1f,1202730135#1r,"7.4136854,43.7315034",end,start,,,true
1a8f71caad55d30f4284,connect,334520662#1f,334520662#1r,"7.4113429,43.7284810",end,start,,,true
1a92521970cf903450fa,connect,200507331#2f,690914542#1f,"7.4143084,43.7277512",end,start,,,true
1a941eeb168625e90bec,connect,158215184#1r,200493424#3f,"7.4188008,43.7277330",end,end,,,true
1a960b6285fad3a6c19f,connect,1202747623#2f,1202747623#2r,"7.4183021,43.7272339",start,end,,,true
1a97936147b2676be820,connect,1212029941#1f,176334441#1r,"7.4131027,43.7299349",end,end,,,true
1a9f2b004f0886bab8ec,connect,166399478#2f,166399478#2r,"7.4176125,43.7294974",start,end,,,true
1ab5806a353a761a1d28,connect,166009791#1f,166009791#1r,"7.4256003,43.7404449",start,end,,,true
1ab8fabaf61b8a201c78,connect,1453165194#1f,1453165194#2r,"7.4129553,43.7308481",end,end,,,true
1ab9e0aa0039c1aa2bd2,connect,157719645#1f,4230011#3f,"7.4270609,43.7406136",start,start,,,true
1ac1037814b0a028cea9,connect,150050283#2r,150050283#3r,"7.4175592,43.7300775",start,end,,,true
1ac129e56a7577007031,connect,308214646#2f,308214646#2r,"7.4269356,43.7394178",start,end,,,true
1ac1a6e29c6b3b9d4a91,connect,1099823017#1f,176757512#1f,"7.4186383,43.7322358",start,end,,,true
1ac640f7b973236ca0c4,connect,1024523796#1r,78141881#1f,"7.4285870,43.7333887",end,end,,,true
1ad0ade42852725ef73a,connect,35092477#1f,41929969#1r,"7.4303598,43.7408882",start,start,,,true
1ad52fc159e5024c4799,connect,1081601380#2f,1081601380#2r,"7.4217052,43.7333985",start,end,,,true
1ad7aeae6edbb7364a0e,connect,35092477#2f,353889282#1f,"7.4304242,43.7412903",end,start,,,true
1ada2a552352a9f1f8fb,connect,239592573#1f,503090216#1f,"7.4113381,43.7312412",start,end,,,true
1ae7313c9eb039dc8acc,connect,164338222#2r,182694289#1f,"7.4275506,43.7329977",start,start,,,true
1af84115e53b6c56b061,connect,176974531#2f,503753417#1f,"7.4160486,43.7314634",end,start,,,true
1afee82f81b9f41d0573,connect,128273234#2f,176333304#1f,"7.4331158,43.7492223",end,end,,,true
1b0057f41ca29c87759e,connect,39839529#3f,4227216#1f,"7.4234484,43.7326800",end,start,,,true
1b1a1da4fc8c2a5bc939,connect,176086161#1f,503813547#1f,"7.4190681,43.7324756",start,start,,,true
1b1a5a551ce1d9087775,connect,128273233#1f,128273233#1r,"7.4336033,43.7488565",end,start,,,true
1b1e2e7c834fcc50b6b8,connect,177588306#1r,177588306#2f,"7.4276709,43.7429450",start,start,,,true
1b221da0b20651fba57f,connect,166399501#1f,166399501#2f,"7.4278912,43.7403036",end,start,,,true
1b2b9183e74f8106e710,connect,93137575#2f,93137575#2r,"7.4316271,43.7450912",start,end,,,true
1b2f6c44850c2fd34a16,connect,25179329#1f,25179329#1r,"7.4289096,43.7414847",end,start,,,true
1b421b6cfa1ec2a430d6,connect,35092475#1r,4097656#1f,"7.4259881,43.7389156",end,start,,,true
1b44ecc2ed07667fab31,connect,1549110516#4f,1549110516#4r,"7.4125938,43.7302884",end,start,,,true
1b5d1d4f4d7b941acb2e,connect,1019174509#8f,159170525#1f,"7.4188947,43.7327273",start,start,,,true
1b65e4b7ff29b930523e,connect,176337650#1f,176337650#1r,"7.4158802,43.7368238",start,end,,,true
1b6628a269747c665299,connect,164338225#1r,167625737#1f,"7.4212586,43.7331660",end,start,,,true
1b700b555bbf333e9a7d,connect,35092475#3r,35092475#4r,"7.4267039,43.7379518",start,end,,,true
1b74e5b7703a6e32918b,connect,503633032#3f,503633032#4f,"7.4359281,43.7485525",end,start,,,true
1b784df901a9f697bab6,connect,850261602#3f,850261602#4f,"7.4292591,43.7401434",end,start,,,true
1b792b30b6125e0c12e9,connect,159170458#3f,254596870#2r,"7.4172340,43.7342644",end,start,,,true
1b8194970590db544aa5,connect,690914542#1f,690914542#1r,"7.4140690,43.7275875",end,start,,,true
1b8c26580138a8549038,connect,1019646823#1f,1019646823#1r,"7.4104982,43.7310528",start,end,,,true
1b9000389ed9cd5d177d,connect,181479771#2r,181479771#3r,"7.4154840,43.7349756",start,end,,,true
1ba118ad2df58289934f,connect,423632264#2r,503813546#1r,"7.4178089,43.7318525",start,end,,,true
1ba38627757e8c43e38b,connect,1024523794#1f,320117831#1f,"7.4294382,43.7341382",start,end,,,true
1ba58be032c59e60f3d5,connect,398362860#1f,690653920#2f,"7.4174558,43.7318555",start,end,,,true
1ba95b70eb13c61304e8,connect,448186716#2f,448186716#2r,"7.4166871,43.7263616",start,end,,,true
1bb2264b2f47d8989f9b,connect,4098197#2f,4098197#3r,"7.4317323,43.7475177",end,end,,,true
1bb751001e9c5e4b14e6,connect,176510133#2f,176674530#4r,"7.4241349,43.7382264",end,end,,,true
1bbfa8114d165226b390,connect,156772047#4r,156772047#5r,"7.4287155,43.7385771",start,end,,,true
1bc7fa842e03060412de,connect,166558488#1r,78147640#1r,"7.4277231,43.7329715",end,start,,,true
1bca179841cea595f016,connect,166009791#1f,166009791#1r,"7.4256731,43.7405657",end,start,,,true
1bcb4157c543cf27a427,connect,423632269#1f,503462470#1f,"7.4173897,43.7316435",end,start,,,true
1bcf27a0c1f96eb04480,connect,214636589#2f,31900611#4r,"7.4223122,43.7346973",start,start,,,true
1bd834ea02908f5d7906,connect,166009795#1r,943188283#1r,"7.4193334,43.7381654",end,start,,,true
1be6686ac3e6a6bbde92,connect,690653919#1f,690653921#2f,"7.4175115,43.7319332",start,start,,,true
1beafc9bfb76e340f3fb,connect,161882796#1f,166399479#2f,"7.4213722,43.7344802",start,start,,,true
1bf21baaba81277f04f4,connect,1342546058#1r,1342546058#2r,"7.4319445,43.7461974",start,end,,,true
1c05009ceb0121da4cfc,connect,155085119#1f,155085119#1r,"7.4144288,43.7343738",end,start,,,true
1c07850349922aeb2fe9,connect,1082281160#1f,1082281160#1r,"7.4179173,43.7258428",end,start,,,true
1c0fffff93a0237674ef,connect,176577460#2f,176577460#2r,"7.4143369,43.7290323",start,end,,,true
1c1295693546d0d438cc,connect,166399486#2f,851792659#1r,"7.4130230,43.7308297",end,end,,,true
1c29d3322a0b8f6885b2,connect,4230011#6r,4230011#7f,"7.4276726,43.7402742",start,start,,,true
1c36f519a4eb6965d48c,connect,766768153#4f,766768153#5r,"7.4227984,43.7331475",end,end,,,true
1c38f36b5ec295f9bbdb,connect,165636046#1f,165636046#1r,"7.4257024,43.7406200",end,start,,,true
1c3ab77e493662c0d1a7,connect,1444437334#1f,503633033#1f,"7.4301626,43.7417650",start,end,,,true
1c3bef95e263500dbdfd,connect,165636046#1f,165636046#1r,"7.4256731,43.7405657",start,end,,,true
1c459b85d1233454b3c3,connect,834185360#3f,834185360#3r,"7.4269806,43.7320733",start,end,,,true
1c47f6801d7c211804d4,connect,176333307#3f,176333307#4f,"7.4291934,43.7448512",end,start,,,true
1c49f38ff4883f54052d,connect,1319454162#1f,854880222#1r,"7.4165016,43.7326972",end,end,,,true
1c4fb8bc84d417e2ef13,connect,177052163#1r,177189425#2f,"7.4169271,43.7263995",end,end,,,true
1c5d513e73a83550fc1e,connect,157719698#1f,157719698#2f,"7.4271448,43.7397904",end,start,,,true
1c5dff06fb4cd9a40689,connect,161887493#1f,503559464#1f,"7.4271452,43.7333639",start,start,,,true
1c65ba19734a157114e6,connect,93137558#4r,93137558#5f,"7.4344177,43.7479471",start,start,,,true
1c804dd52ce79107e3ad,connect,1202747623#1r,158215178#1f,"7.4182475,43.7271739",end,end,,,true
1c85ea05d307407c1e9f,connect,93137558#1f,93137558#2r,"7.4326049,43.7468759",end,end,,,true
1c8d67aa0cf0e0e0a0b4,connect,157719645#8r,177590090#1f,"7.4285482,43.7424396",end,start,,,true
1c90e270e9c35094f5fc,connect,4227198#1f,4227198#2f,"7.4203584,43.7322873",end,start,,,true
1c928483263321556f7f,connect,157719652#3f,157719652#3r,"7.4256003,43.7404449",end,start,,,true
1ca04050609b9e24c267,connect,1233828725#2f,165636047#1r,"7.4292417,43.7449588",end,end,,,true
1ca3a9974496e15a95e8,connect,1082312612#1f,92627406#3f,"7.4195101,43.7276397",start,start,,,true
1cb034b8664d85a72346,connect,503475643#1f,503475643#1r,"7.4217790,43.7355741",start,end,,,true
1cb3f7eb935efaf831a8,connect,157719698#4f,157719698#5f,"7.4257776,43.7405161",end,start,,,true
1cc7528ae4721980b472,connect,1146071897#1f,1233853668#3f,"7.4150352,43.7343461",end,start,,,true
1cccdd289f98aaaf40c8,connect,165636031#3f,165636031#3r,"7.4268692,43.7325168",start,end,,,true
1cdc9c24f332c007a466,connect,177590093#1f,177590093#2r,"7.4347165,43.7481775",end,end,,,true
1cdce78552dbf80015cc,connect,166399497#1f,68814575#1f,"7.4173557,43.7372467",start,start,,,true
1d0d5595294be3aa2c0e,connect,158007923#1f,161882799#1f,"7.4274310,43.7316427",end,start,,,true
1d116e02dc084fc2ede5,connect,93137615#4f,93137615#5f,"7.4300849,43.7439776",end,start,,,true
1d12f9faf987f6566002,connect,1388331345#1f,78141882#2r,"7.4215509,43.7369680",end,start,,,true
1d31b7cb60753fc9b9b3,connect,4230011#5f,4230011#6r,"7.4274806,43.7404301",end,end,,,true
1d320174c7c2d5244856,connect,164338247#3f,164338247#4r,"7.4283535,43.7424615",end,end,,,true
1d33297410708a22a654,connect,157719647#7f,176321050#4f,"7.4246137,43.7388584",end,end,,,true
1d38b3ef284382aff99b,connect,1314186421#1r,166399478#7r,"7.4179056,43.7287625",end,end,,,true
1d3cd76fc428b9ac5533,connect,850261577#1f,850261577#1r,"7.4236192,43.7303334",start,end,,,true
1d5e29e1aaac4c484421,connect,1549110516#2f,1549110516#3f,"7.4127939,43.7303590",end,start,,,true
1d62d7154c7cd1e0c697,connect,1079492040#1f,1079492040#1r,"7.4207360,43.7343802",start,end,,,true
1d656dd3afa5d78c37ad,connect,1342546058#2f,1342546058#3f,"7.4322678,43.7460405",end,start,,,true
1d670f4c4d2050958d68,connect,212764302#1f,423652238#1f,"7.4121538,43.7281567",start,start,,,true
1d67731f04e1c30aa082,connect,157719645#7f,177590090#1r,"7.4285482,43.7424396",end,end,,,true
1d6e7a4fb5310edc14ff,connect,1388331344#1f,1388331349#1f,"7.4216926,43.7368305",end,start,,,true
1d76b0a7877f8201e3e6,connect,157719649#6f,157719661#1f,"7.4218357,43.7398553",end,start,,,true
1d819cf4cb5ccade3f29,connect,503702166#1r,503702167#2f,"7.4175135,43.7294517",end,end,,,true
1d8530aef8db9efac540,connect,4229298#1f,423873046#1f,"7.4295803,43.7455897",start,start,,,true
1d8551c03b560ccdbd25,connect,157719669#2f,157719669#3f,"7.4226229,43.7409189",end,start,,,true
1d912ec19324b73092c3,connect,25082741#5r,25082741#6f,"7.4253078,43.7372056",start,start,,,true
1d9fd4f9623430d62c6f,connect,214635114#1f,214635117#1r,"7.4173167,43.7263600",end,end,,,true
1da3ce64f031ceb2f8e3,connect,1549110516#1f,201009264#3r,"7.4128197,43.7303666",start,start,,,true
1dac7e606115c5c042b5,connect,503783377#1r,929856547#1f,"7.4357328,43.7486711",start,start,,,true
1db41b777059ce9289a1,connect,503447059#1f,503447059#1r,"7.4192355,43.7323981",start,end,,,true
1db7c4151d8dafd04c65,connect,1314186412#1r,1314186412#2r,"7.4183968,43.7363903",start,end,,,true
1db99b7bc1c5f88dac22,connect,1019646823#2f,435062251#1f,"7.4106015,43.7310737",end,end,,,true
1dc349cccaea71895251,connect,121378297#1f,121378297#2f,"7.4179530,43.7344089",end,start,,,true
1dc805007ba342b87a96,connect,200502086#2r,200502086#3r,"7.4245418,43.7396014",start,end,,,true
1dd267976b4a86b1bb51,connect,176577460#6f,176577460#6r,"7.4150820,43.7303520",end,start,,,true
1de202c44cb3abac2f06,connect,156772047#2r,156772047#3r,"7.4279357,43.7381225",start,end,,,true
1dfbb9a8548bb73feb68,connect,850261580#1r,850261580#2r,"7.4255193,43.7315902",start,end,,,true
1dfe9871366eed31d336,connect,128273232#1f,4230099#9f,"7.4362781,43.7494769",end,end,,,true
1e082972b27ea39fe1c8,connect,93137575#1r,93137575#2r,"7.4316271,43.7450912",start,end,,,true
1e085ba26def1d3cd53c,connect,157719641#1r,157719668#2f,"7.4236490,43.7403378",end,end,,,true
1e0ce2e027e870aa9318,connect,166399501#5r,568187257#5r,"7.4288124,43.7411123",start,start,,,true
1e29bfd044a6e86b227d,connect,120113157#1f,946562629#1r,"7.4204770,43.7383783",start,start,,,true
1e2bd8695659447158f9,connect,1342546111#2r,24655134#1f,"7.4301941,43.7443870",start,start,,,true
1e2cad32f45953207b44,connect,4097656#2f,4097656#3f,"7.4257668,43.7390784",end,start,,,true
1e36825822708786ae28,connect,200502086#2f,200502086#3r,"7.4245418,43.7396014",end,end,,,true
1e505f3cd52ec5c49674,connect,572941874#2f,572941874#3r,"7.4280488,43.7386840",end,end,,,true
1e5fbb029d0157e8674e,connect,446530366#1f,690915731#1f,"7.4145009,43.7283086",start,end,,,true
1e6ec6297f05f7f6fc89,connect,1086377386#2f,1086377386#2r,"7.4387787,43.7494147",end,start,,,true
1e75bd3d6970a4a2493f,connect,1034247204#1f,1034247204#2f,"7.4367327,43.7497787",end,start,,,true
1e7edd8e24cceb00fb43,connect,200507331#2r,690914543#1r,"7.4143084,43.7277512",start,end,,,true
1e813b7356f66293ceec,connect,177232619#3f,177232619#4f,"7.4263278,43.7398545",end,start,,,true
1e89bc82419eae8ed86c,connect,161752639#1f,161752639#2r,"7.4288570,43.7416412",end,end,,,true
1e8bc20f13c7a779fe14,connect,166399478#6r,166399478#7r,"7.4179056,43.7287625",start,end,,,true
1e8d0e09f73ad30fc278,connect,166399496#1r,503550471#1f,"7.4191202,43.7371360",end,start,,,true
1e9a980a59794fec4e39,connect,161748259#3f,25179329#1r,"7.4288786,43.7413316",end,end,,,true
1e9d32aeb4f822dcc39e,connect,1243224901#1f,167625756#3f,"7.4287625,43.7460706",start,end,,,true
1e9f338ee6e13714b628,connect,176333307#1f,4230186#1f,"7.4285224,43.7435476",start,start,,,true
1ea08730f56908d3198b,connect,1149057192#1f,503559461#1f,"7.4373100,43.7491984",end,end,,,true
1ea2e300be0aa03b75fe,connect,176333304#2f,176333304#3f,"7.4331785,43.7493546",end,start,,,true
1ea39feff8250c83f66e,connect,1086377399#1f,1086377399#1r,"7.4362704,43.7486428",end,start,,,true
1ea3e63f8144dc75e4c8,connect,4227198#2f,4227198#3f,"7.4202234,43.7326573",end,start,,,true
1ea55d452a0957de612b,connect,690914538#1f,690914539#2f,"7.4136599,43.7273734",start,end,,,true
1ea871362aa71357153d,connect,212766110#2f,501241475#1f,"7.4138491,43.7273873",start,end,,,true
1ea880b8937aaadfa0a8,connect,157719669#3f,334364604#1r,"7.4226229,43.7409189",start,end,,,true
1eb12f84026c6c97591f,connect,182694289#1f,78147640#1f,"7.4276947,43.7329804",end,start,,,true
1eb3b352caf66e55db32,connect,1146071897#1r,1233853668#1f,"7.4149386,43.7342219",end,end,,,true
1ebb85468848354ad002,connect,39838265#2f,507581437#1f,"7.4251449,43.7411231",end,start,,,true
1ec5ec0d9d8bb53d792f,connect,167625727#1f,4224972#2f,"7.4172044,43.7298528",start,end,,,true
1ecf099a3e112df47528,connect,503475651#1f,503475651#2f,"7.4181183,43.7326843",end,start,,,true
1ed605de6ed8438e1aa9,connect,166149571#3f,318654737#1f,"7.4148737,43.7284100",end,start,,,true
1ed81d1c44d6393f5cc4,connect,690914543#1f,690914543#1r,"7.4143214,43.7277005",end,start,,,true
1edfa731c68750b5b737,connect,166399496#1f,166399496#1r,"7.4191202,43.7371360",start,end,,,true
1ef4611ede9f4f4a2f6b,connect,833633729#1f,833633729#1r,"7.4194109,43.7285315",end,start,,,true
1ef64b6d36fa726781fb,connect,1549110516#4r,1549110516#5f,"7.4125938,43.7302884",start,start,,,true
1f088170fc7ef47cde10,connect,176334441#1f,176334444#1f,"7.4140217,43.7303195",end,start,,,true
1f0c7293f109d10c21bb,connect,423632273#1f,503090215#1f,"7.4123698,43.7287424",start,end,,,true
1f0eaefd878f43754132,connect,688731299#1f,688731299#2f,"7.4143409,43.7321316",end,start,,,true
1f1d25e05db574238b53,connect,165636047#3f,165636047#3r,"7.4294832,43.7454716",end,start,,,true
1f29b4b60b24bbb473c9,connect,166009792#1f,166009792#1r,"7.4238573,43.7399010",end,start,,,true
1f2a162a8bb2305c0589,connect,834313093#2f,834313093#2r,"7.4274484,43.7326834",end,start,,,true
1f2f00e67f7f96944019,connect,164338230#1f,164338230#1r,"7.4197734,43.7336922",start,end,,,true
1f324b0e7b4d8143c6a9,connect,181479771#4f,336130958#1r,"7.4158135,43.7353199",start,end,,,true
1f57670a602c45594c93,connect,39839531#3f,690915732#1f,"7.4148705,43.7293323",start,end,,,true
1f57f010aa783ee98e60,connect,4227208#2r,834185366#2f,"7.4262064,43.7317676",end,end,,,true
1f76b6116cf94ca238f1,connect,834313093#1f,834313093#1r,"7.4270858,43.7325551",start,end,,,true
1f86db0c13e7ff2302aa,connect,158189826#2f,220547252#1f,"7.4132997,43.7274216",end,start,,,true
1f87cdec9d770dd7fc53,connect,434567309#2f,434567309#2r,"7.4276466,43.7400580",start,end,,,true
1f9480b3223130193398,connect,1081601380#2f,176776353#1f,"7.4217052,43.7333985",start,end,,,true
1f95b5983775d1b732da,connect,166399478#1f,166399478#2f,"7.4176125,43.7294974",end,start,,,true
1fa0c2a640d7559ebf0e,connect,25082741#6f,25082741#6r,"7.4254806,43.7372286",end,start,,,true
1fad6c059fef1fc2bcdf,connect,167625727#12f,167625727#13f,"7.4191138,43.7290039",end,start,,,true
1fb239e069c8811a6afa,connect,165636031#6r,4227208#1r,"7.4269610,43.7320141",start,end,,,true
1fbcffd0a091fe8ff98e,connect,656826921#1f,788120417#1f,"7.4243790,43.7401224",end,start,,,true
1fbe242a32c156685f2f,connect,4230106#1f,4230106#1r,"7.4334045,43.7489333",end,start,,,true
1fc6e23bbcdf22291e09,connect,8135891#1f,8135891#2f,"7.4280579,43.7439822",end,start,,,true
1fce08dd457ae6794926,connect,1327492344#1f,80377817#1f,"7.4166242,43.7319742",end,start,,,true
1fd3280ff9cf00adcc3f,connect,93137627#1r,93137627#2r,"7.4279512,43.7385330",start,end,,,true
1fe31c3e1312d870ea5d,connect,78147640#1f,78147640#1r,"7.4276947,43.7329804",start,end,,,true
1fea6a7a75e34ae7d7fc,connect,177588308#1r,4230187#2f,"7.4269537,43.7420698",end,end,,,true
1ff3e32f6ced63b1e581,connect,158215180#1f,214635117#8r,"7.4186176,43.7254261",end,start,,,true
1ff710e588fee5259fac,connect,200493424#1f,503462474#1f,"7.4187563,43.7276790",start,end,,,true
1ff7a1e3bba1416823de,connect,157719645#10r,157719645#9f,"7.4291274,43.7437824",end,end,,,true
1fff6ef838e8be42fcdc,connect,176774211#1f,176774211#1r,"7.4220781,43.7322379",end,start,,,true
2007964107634ed23a25,connect,25082741#5f,25082741#5r,"7.4253078,43.7372056",end,start,,,true
2013edc581c02a39990b,connect,157719661#1f,164338238#1f,"7.4218357,43.7398553",start,start,,,true
2022c20db91862f9abab,connect,4230122#2r,4230122#3r,"7.4301502,43.7463481",start,end,,,true
203c4b9c32fac466fb20,connect,851991828#1f,851991828#1r,"7.4378359,43.7491821",start,end,,,true
203c8b1cc86d18e7dece,connect,503462470#1f,503462470#1r,"7.4175483,43.7317451",end,start,,,true
203e041766fa2b87337c,connect,93137615#3f,93137615#3r,"7.4299328,43.7429980",end,start,,,true
204c7a08508d36a14bde,connect,157719664#3f,157719664#4f,"7.4255035,43.7404898",end,start,,,true
204f5413162b19fee529,connect,157719649#1f,166009792#3r,"7.4228610,43.7395679",start,start,,,true
20663d8d97e251e1c58b,connect,176674530#4f,176674530#4r,"7.4241349,43.7382264",start,end,,,true
207e0a54452dd9ef4ed0,connect,176477342#4r,4097656#1f,"7.4259881,43.7389156",start,start,,,true
207fe1e1597dfcc83b62,connect,338900930#1f,338900930#2r,"7.4352336,43.7493774",end,end,,,true
208aefde347317848600,connect,164338236#1f,851792660#1r,"7.4200043,43.7387594",start,end,,,true
20a00cad890be4f84a1e,connect,1549110514#1r,92627436#1r,"7.4111533,43.7300026",start,end,,,true
20a1a0abcda65d01d00e,connect,120062661#1f,78141884#1r,"7.4204901,43.7369253",end,start,,,true
20bad3c2562dd93e8b9f,connect,157719644#1r,157719644#2r,"7.4234970,43.7372395",start,end,,,true
20c6faf126d6a69dacf9,connect,943188283#1r,95449778#1f,"7.4193710,43.7381177",end,end,,,true
20ea1b260bd53c87b412,connect,161769679#3f,161775592#3f,"7.4278577,43.7386674",end,start,,,true
20f0ca88fd4d77e602b7,connect,334364604#1f,334364604#1r,"7.4226229,43.7409189",start,end,,,true
2109e1b77ddb0df8e108,connect,1451501763#1r,348019480#2f,"7.4254806,43.7372286",end,end,,,true
210e1de3cd5faf4c657a,connect,1230247123#1f,160004393#1r,"7.4279727,43.7377783",start,start,,,true
212425b90e7115e88a79,connect,503434359#1f,94399600#1f,"7.4167605,43.7358560",end,end,,,true
2127dad2cf6b3b7ea898,connect,167625718#1f,167625750#1f,"7.4181179,43.7308488",end,end,,,true
2135daf3c125abfe8ed9,connect,167625718#2f,80378487#1f,"7.4183756,43.7310311",end,start,,,true
21365b93288bf4d2c188,connect,850261602#4f,850261602#5f,"7.4291001,43.7402906",end,start,,,true
213dbc4a4c7b223b5b08,connect,334773233#1r,357168416#1r,"7.4287627,43.7464825",end,end,,,true
21549b300c578cdef578,connect,1082281156#2f,214635117#2f,"7.4175843,43.7261424",end,end,,,true
215fd39ad5ef84c870d1,connect,1452634279#1f,159170522#1f,"7.4185417,43.7342778",end,start,,,true
216169cd640465ee5dda,connect,158215176#1r,177052168#1r,"7.4176073,43.7274902",start,end,,,true
2162dce216317aa3dce5,connect,690914543#1f,690914543#1r,"7.4143084,43.7277512",start,end,,,true
216c88d201ef49d80d95,connect,158007908#1r,78147639#1f,"7.4274739,43.7318149",start,start,,,true
216d520851634607c275,connect,503783376#1r,503783376#2r,"7.4347588,43.7481430",start,end,,,true
217ac553978508a67f69,connect,690914538#1f,690914538#1r,"7.4136136,43.7274010",end,start,,,true
21851037d37adf378d99,connect,503447059#1r,503447059#2r,"7.4193306,43.7323746",start,end,,,true
2186ee0c332e43b5d240,connect,1342546111#2f,254596488#1f,"7.4301941,43.7443870",end,start,,,true
2195a6d27b6fc3b6d4cd,connect,176337641#3f,176337641#3r,"7.4158380,43.7358009",start,end,,,true
21a0b8675d54dceac1a2,connect,167625718#2f,167625750#1f,"7.4181179,43.7308488",start,end,,,true
21abb123a618c2c44556,connect,161887494#1r,161887494#2r,"7.4267295,43.7331734",start,end,,,true
21c0b93b6ac2cda91361,connect,4230106#3f,4230106#3r,"7.4327711,43.7485850",end,start,,,true
21ce3a7f45906f76ae1d,connect,1326369794#1f,1326369794#1r,"7.4362314,43.7491905",start,end,,,true
21cf4bcd6414998c17f5,connect,503559464#3r,503559464#4f,"7.4284596,43.7339317",start,start,,,true
21efa23cbb8024dc076f,connect,1365041523#1r,176577460#3f,"7.4141458,43.7291795",start,start,,,true
21f853fce27105cfec75,connect,1082312613#1r,92627406#5f,"7.4197532,43.7275894",end,start,,,true
21f91941f04ff7c82d20,connect,4230891#3f,4230891#4f,"7.4303209,43.7402961",end,start,,,true
22046449293e461a9af2,connect,804900034#2f,92627408#1f,"7.4164568,43.7296438",end,start,,,true
2209050ca05c6692bb99,connect,176477342#1f,176477342#2f,"7.4256981,43.7386253",end,start,,,true
220a5740c1032144ce48,connect,200502086#2f,586508238#2f,"7.4246154,43.7395901",start,end,,,true
22281b1c4e1bd31d0fe4,connect,295618745#1r,4229328#1f,"7.4190334,43.7382639",end,start,,,true
222acf87f3539745771d,connect,353889272#1f,51691775#1f,"7.4297438,43.7413520",start,start,,,true
223a8c738a9a260e4a33,connect,503462472#1f,503475665#1f,"7.4137527,43.7272925",end,start,,,true
223eec05c6017cc89ac5,connect,93137621#1f,93137621#2f,"7.4335170,43.7467913",end,start,,,true
22401de7a19034586323,connect,164338241#4f,168104483#3f,"7.4224194,43.7394287",end,end,,,true
224202f75ffda5b17518,connect,182694289#1f,182694289#1r,"7.4276947,43.7329804",end,start,,,true
2264047336e53869f975,connect,181479771#6r,686878340#1r,"7.4163956,43.7367559",start,end,,,true
226b85dcb2c0c8a0f510,connect,1549110516#4f,1549110527#1f,"7.4125938,43.7302884",end,start,,,true
22910232d66c3d3f228e,connect,1019646822#1f,1019646822#2f,"7.4265803,43.7414196",end,start,,,true
229cb5f66f5d5220a722,connect,169297863#1r,169297863#2r,"7.4245897,43.7323501",start,end,,,true
229d20be58b44d9b3d61,connect,121380669#1r,503753417#1r,"7.4160902,43.7314856",end,start,,,true
22ab837be2935e35d852,connect,158189830#1f,92627425#2f,"7.4105039,43.7292085",start,end,,,true
22b308844c3a2e9cdf3f,connect,1034247203#1r,338900930#1r,"7.4353103,43.7493880",start,end,,,true
22c0f1b06a06994e519b,connect,31900611#3f,31900611#3r,"7.4225136,43.7346600",start,end,,,true
22efc53b3a684e6f6446,connect,78141884#1r,93137606#1f,"7.4209338,43.7371530",end,end,,,true
22fad53de2b412987857,connect,167625727#14f,167625727#15f,"7.4194061,43.7285766",end,start,,,true
22fae4baa2937ae1bc61,connect,693487406#3f,693487406#3r,"7.4329682,43.7466976",end,start,,,true
230427ce296481c5376f,connect,157719652#3f,177232619#1f,"7.4255076,43.7403015",start,start,,,true
2317b1af3cd1f749f471,connect,1024393367#1f,177429338#1f,"7.4186520,43.7354395",start,end,,,true
2327799b75a68a5a6ce9,connect,161882805#1r,168890943#4f,"7.4255354,43.7310263",start,start,,,true
232f023bdf6bc911f72a,connect,177189425#1r,177189425#2f,"7.4166904,43.7264034",start,start,,,true
23340d4fab87f1ae53cf,connect,1079489487#1f,1079489489#1f,"7.4181786,43.7351125",end,end,,,true
23362a684a0a289a2284,connect,157719652#1r,157719652#2r,"7.4254724,43.7402526",start,end,,,true
233da4f1e766f132d97b,connect,50501897#1f,50501897#2f,"7.4347366,43.7477096",end,start,,,true
2341dd0ab9681abee9a5,connect,67923338#1r,67923338#2f,"7.4184041,43.7367574",start,start,,,true
234711870cd652774812,connect,157719647#3f,157719647#4f,"7.4249689,43.7394546",end,start,,,true
23536ab3058782c75606,connect,176336111#1f,176336111#2f,"7.4227554,43.7383994",end,start,,,true
2355a210ce8214eebd31,connect,166009792#6f,851792660#1r,"7.4200043,43.7387594",end,end,,,true
2370990839bdcc3c67c4,connect,201009264#3f,360063233#1f,"7.4129275,43.7300768",start,start,,,true
2374c786dc2167a9944c,connect,485746484#1f,485746484#2f,"7.4233282,43.7369010",end,start,,,true
2376b2727455ad874eaf,connect,4229539#2f,4229539#3f,"7.4255911,43.7386159",end,start,,,true
238283214d786e651460,connect,159170535#1f,164338230#4f,"7.4197084,43.7340051",start,start,,,true
2390a7b88070f91c573d,connect,92627406#1r,92627406#2f,"7.4190183,43.7276721",start,start,,,true
23981e7ecbc8260b2126,connect,176577460#3f,176577460#3r,"7.4139233,43.7293508",end,start,,,true
23982de60de722397f2b,connect,503813544#1f,503813546#1f,"7.4182711,43.7320380",start,end,,,true
239d886f0f1f4e1a880a,connect,4230099#3f,4230099#4f,"7.4367151,43.7504595",end,start,,,true
23a4725e03af17392a55,connect,161748260#1f,25179329#1r,"7.4288786,43.7413316",start,end,,,true
23a9ce636fe323e5c1a4,connect,182700007#1f,93137573#1f,"7.4343823,43.7473934",end,start,,,true
23ac5a3a805d62c02c2f,connect,177231049#1r,181479771#2r,"7.4154840,43.7349756",end,start,,,true
23ad3683cdc62bb76924,connect,686878340#1r,686878340#2f,"7.4163131,43.7367488",start,start,,,true
23b476494a7467e6b54b,connect,80378486#1f,804900033#1f,"7.4170928,43.7315999",end,start,,,true
23b7cfabde59c5e93efc,connect,1202747623#2f,1202747623#2r,"7.4183136,43.7272447",end,start,,,true
23bfcd4fc43bbe0fce6f,connect,176684623#1r,176684623#2f,"7.4209184,43.7365938",start,start,,,true
23c282a8e067bbddd563,connect,166399478#6f,166399478#6r,"7.4179056,43.7287625",end,start,,,true
23c779235dd53d36fd7f,connect,1365041523#1r,176577460#3r,"7.4139233,43.7293508",end,start,,,true
23da1aabccb0c4d46324,connect,157719647#1f,4097656#5f,"7.4251499,43.7397216",start,end,,,true
23da71d8c084b991cbdf,connect,4230119#1f,4230119#1r,"7.4295280,43.7466034",end,start,,,true
23e7de549d2a3117925e,connect,699218006#1r,699218006#2r,"7.4229954,43.7369734",start,end,,,true
23f087f861a2886c466f,connect,121380669#1f,121380669#1r,"7.4160902,43.7314856",start,end,,,true
23f7adb4dab5782f051a,connect,4229658#2f,4229658#3f,"7.4273444,43.7392366",end,start,,,true
23fdf0ae3dff67d8a261,connect,161775593#1r,699218006#2r,"7.4231173,43.7369871",end,start,,,true
24069ea77bfb150ac988,connect,67923339#1f,67923339#2f,"7.4154533,43.7357599",end,start,,,true
24156c50f8f0a616ae10,connect,165636046#2f,165636046#2r,"7.4258150,43.7407942",end,start,,,true
24215d697a1bcf444280,connect,1365209993#1r,92627426#1f,"7.4224687,43.7274114",start,start,,,true
2454c30661388abc2f11,connect,849737743#1f,849737743#1r,"7.4179701,43.7288111",end,start,,,true
245775324c217d23ef20,connect,720165108#1f,720165108#2f,"7.4233775,43.7407979",end,start,,,true
2465591a147fcc42ec16,connect,1086377399#3f,503633034#2f,"7.4361911,43.7487300",end,start,,,true
246a7583a4fbf9026040,connect,68814578#2f,788626301#1f,"7.4172970,43.7372997",start,end,,,true
246ec5ab5bb64588c699,connect,182700002#2f,182700002#3f,"7.4324992,43.7461747",end,start,,,true
246f08784dc4a8879b60,connect,1365041523#1f,1365041523#1r,"7.4141458,43.7291795",end,start,,,true
247417b4a79f06414ae3,connect,165636047#1f,165636047#1r,"7.4292595,43.7449991",end,start,,,true
24782aa5be8f9a3e8839,connect,167625726#1f,167625726#2f,"7.4235441,43.7309896",end,start,,,true
247a7cc24a8109c3c01a,connect,157719643#2f,24672709#1r,"7.4234038,43.7414414",end,end,,,true
247e3a4123d019703904,connect,164338247#4f,164338247#5f,"7.4286447,43.7430751",end,start,,,true
2487cfd9e865cf714952,connect,176674530#2f,176674530#3f,"7.4242857,43.7383814",end,start,,,true
24897f2d9ccd36e7bc4a,connect,338900930#1f,338900930#2f,"7.4352336,43.7493774",end,start,,,true
249c6a050cc06ac075d0,connect,157719649#5f,157719649#6f,"7.4218933,43.7398843",end,start,,,true
249e13629cf9ae5f3c5d,connect,177189425#4r,214635114#1f,"7.4171764,43.7264037",start,start,,,true
24a58d2dc70e308b95ae,connect,120114107#1r,1327492339#1f,"7.4171671,43.7316560",end,end,,,true
24aa91faa3482b31f705,connect,1452797914#1r,1452797914#2r,"7.4316187,43.7459440",start,end,,,true
24adad646ccac2f0df26,connect,93137558#1r,93137558#2f,"7.4326049,43.7468759",start,start,,,true
24af23066aa871881e14,connect,850261580#1f,850261580#1r,"7.4256911,43.7316275",start,end,,,true
24b1ae31b9d3d60c1f1e,connect,1001561438#1r,851792658#2r,"7.4124654,43.7311829",end,start,,,true
24bfbaafeac4240b9b13,connect,1202747622#2f,158215176#1f,"7.4180507,43.7272654",end,start,,,true
24d6b16d5ebc20b1ea9f,connect,177189425#4f,177189425#4r,"7.4170823,43.7263970",start,end,,,true
24dff9af8a760eeca83c,connect,1024523798#1r,503559464#5f,"7.4289837,43.7339747",end,end,,,true
24e3e84b60537127e04b,connect,1019360050#2f,503471323#1f,"7.4167980,43.7319595",end,start,,,true
24f1ea33b4624bfe445b,connect,4230122#2f,4230122#3f,"7.4301502,43.7463481",end,start,,,true
24f2335d7fafa107e293,connect,1034247204#1r,1034247204#2f,"7.4367327,43.7497787",start,start,,,true
24f76d9e66dd8f1cf388,connect,1082281160#2f,214635117#4r,"7.4179643,43.7258768",end,start,,,true
25080be3cefc13a0b796,connect,1197885781#1f,834185365#1f,"7.4261980,43.7316703",start,end,,,true
251003bfbbc38bdbba39,connect,166399487#1f,503434354#1f,"7.4153492,43.7333324",start,start,,,true
251575c2f94d2b10844e,connect,92627406#4f,92627406#4r,"7.4197532,43.7275894",end,start,,,true
251d0568cf34876c6bda,connect,1327492338#1f,804900032#1f,"7.4170647,43.7324108",end,end,,,true
252d92374b10d575ab06,connect,177189425#4f,177189425#4r,"7.4171764,43.7264037",end,start,,,true
253a31d832b564af43d0,connect,24668403#1r,294081873#1f,"7.4209724,43.7399088",start,start,,,true
254b5deebb2c42bfba87,connect,164338225#1f,167625737#1f,"7.4212586,43.7331660",start,start,,,true
254e1037752aa85a1a60,connect,157719645#8r,157719645#9r,"7.4288349,43.7431913",start,end,,,true
257318b7ae174c59a576,connect,4229537#1f,4229539#3r,"7.4256506,43.7386004",start,start,,,true
2575924a2527c780b6ec,connect,176321050#1f,176336114#4f,"7.4231469,43.7385008",start,start,,,true
2576bf8e7253a6259c68,connect,1549110515#1f,1549110516#5f,"7.4114043,43.7298349",start,end,,,true
2587d3a62cc3a68378dd,connect,78147639#1f,78147639#2f,"7.4274531,43.7317736",end,start,,,true
258cac6dbfae3c662dce,connect,849737746#2f,849737746#2r,"7.4178449,43.7290513",end,start,,,true
25a6783275dd621889b8,connect,1451501763#1f,25082741#6r,"7.4254806,43.7372286",start,start,,,true
25aacf432b844cc6ad8f,connect,158215180#1f,158215180#6f,"7.4186705,43.7254402",start,end,,,true
25b157d5a87e9753a903,connect,164338247#1f,164338247#2f,"7.4283283,43.7421754",end,start,,,true
25b17bcc7843b52ccefc,connect,200493424#1f,92627414#1f,"7.4187563,43.7276790",start,start,,,true
25b3b57abca165159990,connect,158215184#7f,503462475#1f,"7.4180060,43.7283180",end,start,,,true
25e575d288456860d1cf,connect,503813547#1f,694608616#1f,"7.4188882,43.7325457",end,start,,,true
25e62524ba8f3f0d4d4f,connect,1024523796#1f,177396051#1f,"7.4290575,43.7337991",end,start,,,true
25e8508f5e9ead28b9d0,connect,166399478#2f,503702167#1f,"7.4176125,43.7294974",start,start,,,true
25e9528d1498431c71b5,connect,165636031#6r,834185360#3r,"7.4270171,43.7320437",end,start,,,true
260eea92b85d1e064fc7,connect,177396034#2f,503559464#5f,"7.4289837,43.7339747",end,end,,,true
2632bc6e430b06b338d4,connect,1086377399#1f,1086377399#2r,"7.4362704,43.7486428",end,end,,,true
264eb81cbdbe18c8ec1f,connect,849737743#1r,849737743#2r,"7.4179701,43.7288111",start,end,,,true
26541f6c1e763ca6c604,connect,448186736#5f,448186736#6f,"7.4178419,43.7254583",end,start,,,true
266029934d3ed4ba472d,connect,4230099#7f,4230099#7r,"7.4366261,43.7500705",start,end,,,true
2661aaa69ef3db1d48b3,connect,4229536#2f,4229536#2r,"7.4273074,43.7375321",end,start,,,true
2667829f0e2abd3bf046,connect,128273234#2f,128273234#2r,"7.4326032,43.7490151",start,end,,,true
2672a87f99dfe50985ed,connect,177396440#1r,939532441#1f,"7.4293189,43.7453936",start,start,,,true
2678386ebb0b6ae90ca4,connect,159175448#3f,664388472#1f,"7.4383730,43.7492178",start,end,,,true
2686bfd05d07670844d5,connect,157719645#1r,4230011#2r,"7.4270609,43.7406136",end,start,,,true
268dddbce2213e0a94bc,connect,1388331346#1f,1449972041#1f,"7.4217284,43.7368774",end,start,,,true
2690f13fd2b2c6da0c9e,connect,854880222#1f,854880222#1r,"7.4171323,43.7329167",end,start,,,true
26bb2bffdd44929ae077,connect,159175448#3f,664388473#1r,"7.4382808,43.7489744",end,end,,,true
26c728ae06a88fa49bcf,connect,4230187#1f,4230187#2f,"7.4273614,43.7423601",end,start,,,true
26d60620b94ceae41428,connect,168104492#1f,168104492#1r,"7.4275105,43.7404621",end,start,,,true
26d75ffd08fd3a5b051f,connect,503475642#1f,503475642#2f,"7.4221688,43.7367400",end,start,,,true
26dcbc79801177c406db,connect,8056051#2f,851991828#2f,"7.4381871,43.7493230",end,end,,,true
26e289e0632f49ea0d87,connect,1174009935#1f,353889272#1f,"7.4297438,43.7413520",end,start,,,true
26efbb419d203b7715e2,connect,159170492#3f,94400151#2f,"7.4166643,43.7358533",end,start,,,true
26f3a20f2ae8e27fb122,connect,850261601#1r,850261601#2f,"7.4294240,43.7393375",start,start,,,true
26f9c4612da42c245d76,connect,434567309#1r,434567309#2f,"7.4276466,43.7400580",start,start,,,true
26fa565dda8dd879839b,connect,166149542#5r,94399437#1f,"7.4197104,43.7369463",start,start,,,true
26fe0447ae8d617d7d84,connect,166399486#1f,166399486#1r,"7.4128565,43.7307709",start,end,,,true
27076398dc1a9b3a39bf,connect,503434355#1f,688731299#5f,"7.4150762,43.7330950",start,end,,,true
271100ee4c2f9947cc8f,connect,1410590317#1f,317925725#2r,"7.4148552,43.7341317",start,start,,,true
271451d6a8f721ce2647,connect,833538179#1r,833538179#2r,"7.4173273,43.7265143",start,end,,,true
27157d71b731045e463c,connect,168890943#1f,168890943#2f,"7.4250635,43.7307735",end,start,,,true
27252ef7feb0f099a797,connect,161887489#1r,503559464#3f,"7.4284596,43.7339317",start,end,,,true
272f92fa3735077269ca,connect,308214646#3f,308214646#3r,"7.4271748,43.7394883",end,start,,,true
273adf244672508e79a3,connect,25082741#6r,348019480#2f,"7.4254806,43.7372286",start,end,,,true
274bcb36096bcde2cf5a,connect,92627406#3f,92627406#4r,"7.4197143,43.7276077",end,end,,,true
274d361c3f314eb82649,connect,1342546088#1f,4230099#9r,"7.4362389,43.7497178",end,end,,,true
274f54bc67464c3dcfd9,connect,1342546059#1f,693487406#4f,"7.4327848,43.7468236",start,end,,,true
2755549c043d02a28bc0,connect,334773233#1f,357168416#1f,"7.4287627,43.7464825",start,start,,,true
275e2396f815887e050f,connect,166399488#1f,166399488#2r,"7.4185243,43.7367315",end,end,,,true
275fb53ae5896e827e2f,connect,155085117#1f,731054116#1f,"7.4171332,43.7333609",start,end,,,true
2767ef22f6662d67244d,connect,176577460#4r,176577460#5r,"7.4139032,43.7293663",start,end,,,true
276f0ced73edc739cd28,connect,766768153#1r,766768153#2f,"7.4223636,43.7341605",start,start,,,true
2772356c6841e4640664,connect,1146071897#1f,1233853668#2f,"7.4150352,43.7343461",end,end,,,true
277ec8177172c4343b4e,connect,1449981121#1f,503813537#1f,"7.4188525,43.7323654",end,start,,,true
27992e6b9e619d2287a6,connect,778744698#1f,778744698#2f,"7.4286264,43.7388025",end,start,,,true
27a308dc103f49592ce8,connect,176257197#1f,804900035#1f,"7.4167819,43.7299324",start,end,,,true
27a5813761d6a0fba39f,connect,166399501#3f,166399501#4f,"7.4280619,43.7404648",end,start,,,true
27a78376df96971fa270,connect,159170465#4f,166399488#1f,"7.4184263,43.7367055",end,start,,,true
27a901f0605a442b91da,connect,78147638#1f,943191877#1f,"7.4196733,43.7388253",start,end,,,true
27b36ddb2c8b9ed11854,connect,503638814#1f,503638814#1r,"7.4367609,43.7496694",start,end,,,true
27bddaecad51b21e1194,connect,181479771#5f,181479771#6f,"7.4162287,43.7356587",end,start,,,true
27d10a448559c63c3704,connect,161752639#2r,161752642#1f,"7.4288463,43.7416416",start,start,,,true
27dc13fae9976a2093a4,connect,720165108#3f,720165108#3r,"7.4232955,43.7408298",end,start,,,true
27eecfd4fa4f07aa4b5c,connect,1314186421#1f,166399478#7f,"7.4179056,43.7287625",start,start,,,true
27f1019ff856a4adc362,connect,177588306#1f,177588306#1r,"7.4277383,43.7429274",start,end,,,true
27ff6543fec83f3457ae,connect,336130958#1f,336130958#1r,"7.4158135,43.7353199",start,end,,,true
28005a2fb74854d09529,connect,1019174508#1f,1019174508#2f,"7.4217098,43.7335584",end,start,,,true
280af8dfb538aabd30e7,connect,159170492#1f,159170492#2f,"7.4173199,43.7371209",end,start,,,true
2814536d3ab91263eb0d,connect,1203858295#1f,952419570#1f,"7.4171473,43.7315034",end,start,,,true
281639a0a76f458a8bf4,connect,159170479#3f,164338230#1f,"7.4197593,43.7337483",end,end,,,true
282328a0ea20ea284fc9,connect,1449972072#1f,1449972072#2f,"7.4370913,43.7491094",end,start,,,true
283799948ba6468dc01f,connect,166149542#6f,4229325#1r,"7.4201113,43.7373194",end,end,,,true
2839129ae0de113ad3f7,connect,214635117#7f,214635117#7r,"7.4180931,43.7257852",start,end,,,true
28391d7d275398cef3f8,connect,201011053#1f,503753417#1f,"7.4160486,43.7314634",start,start,,,true
283d009aa7bbce931cd9,connect,176682382#2f,176682382#3f,"7.4130832,43.7291057",end,start,,,true
283edcaf99de0b4badb5,connect,834185360#1f,834185360#2r,"7.4269098,43.7320911",end,end,,,true
28461d88565ae5f6c1c1,connect,166149556#1r,4229328#1f,"7.4190942,43.7380836",end,end,,,true
2849c8b924f9ac5d65e6,connect,4098197#3r,4098197#4f,"7.4317353,43.7475492",start,start,,,true
2866f222f2034be71ec3,connect,176337641#3r,176337641#4r,"7.4154274,43.7363096",start,end,,,true
286fb35393490f6be038,connect,166399478#1f,4229274#3f,"7.4174924,43.7296303",start,end,,,true
287a0a3e9ff15cf718fb,connect,4230099#7f,4230099#8r,"7.4365835,43.7500356",end,end,,,true
287b93af2bbe5f79733c,connect,165636047#2f,165636047#3r,"7.4292849,43.7450455",end,end,,,true
288778b6b68aa47a4a95,connect,214636589#2r,31900611#4r,"7.4223122,43.7346973",end,start,,,true
2890a456bb6a1ef76a11,connect,177045624#1r,503813541#1f,"7.4226785,43.7321826",end,end,,,true
28982489d02d048a52ab,connect,176321050#4r,176674530#1f,"7.4246137,43.7388584",start,start,,,true
28a09bac6e7a1ba6dc7b,connect,120062658#1f,78141884#1r,"7.4204901,43.7369253",start,start,,,true
28a3c39733bd0f087980,connect,4230114#2f,4230114#2r,"7.4317927,43.7488214",start,end,,,true
28a950965f3d265dac39,connect,4230006#2r,4230006#3f,"7.4274959,43.7399103",start,start,,,true
28abbb1b6a8e6c36993b,connect,4230011#3f,4230011#3r,"7.4271043,43.7405915",end,start,,,true
28b44f31647e834f4bf0,connect,93137558#1r,93137558#2r,"7.4326049,43.7468759",start,end,,,true
28b6040df9db65ad2746,connect,176760116#1r,503783376#2r,"7.4349290,43.7482407",end,start,,,true
28b9ea960add13d89686,connect,863835496#2f,863835496#2r,"7.4179059,43.7326892",start,end,,,true
28c72a1a61259be15044,connect,1442123927#1f,694608616#1f,"7.4188538,43.7325151",start,end,,,true
28cc00436b821385579c,connect,788626302#1f,788626643#1f,"7.4174129,43.7372624",end,start,,,true
28cf5338252c5f91b26d,connect,1327492339#1f,952419571#1f,"7.4171671,43.7316560",end,start,,,true
28e49e270b6b019468df,connect,67923339#2f,67923339#3r,"7.4152338,43.7361081",end,end,,,true
28e80187eb6ab12d4012,connect,177189425#2r,448186716#1f,"7.4166904,43.7264034",end,start,,,true
28ee02fb8f4bbb069029,connect,78141882#2f,78141882#2r,"7.4215509,43.7369680",end,start,,,true
28fbfba71e5efacd4eac,connect,1327492341#1f,176395396#1f,"7.4170816,43.7315812",end,start,,,true
2900613232f4a195f6de,connect,1001561438#1r,851792658#2f,"7.4124654,43.7311829",end,end,,,true
2907ee289952a0eb9478,connect,166399487#1f,166399487#1r,"7.4153492,43.7333324",start,end,,,true
290b9613cf98ebad68c1,connect,851792658#1f,851792658#1r,"7.4117641,43.7312377",start,end,,,true
2911c0a1a9676debb651,connect,809470170#1f,809470170#1r,"7.4277379,43.7391243",end,start,,,true
2919e5e7aabe3734596d,connect,161882796#1f,166399479#1f,"7.4213722,43.7344802",start,end,,,true
291ef1acb1c47b13bbb2,connect,176682382#1f,176682384#1f,"7.4125829,43.7285141",end,start,,,true
292b0292259ed90ce771,connect,1081601380#1f,176776353#1f,"7.4217052,43.7333985",end,end,,,true
292f3cbca0071d2d6400,connect,448285212#1f,448285212#1r,"7.4128008,43.7296906",start,end,,,true
29370dc16b9cf2733a18,connect,167086057#1f,167086183#1r,"7.4190184,43.7351944",start,end,,,true
2954f6d254aa9d50252b,connect,155085119#3f,155085119#4r,"7.4150328,43.7351033",end,end,,,true
296627c0290ce449d4c1,connect,929856547#1f,929856547#2f,"7.4362390,43.7488925",end,start,,,true
29691fa715d578ae9f14,connect,1034247204#1f,1034247204#2r,"7.4367327,43.7497787",end,end,,,true
2969b8d015136e7b7bce,connect,833538179#2f,833538179#2r,"7.4173273,43.7265143",start,end,,,true
2973fdfba07997112464,connect,1086377394#1f,1086377394#1r,"7.4373008,43.7490695",start,end,,,true
297e29d469cc058e7d5c,connect,157719641#1f,164338243#1f,"7.4236490,43.7403378",start,start,,,true
29873a3562f6c748f302,connect,850261602#3r,850261602#4f,"7.4292591,43.7401434",start,start,,,true
298751097c2bc68aa732,connect,4097656#3f,4097656#3r,"7.4257668,43.7390784",start,end,,,true
298ae302ce8b05535edc,connect,850261601#2f,850261601#2r,"7.4294240,43.7393375",start,end,,,true
2996526ca03be0d186ff,connect,166399478#2f,177052556#3f,"7.4177071,43.7293685",end,end,,,true
29993209c0bed2b9b2f0,connect,166399486#1f,166399486#2f,"7.4129634,43.7308102",end,start,,,true
299d63ddc6d404926ce9,connect,156242241#1f,25103757#2f,"7.4299447,43.7419627",start,end,,,true
299e8ea876431aa0e728,connect,254596489#1r,78149827#1r,"7.4237917,43.7375487",end,start,,,true
29a70a18c02bb4a088de,connect,157719653#1r,176085754#1f,"7.4298880,43.7402056",end,start,,,true
29b21888af1d302bd1da,connect,160004393#1r,4229536#2r,"7.4273074,43.7375321",end,start,,,true
29c0e085b9954cfa5099,connect,158007911#1f,158007920#1f,"7.4271083,43.7312758",start,end,,,true
29c3c2d25f4f9c6778b2,connect,93137558#4f,93137558#5r,"7.4344177,43.7479471",end,end,,,true
29c9f84933b6c8f06e2f,connect,214635117#5f,214635117#6r,"7.4180618,43.7258075",end,end,,,true
29e0988174f34a3f6e03,connect,24668403#1r,294081875#1f,"7.4213280,43.7401946",end,end,,,true
29e8ee4b7c6eeff7f19b,connect,157719645#1r,157719645#2f,"7.4271661,43.7406985",start,start,,,true
29e9c646db3a4e732395,connect,168959163#1f,168959165#2f,"7.4175017,43.7349718",start,end,,,true
29fc110175cee47eab2a,connect,1314186421#2f,1314186421#2r,"7.4177857,43.7287576",end,start,,,true
2a0773cb15e864f23f17,connect,1131276184#1f,1131276184#2f,"7.4351858,43.7482395",end,start,,,true
2a1e63011fef61b06be8,connect,167625739#3f,503702168#2f,"7.4157049,43.7299405",end,end,,,true
2a273b956a7da2e834b6,connect,164338247#4f,164338247#4r,"7.4286447,43.7430751",end,start,,,true
2a28ba5dbd8d78544d35,connect,93137627#1f,93137627#1r,"7.4278737,43.7384786",start,end,,,true
2a49080813455d4de1f8,connect,164338242#2f,792884355#1f,"7.4252060,43.7412856",end,start,,,true
2a4933b99c703b025318,connect,128273232#1r,338900930#1f,"7.4353103,43.7493880",end,start,,,true
2a53a816604429b6c569,connect,1453165194#1r,1453165194#2f,"7.4129553,43.7308481",start,start,,,true
2a554acb165f9294baa9,connect,1233828725#1f,1233828725#2f,"7.4291378,43.7450311",end,start,,,true
2a653b9babb14e2a0fa8,connect,503783373#1f,503783375#1r,"7.4316525,43.7463288",start,start,,,true
2a6bb68f488329d288d6,connect,176334442#2f,176334442#2r,"7.4338201,43.7486357",start,end,,,true
2a7434f473542e87139c,connect,1034247204#2f,1034247204#2r,"7.4367327,43.7497787",start,end,,,true
2a7b4b45a2252714c7ef,connect,93137558#2f,93137558#2r,"7.4326049,43.7468759",start,end,,,true
2a831b49adfe2a1ac192,connect,448186716#1f,448186716#2r,"7.4166871,43.7263616",end,end,,,true
2a86119d95d572f1bfdb,connect,161748260#1f,161748260#2f,"7.4287946,43.7412253",end,start,,,true
2a873de6cd28b908e796,connect,929856547#1f,929856547#1r,"7.4357328,43.7486711",start,end,,,true
2a8cd8a4aecc19b7f32a,connect,176337648#1f,176337650#1r,"7.4158802,43.7368238",start,end,,,true
2a9661612370f4c35e6c,connect,981971425#1r,981971425#2f,"7.4313239,43.7482224",start,start,,,true
2aae5d43197ec9ce74b9,connect,212766110#2f,690914539#1r,"7.4137705,43.7273459",end,end,,,true
2ab43b9282baa210be21,connect,788197747#1r,851792660#1r,"7.4198758,43.7387972",end,start,,,true
2abbd258285865c1ecad,connect,166399478#8r,166399478#9r,"7.4179289,43.7284198",start,end,,,true
2ac1de13c5a2c7f1e0a0,connect,176321050#4r,4229539#1f,"7.4246137,43.7388584",start,start,,,true
2ac76968a8803e299216,connect,4229539#1f,4229539#2r,"7.4246822,43.7388509",end,end,,,true
2ac82b541ba6cc76e642,connect,161769679#1r,161769679#2r,"7.4277231,43.7387945",start,end,,,true
2aca0489a207b57f9397,connect,166399501#4r,166399501#5r,"7.4287442,43.7411034",start,end,,,true
2ae1c4f69fce41bfe6a0,connect,448285212#1f,449281220#1f,"7.4128008,43.7296906",start,end,,,true
2aeb700408644d870332,connect,308214646#1f,308214646#1r,"7.4269141,43.7393903",start,end,,,true
2aedd8f6f29431ee1b42,connect,1342556413#2f,93137558#5f,"7.4344177,43.7479471",end,start,,,true
2af9dca1e4c90fe0ff9e,connect,1449407308#1r,4098197#1f,"7.4315111,43.7470260",start,start,,,true
2afd8d393e0303efbf1a,connect,165636031#2r,165636031#3r,"7.4268692,43.7325168",start,end,,,true
2b0177778dd3ee7d64ab,connect,766768153#5f,766768153#5r,"7.4227984,43.7331475",start,end,,,true
2b01fbfe0afe219072a2,connect,200502710#1f,4097656#3r,"7.4257668,43.7390784",end,end,,,true
2b14c8c18441d0c254ec,connect,720165108#2r,962525763#1f,"7.4233775,43.7407979",end,end,,,true
2b164294346b9f2a61b5,connect,157719645#5f,157719645#6f,"7.4284853,43.7421636",end,start,,,true
2b24f1b079e833b74ab2,connect,176577460#2f,176577460#3r,"7.4141458,43.7291795",end,end,,,true
2b255dac22baccf79f3f,connect,200499288#1f,51691775#1f,"7.4297438,43.7413520",start,start,,,true
2b2de960867e51a600b7,connect,294081873#1f,294081873#1r,"7.4209724,43.7399088",start,end,,,true
2b321c27438e7f2a586f,connect,177590093#1r,503783376#2r,"7.4347588,43.7481430",end,end,,,true
2b3abb9e520df2074531,connect,168104483#1f,168104483#2f,"7.4228529,43.7390946",end,start,,,true
2b4856be5b2718259f42,connect,165636030#1f,165636030#2f,"7.4263521,43.7315516",end,start,,,true
2b4d05bb127791a6d38c,connect,158215191#1r,503462475#2f,"7.4179107,43.7282998",end,end,,,true
2b5c0a45e92da70c6201,connect,1233853668#2f,1233853668#3f,"7.4150352,43.7343461",end,start,,,true
2b5e3ae9bdea747e668a,connect,1202747623#1f,158215178#1f,"7.4182475,43.7271739",start,end,,,true
2b5f5fe0e502a3753bef,connect,176682382#2f,176682384#1f,"7.4125829,43.7285141",start,start,,,true
2b629dc1651d676d6da8,connect,92627406#2f,92627406#3f,"7.4195101,43.7276397",end,start,,,true
2b706fa80889c4f08bf8,connect,177052163#1f,177189425#2r,"7.4169271,43.7263995",start,start,,,true
2b81283d6a0074be1990,connect,308214646#1f,778494662#1r,"7.4269356,43.7394178",end,start,,,true
2b908ba907b70e7fd679,connect,1342556413#1f,1342556413#1r,"7.4343787,43.7479782",end,start,,,true
2b9fde0644b5e7861461,connect,688731299#5f,688731299#5r,"7.4150227,43.7330547",start,end,,,true
2bab164c5de193778c46,connect,503434364#1f,92627425#1f,"7.4105187,43.7293128",end,start,,,true
2bb4ce9b9b119bfcc27e,connect,4230106#1f,4230106#1r,"7.4334931,43.7488563",start,end,,,true
2bbfef54cc23aae19e39,connect,176477342#1f,4229539#3r,"7.4256506,43.7386004",start,start,,,true
2bc59b46be062636ab0e,connect,4229243#1f,448286547#1f,"7.4128042,43.7292053",end,start,,,true
2bec867fa6baea94421f,connect,4227216#2f,4227216#3r,"7.4245672,43.7329107",end,end,,,true
2bf1d9e17d6bdaf63820,connect,1342546094#1f,4230081#1f,"7.4374105,43.7502869",end,start,,,true
2c01719c252a94e4e7be,connect,181479771#2f,181479771#3f,"7.4154840,43.7349756",end,start,,,true
2c0d025b1a108adf37d0,connect,39839529#3r,4227216#1r,"7.4234484,43.7326800",start,end,,,true
2c1fdb971be522395483,connect,1453165194#1f,166399486#2f,"7.4129634,43.7308102",start,start,,,true
2c2858fa56dcf03230ca,connect,1131276186#1f,1327492344#1f,"7.4166762,43.7320103",end,start,,,true
2c2ea0c9ab1d019f477c,connect,1212029941#1r,176334441#1f,"7.4131027,43.7299349",start,start,,,true
2c2fa64896194659d1b1,connect,164338222#2f,164338222#2r,"7.4275917,43.7330544",start,end,,,true
2c3cf9ec232c985f8552,connect,161887491#1f,177396049#2f,"7.4295550,43.7344862",end,end,,,true
2c42ec21ff434faef2f6,connect,1388331343#3f,1388331344#1f,"7.4216613,43.7368152",end,start,,,true
2c4376e42f37b1e8d176,connect,177590090#2r,177590092#1f,"7.4284206,43.7424626",start,start,,,true
2c5050cca13daf7838d0,connect,4227208#1f,4227208#1r,"7.4269610,43.7320141",start,end,,,true
2c5309778fae6804ea5b,connect,214636589#2f,31900611#4f,"7.4223122,43.7346973",start,end,,,true
2c627024134917bdf3c7,connect,262902068#1f,850261592#2f,"7.4206212,43.7344572",start,end,,,true
2c6920e8e5c67787107e,connect,161629440#1f,353889381#1f,"7.4377449,43.7517526",start,end,,,true
2c6f3b3c979bd0d36032,connect,1230247123#1f,4230891#1r,"7.4280368,43.7378020",end,end,,,true
2c74fa67ac67aff58005,connect,1001561438#1f,435061380#1r,"7.4129989,43.7311411",end,end,,,true
2c9f5548ea4967bcafbd,connect,1443764723#1f,1443764723#1r,"7.4326452,43.7478930",end,start,,,true
2ca2035859fa0fc3c00a,connect,177587135#1f,4229329#2f,"7.4192188,43.7384612",end,end,,,true
2cb203a735763a9d0b20,connect,181479771#4r,181479771#5r,"7.4159215,43.7353944",start,end,,,true
2cbdd5e12faa8f5ee42a,connect,1000930347#1f,353889276#1f,"7.4298608,43.7416841",start,end,,,true
2cbf31cfe037612f2e99,connect,159170450#1f,503475644#1f,"7.4177034,43.7328346",start,start,,,true
2cc9c3d0d1cea2459e41,connect,157719645#2f,157719645#3f,"7.4276654,43.7411907",end,start,,,true
2ccaef46deb8249c8a78,connect,93091320#1f,93091320#2r,"7.4235688,43.7326347",end,end,,,true
2cd7827859c900a06c60,connect,166399478#1f,166399478#2r,"7.4176125,43.7294974",end,end,,,true
2cdaf398804ec7269773,connect,693487406#2f,693487406#2r,"7.4330073,43.7466904",end,start,,,true
2ce66b2f7e3ef6085658,connect,1034247204#2f,1034247204#2r,"7.4368691,43.7497821",end,start,,,true
2cf01a1a7bdf590810fd,connect,1202747623#1r,1202747623#2f,"7.4183021,43.7272339",start,start,,,true
2cf116fee2645c5169fe,connect,1212029943#1f,731585432#1f,"7.4155679,43.7311524",start,end,,,true
2cfb45aa78656378abbb,connect,177232619#6f,177232619#7f,"7.4269040,43.7395451",end,start,,,true
2d0691d450b7989a0815,connect,159170465#1r,94399455#1r,"7.4173020,43.7364794",end,start,,,true
2d0878d7d8a406fcbfe3,connect,1203522177#1r,4230099#6f,"7.4368502,43.7502536",start,start,,,true
2d11d3e6e95f6f08a09b,connect,1283578082#1f,166149542#3f,"7.4195128,43.7367973",start,end,,,true
2d21ac7c72d23d696a2d,connect,690914540#1f,690914541#1f,"7.4139682,43.7275899",start,end,,,true
2d274a4a985accd12f0e,connect,1549110515#1r,1549110516#5f,"7.4114043,43.7298349",end,end,,,true
2d2999ae70ef36ad3c9b,connect,503475642#3f,503475643#1f,"7.4217790,43.7355741",end,start,,,true
2d335b65668a4206faf8,connect,448186712#1f,448186730#1f,"7.4176678,43.7281365",end,start,,,true
2d44ffacef2244e92b8a,connect,212766110#3f,690914539#1f,"7.4137705,43.7273459",start,start,,,true
2d4ab0a86f9ec11188d0,connect,503475644#1f,503475646#1f,"7.4177034,43.7328346",start,end,,,true
2d5156565ff50bba601c,connect,503783368#1r,92627431#1f,"7.4297948,43.7435479",end,end,,,true
2d54d3d34d4b22ea9d72,connect,4230187#2f,4230187#3f,"7.4269537,43.7420698",end,start,,,true
2d595669092555d389d7,connect,1174009935#1f,200499288#1f,"7.4297438,43.7413520",end,start,,,true
2d5965c1bf3c2f7c2281,connect,93137615#3f,93137615#3r,"7.4300559,43.7428136",start,end,,,true
2d64380b4a4ca95c8cf1,connect,720165108#1r,962525763#1f,"7.4233775,43.7407979",start,end,,,true
2d6e97afe8b31af910ff,connect,161882805#1f,161882805#1r,"7.4250635,43.7307735",start,end,,,true
2d7af288202318645e72,connect,166399478#2f,166399478#2r,"7.4177071,43.7293685",end,start,,,true
2d7d949eac7cc9851dea,connect,176776331#5f,176776331#6f,"7.4211328,43.7353839",end,start,,,true
2d8d3890b571f372911a,connect,503462465#3f,93137630#1f,"7.4306302,43.7427422",start,end,,,true
2d9506db2a25f421a6f5,connect,92627406#3r,92627406#4f,"7.4197143,43.7276077",start,start,,,true
2d9fb17f1e8e1cb610e5,connect,176752959#1f,93137606#1r,"7.4220391,43.7375157",end,end,,,true
2da3b76f189ae3fae475,connect,157719641#1r,157719668#2r,"7.4236490,43.7403378",end,start,,,true
2db29248f053f9c4a066,connect,31900611#2f,31900611#2r,"7.4224533,43.7346164",start,end,,,true
2dd89fdc10a61b4b0697,connect,1365209993#1f,168104494#1f,"7.4222370,43.7274310",start,start,,,true
2de6869e365c66c8bf06,connect,1203843643#1f,176682382#4r,"7.4132672,43.7294251",start,end,,,true
2df457f1fc89b90e10fa,connect,157719645#9f,157719645#9r,"7.4291274,43.7437824",end,start,,,true
2e025fe214f94dd61545,connect,1326369794#1f,1326369794#1r,"7.4367609,43.7496694",end,start,,,true
2e1068dd40a64a9477c1,connect,1202730135#2f,1202730135#2r,"7.4136854,43.7315034",start,end,,,true
2e1c360ebdc735067ed1,connect,851792658#1r,851792658#2r,"7.4123300,43.7311960",start,end,,,true
2e1f85430e9206eefd99,connect,166399496#1f,503550471#1f,"7.4191202,43.7371360",start,start,,,true
2e25c0e6d2a605157d6a,connect,503559464#1f,503559464#2f,"7.4273110,43.7334891",end,start,,,true
2e2f031f374b0b813d8d,connect,1203522177#1r,4230099#5f,"7.4368502,43.7502536",start,end,,,true
2e4811597f7886ba7fe3,connect,150050283#1f,167625727#2f,"7.4173816,43.7298765",start,end,,,true
2e58b6f3f3af50a746b6,connect,177590093#2f,177590093#2r,"7.4347165,43.7481775",start,end,,,true
2e5f92596caa4e7c0786,connect,78147635#1f,78147635#1r,"7.4279534,43.7325962",end,start,,,true
2e6add6294c1880d29aa,connect,161748259#2f,161748261#1f,"7.4288753,43.7413010",end,start,,,true
2e71fb5287cede0ef4e2,connect,92627403#1f,92627403#1r,"7.4252100,43.7374505",end,start,,,true
2e73b7fb87ffff1383c6,connect,159170458#3r,254596870#2r,"7.4172340,43.7342644",start,start,,,true
2e77a1c63719a9826b25,connect,503475643#1r,503475643#2f,"7.4220901,43.7351390",start,start,,,true
2e7c9d73fe1aa831e3c1,connect,166399478#9r,503462475#2f,"7.4179557,43.7283561",start,start,,,true
2e7fc29bb6ecbe053557,connect,834185360#2f,834185360#2r,"7.4269098,43.7320911",start,end,,,true
2e977c25503078afff7e,connect,161882796#3f,850261592#2f,"7.4206344,43.7344142",end,start,,,true
2e9fc72d3fd1b1bc5512,connect,166558488#1r,78147640#1f,"7.4277231,43.7329715",end,end,,,true
2ea046cef8bcc5966381,connect,4230099#5f,4230099#6r,"7.4368502,43.7502536",end,end,,,true
2eb7faf15c47c17e87f0,connect,176337641#1r,176337641#2r,"7.4158534,43.7365344",start,end,,,true
2ebb49cf4bd3141c1a9a,connect,1452797914#2f,1452797914#2r,"7.4320893,43.7459278",end,start,,,true
2ebf8d5521a9a95e9727,connect,177590092#1f,177590092#1r,"7.4275634,43.7428524",end,start,,,true
2ed0cf2f9022f191153c,connect,166399488#1r,166399488#2r,"7.4185243,43.7367315",start,end,,,true
2ed2c13ae826eecce0bd,connect,1365209993#1f,92627426#1f,"7.4224687,43.7274114",end,start,,,true
2ede7d037fe1228b192e,connect,295618745#1f,295618745#1r,"7.4190334,43.7382639",start,end,,,true
2ee409f699328c55b9a6,connect,1243224906#1f,4230122#1f,"7.4289839,43.7460105",end,start,,,true
2ee7ff9764fa61f68e8f,connect,863835496#1r,863835496#2r,"7.4179059,43.7326892",start,end,,,true
2eeff9410cf18421e16b,connect,4230099#4f,4230099#5f,"7.4369421,43.7503705",end,start,,,true
2ef1a37add7bd566528d,connect,929856547#1r,929856547#2r,"7.4362390,43.7488925",start,end,,,true
2ef4281de2978c40dad7,connect,159170465#1f,94399455#1f,"7.4173020,43.7364794",start,end,,,true
2ef4c625141bbad49b84,connect,200502086#1f,200502086#1r,"7.4248562,43.7396267",start,end,,,true
2f1123480348eee2b143,connect,1388331346#1f,166399484#1f,"7.4217284,43.7368774",end,start,,,true
2f149704640ca255672b,connect,503434372#1f,503462476#2f,"7.4170580,43.7299926",start,end,,,true
2f191e652991080b502e,connect,166399512#1f,93137580#1f,"7.4384231,43.7493139",start,start,,,true
2f1ee1f85f3697a46199,connect,4230097#2f,4230100#1f,"7.4352878,43.7499395",start,start,,,true
2f3f4a9695d2bc5b71ef,connect,177588308#1r,4230187#3f,"7.4269537,43.7420698",end,start,,,true
2f58a2da77023129746f,connect,161752645#1f,4229658#3f,"7.4274184,43.7391880",start,end,,,true
2f58b34c59e7d412c685,connect,214635117#4r,214635117#5r,"7.4179643,43.7258768",start,end,,,true
2f5c2571904102507eee,connect,850261602#2r,850261602#3r,"7.4292741,43.7401071",start,end,,,true
2f670c9bbec3b5afe4bc,connect,164338238#2f,164338238#3f,"7.4200859,43.7392279",end,start,,,true
2f79164c523b5201d533,connect,158215184#4r,158215184#5f,"7.4185546,43.7281517",start,start,,,true
2f7ad6577d86fbd48e07,connect,159170458#2f,159170458#3r,"7.4172167,43.7341419",end,end,,,true
2f840ff94ddc6fca95ad,connect,158215184#1f,158215184#2f,"7.4187697,43.7278398",end,start,,,true
2f8e84b506e2fd236710,connect,423632264#2f,503813546#1r,"7.4178089,43.7318525",end,end,,,true
2f9be20fb4a121356f04,connect,176674530#3f,176674530#4r,"7.4241349,43.7382264",end,end,,,true
2fbefc150038e6ac20e8,connect,334773233#2r,4230119#1f,"7.4295280,43.7466034",end,end,,,true
2fcd8919658644dda818,connect,338900930#1f,338900930#1r,"7.4353103,43.7493880",start,end,,,true
2fcddc1791fb51135cb8,connect,690914542#2f,690914542#3f,"7.4140299,43.7275634",end,start,,,true
2fe30eb01f281f60fc88,connect,1202730135#2f,1202730135#2r,"7.4137978,43.7314835",end,start,,,true
2ff928f37ca97fb37e89,connect,503434363#2f,94399877#1f,"7.4168105,43.7358181",end,start,,,true
2ffb0726932a81148e10,connect,1019174509#9f,694608616#1f,"7.4188882,43.7325457",end,start,,,true
2ffc03805600b97a4420,connect,1000930351#2f,24655134#6f,"7.4296808,43.7416412",start,start,,,true
2ffde1d457d4ee21919c,connect,176337642#1f,503434362#1f,"7.4189979,43.7371197",end,start,,,true
3000f8286022257e8105,connect,4227216#1f,4227216#1r,"7.4234484,43.7326800",start,end,,,true
3007194c125002916734,connect,176760116#3r,503783377#1r,"7.4355176,43.7485686",start,end,,,true
300ef6c5a69966082b94,connect,177189425#3f,177189425#3r,"7.4170823,43.7263970",end,start,,,true
3010131131a3f396e6b5,connect,4230122#1f,4230122#1r,"7.4289839,43.7460105",start,end,,,true
3028b659d8a587a427ce,connect,166399487#2r,166399487#3r,"7.4157229,43.7336596",start,end,,,true
302957d3c8f015221d15,connect,165636031#4f,834313093#1f,"7.4270858,43.7325551",start,start,,,true
302c4576f593cdfa7114,connect,507581426#1f,507581426#1r,"7.4251449,43.7411231",end,start,,,true
303538dbc4854a5bd0ae,connect,24655134#1f,254596488#1f,"7.4301941,43.7443870",start,start,,,true
30456e14238ca816c66a,connect,161887489#1r,503559464#4f,"7.4284596,43.7339317",start,start,,,true
3049531f7ebb1bfd406a,connect,157719662#1f,176336376#4f,"7.4234104,43.7404968",start,end,,,true
304b696391fe26faa5f2,connect,503462468#2f,93137635#1f,"7.4339575,43.7470554",start,end,,,true
30596665503aec1580ab,connect,1202747623#2r,503550463#1r,"7.4183136,43.7272447",start,end,,,true
305aa0ab29385ac4c61c,connect,336130958#1f,336130958#1r,"7.4158878,43.7349745",end,start,,,true
308235f22a8bc206a73c,connect,212764300#1f,214635479#1f,"7.4123036,43.7279779",start,end,,,true
308cbada5454aba57697,connect,166399487#4f,166399487#4r,"7.4162427,43.7343930",end,start,,,true
308f4e511b7e48ea2935,connect,664388473#1f,664388473#1r,"7.4382808,43.7489744",start,end,,,true
3094816e83f7e24887c5,connect,92627406#1f,92627406#2f,"7.4190183,43.7276721",end,start,,,true
30982a0a6a3404c04c4e,connect,4230187#4f,4230187#5f,"7.4267962,43.7417519",end,start,,,true
30a619c9a5c1f194901c,connect,159170509#2f,176776331#7f,"7.4211295,43.7354300",end,start,,,true
30bfbb7e47ff03676640,connect,1449972055#1f,435061380#1r,"7.4135408,43.7314434",end,start,,,true
30c0aafbe1e0043c8705,connect,31900611#2f,31900625#1f,"7.4225136,43.7346600",end,start,,,true
30f1824d33e7061e73db,connect,158215205#5f,834616138#1f,"7.4204493,43.7267233",start,start,,,true
30f195036c8fc50231d4,connect,278143574#3f,690914550#1f,"7.4166848,43.7295524",end,end,,,true
30f3ef19eb573d4f587e,connect,161775593#2f,503475642#1f,"7.4230269,43.7368624",end,start,,,true
30f6909c57ea08ff7918,connect,688731299#3f,688731299#4r,"7.4146411,43.7327438",end,end,,,true
30f71babaa968c38627a,connect,157719645#5r,164338247#1r,"7.4284853,43.7421636",start,end,,,true
30f79696d2ca6474de1a,connect,35092475#2f,95825511#4f,"7.4265116,43.7386376",end,end,,,true
311277be8e6ceee30d62,connect,214636589#3f,214636589#3r,"7.4224101,43.7343117",end,start,,,true
311bc957dae2fdc77666,connect,165636038#3f,4227198#1f,"7.4203389,43.7322395",end,start,,,true
31203319a6cb187cf8e2,connect,166399501#4r,850261602#7f,"7.4280619,43.7404648",end,end,,,true
3123c2441d13a99a8781,connect,166149542#2f,166149542#2r,"7.4170825,43.7348242",start,end,,,true
31342a7615b08cf26e62,connect,161748259#3f,161748261#1f,"7.4288753,43.7413010",start,start,,,true
313d4814f982d649d72b,connect,25082741#4f,25082741#5r,"7.4249187,43.7371701",end,end,,,true
31468f77fd900da22fe9,connect,788197746#2f,788197746#3f,"7.4190662,43.7383734",end,start,,,true
314796a697d1dcb19688,connect,1082281156#1f,1082281156#1r,"7.4176213,43.7261807",end,start,,,true
314c26a6106d3c9dfdd7,connect,503633032#8f,779793204#1f,"7.4370746,43.7490405",start,end,,,true
3155f7a43530969e3497,connect,166399478#3f,166399478#4f,"7.4178449,43.7290513",end,start,,,true
315ba45e0b751abcd87e,connect,1410590314#1f,503434370#1f,"7.4140607,43.7345159",end,start,,,true
315bef2fc4a1b9295c8e,connect,166009795#1r,4229328#1f,"7.4190942,43.7380836",start,end,,,true
315e7fa6e219ed1450f0,connect,254596487#1f,254596487#1r,"7.4299244,43.7405561",start,end,,,true
31630f26fb15c7a51506,connect,423632264#2r,503813546#1f,"7.4178089,43.7318525",start,start,,,true
31631becee4d39da2f0f,connect,24668403#1f,294081875#1f,"7.4213280,43.7401946",start,end,,,true
316eee1253b45f2a7c51,connect,766768153#5f,766768153#6f,"7.4234145,43.7327155",end,start,,,true
31769f3babc9a2bc72fc,connect,176334446#2f,92627415#1f,"7.4298050,43.7405120",end,start,,,true
3182e76a9812ffa34e1e,connect,176336377#1f,176336377#2r,"7.4222326,43.7411456",end,end,,,true
319e1163efbcc58669f5,connect,165636031#6r,4227208#1f,"7.4269610,43.7320141",start,start,,,true
31a137818dd9fa1353ad,connect,1342546059#1f,1342546059#1r,"7.4327848,43.7468236",start,end,,,true
31a325b3e7ff7d90f3ff,connect,158215178#1f,849737729#1r,"7.4177043,43.7265896",start,start,,,true
31a36d7eb5ffc3ac9836,connect,503462474#1f,92627414#1f,"7.4187563,43.7276790",end,start,,,true
31b4f97156f9fa132609,connect,360063233#2f,360063233#2r,"7.4121921,43.7296687",end,start,,,true
31b708fa7cac04ff0d47,connect,78141882#2f,78141882#2r,"7.4212477,43.7370881",start,end,,,true
31bad3ba8a448b7d8ab4,connect,200507331#2f,690914543#1r,"7.4143084,43.7277512",end,end,,,true
31c2e6a6d34fc9b6f47c,connect,1443764722#1f,1449407307#1f,"7.4311988,43.7468029",end,start,,,true
31c721453d6b04f40c68,connect,766768153#5f,766768153#5r,"7.4234145,43.7327155",end,start,,,true
31c7bf00914ef13c7c54,connect,1202361392#1f,1202361392#1r,"7.4272639,43.7413639",start,end,,,true
31dd661956420436f41b,connect,214635117#1r,214635117#2r,"7.4173937,43.7262752",start,end,,,true
31e21fd3d3e4fae4dcaf,connect,4097656#2r,4097656#3f,"7.4257668,43.7390784",start,start,,,true
31f9013ddcb48235ba65,connect,159175448#2f,159175448#2r,"7.4383730,43.7492178",end,start,,,true
31fa8fd71f954ea412a0,connect,434567309#1f,434567309#1r,"7.4276466,43.7400580",end,start,,,true
3206f09c53113ba7d432,connect,1203849334#1f,1203849334#2f,"7.4201329,43.7348777",end,start,,,true
320fa5cea7056b2cac5e,connect,165636031#1r,165636031#2f,"7.4232442,43.7319150",start,start,,,true
32119b03d2b6c47946b2,connect,1283578083#1f,1283578084#1f,"7.4203511,43.7370591",end,start,,,true
32125dfb1ed2f3372df3,connect,176577460#5r,176577460#6r,"7.4139142,43.7296684",start,end,,,true
3216ddb4a10aca7cdfe6,connect,158189815#1f,39839531#5f,"7.4143945,43.7289873",start,end,,,true
323d130c3dd543788fc4,connect,1365041486#2f,4230891#2f,"7.4294579,43.7386365",end,end,,,true
32424c3c4b727a684318,connect,167625719#1f,168890950#1r,"7.4224586,43.7298939",start,start,,,true
32561325b14a0e950d11,connect,1549110517#1r,1549110517#2f,"7.4126765,43.7307014",start,start,,,true
3260a76568d2fd633088,connect,1342556413#1f,1342556413#1r,"7.4342287,43.7480954",start,end,,,true
3267a9cdf85dcebf0140,connect,166643408#1f,176531067#1f,"7.4165073,43.7320176",start,start,,,true
327d7b8ec404a15ded20,connect,1131276184#1f,718024894#1f,"7.4354656,43.7483892",start,start,,,true
328a462195902ab9dc86,connect,176333304#1f,176333304#2f,"7.4331158,43.7492223",end,start,,,true
32a61963b8aea9acc6e0,connect,503475651#1f,503813539#1f,"7.4182698,43.7326660",start,end,,,true
32ac01faa34eb2acd707,connect,503447059#1f,503447059#1r,"7.4193306,43.7323746",end,start,,,true
32b279cc8bae931090cb,connect,254596489#1f,78149827#1r,"7.4237917,43.7375487",start,start,,,true
32babff9c045061bc4e5,connect,177232625#1f,4230006#2f,"7.4274959,43.7399103",start,end,,,true
32c22f0f103f25dbe4d7,connect,572941874#1f,572941874#1r,"7.4280638,43.7386121",end,start,,,true
32c503a17fe3f7700541,connect,159170498#1f,686878369#1r,"7.4168696,43.7371118",start,start,,,true
32d1f47877e7aae65ffd,connect,157719662#2f,962525763#1r,"7.4235192,43.7406289",start,end,,,true
32d6e70f10da851da84d,connect,1082281160#1r,1082281160#2r,"7.4179173,43.7258428",start,end,,,true
32df21e5e2995ba3fb1f,connect,1174006399#1f,1174006401#1f,"7.4308061,43.7454300",end,start,,,true
32ec8b4be84f0dde3d30,connect,850261602#4f,850261602#4r,"7.4292591,43.7401434",start,end,,,true
32f6a8151b595e83818f,connect,177546829#1r,939532441#1r,"7.4292238,43.7451962",end,start,,,true
32fa63c4a4335c2b52f1,connect,214635114#2f,214635117#1r,"7.4173167,43.7263600",start,end,,,true
32fe68c9a570c58c754d,connect,166009794#4f,4230186#1f,"7.4285224,43.7435476",end,start,,,true
330feee3293f0af069df,connect,503462466#1f,50501897#3f,"7.4341117,43.7473392",start,end,,,true
3313ecff714e0b63c4f6,connect,1086377394#1f,1086377394#1r,"7.4372967,43.7490407",end,start,,,true
3314ccd1389d64e935e1,connect,167625737#2f,835382435#1r,"7.4212966,43.7324164",end,start,,,true
3319fd9067db558e33d7,connect,4230011#1r,4230011#2f,"7.4269316,43.7415762",start,start,,,true
331ae727ef2d89129f34,connect,1233853668#2r,1233853668#3f,"7.4150352,43.7343461",start,start,,,true
332a6a6cac8489e0e174,connect,157719645#2f,157719645#3r,"7.4276654,43.7411907",end,end,,,true
332eb0caf33c8cba3da0,connect,25179329#1f,25179329#2f,"7.4289096,43.7414847",end,start,,,true
332f4f972845b01b561c,connect,214635117#2f,214635117#2r,"7.4175843,43.7261424",end,start,,,true
3330c783debbb951404b,connect,35092475#3f,35092475#4r,"7.4267039,43.7379518",end,end,,,true
333159f3f5618fa41e6a,connect,166399478#4f,166399478#4r,"7.4178639,43.7289802",end,start,,,true
333cbe552c7f29c24778,connect,164338238#1f,164338238#2f,"7.4201302,43.7392438",end,start,,,true
336204574693428c73c6,connect,158215185#1f,503462472#4f,"7.4138383,43.7272130",start,start,,,true
336a8b1ffb898b810166,connect,1443764723#1r,1443764723#2f,"7.4326452,43.7478930",start,start,,,true
33845f77f3ffd69761e6,connect,778744698#1f,778744698#1r,"7.4284085,43.7385966",start,end,,,true
33927c3181de0e703f6e,connect,485746484#1f,503475642#1r,"7.4230269,43.7368624",start,end,,,true
3393af734afd2a8ac8b3,connect,165636038#4f,423632259#1f,"7.4212208,43.7320944",end,start,,,true
339dbed2787ed84fb90f,connect,503462470#1f,503462470#1r,"7.4173897,43.7316435",start,end,,,true
33ac048b6eb0a5c50d26,connect,164338222#1r,164338222#2r,"7.4275917,43.7330544",start,end,,,true
33b03935daab545d71c2,connect,120114108#1f,804900032#1f,"7.4170647,43.7324108",start,end,,,true
33c905059f2b34717742,connect,168890950#1f,687577826#1r,"7.4224586,43.7298939",end,end,,,true
33cb7a8c755afb17d9f9,connect,78147640#1f,78147640#1r,"7.4277231,43.7329715",end,start,,,true
33cdf337ac4379bfa36d,connect,150050283#1f,150050283#1r,"7.4173891,43.7299374",end,start,,,true
33ce399a5b8eb416a761,connect,929856547#2f,929856547#2r,"7.4367064,43.7490970",end,start,,,true
33cf45889abd3a94dd2d,connect,4230099#2r,4230099#3r,"7.4366445,43.7504507",start,end,,,true
33cf541477030f9ff33c,connect,4229539#2f,4229539#3r,"7.4255911,43.7386159",end,end,,,true
33fa835a408c4501c99c,connect,25082741#4r,25082741#5f,"7.4249187,43.7371701",start,start,,,true
33fb43a54dddf3b27fdf,connect,166399500#1f,503462461#1f,"7.4153137,43.7287594",start,start,,,true
33ff91ec73650f22139c,connect,1342546060#1f,1342546060#1r,"7.4329155,43.7468563",start,end,,,true
340c74d72328ca525888,connect,1452797914#2f,1452797915#1f,"7.4320893,43.7459278",end,start,,,true
340ccb983dafb0a27bd5,connect,214636589#3f,766768153#1f,"7.4224101,43.7343117",end,start,,,true
340f330498351ec2c73f,connect,503638814#1f,503638814#2r,"7.4368691,43.7497821",end,end,,,true
34108fe0d1b38d93cd9b,connect,165636047#4f,423873046#1r,"7.4295803,43.7455897",end,end,,,true
341eaa6327ae42cd34ce,connect,158215184#2r,158215184#3r,"7.4187375,43.7279139",start,end,,,true
3422d16c92ad443602f1,connect,254596488#1r,503783369#1r,"7.4301941,43.7443870",end,end,,,true
342a6d245bb848e9f434,connect,167625719#1f,167625719#2f,"7.4227580,43.7298507",end,start,,,true
342f121109a46156d605,connect,157719652#2f,157719652#2r,"7.4254724,43.7402526",start,end,,,true
34396d361dec4c27a88b,connect,1212029941#1r,176334441#1r,"7.4131027,43.7299349",start,end,,,true
343d99de2a4029f914b0,connect,4229325#2f,4229327#1f,"7.4196041,43.7377617",end,end,,,true
343e154d23b7edd7d386,connect,766768153#3f,766768153#4r,"7.4224070,43.7337299",end,end,,,true
344f7e7855b7f1e8512a,connect,67923339#1f,67923339#1r,"7.4154533,43.7357599",end,start,,,true
3450cf7aa71fe7993c11,connect,850261602#1f,850261602#1r,"7.4292983,43.7400304",end,start,,,true
34689544e852c72d921e,connect,164338225#1f,164338225#1r,"7.4212586,43.7331660",start,end,,,true
346b29628dca5db3f915,connect,157719652#3r,157719664#4f,"7.4256003,43.7404449",start,end,,,true
346f047eb6cb2dbb190e,connect,120062667#1f,177429338#1f,"7.4197852,43.7365284",end,start,,,true
346ffcce528f4f227027,connect,1470365900#1f,1470365900#2f,"7.4302209,43.7410891",end,start,,,true
3472933623604cbbfb8f,connect,1082281156#2r,214635117#2r,"7.4175843,43.7261424",start,start,,,true
3476eb1704796a55b844,connect,1443764723#2f,1443764723#2r,"7.4334983,43.7484416",end,start,,,true
34980f064541119c8037,connect,624357054#1f,93209287#1f,"7.4381493,43.7513100",end,start,,,true
349aa5d6fa698d6b2619,connect,214636589#3r,31900611#1r,"7.4223501,43.7345465",end,end,,,true
349cffbd59b36895c59f,connect,31900611#1f,31900611#2r,"7.4224533,43.7346164",end,end,,,true
349e7c8cf364225a07d3,connect,1342556412#1r,1342556412#2f,"7.4342287,43.7480954",start,start,,,true
34acc38d04a76d97325b,connect,879995943#2f,879995943#2r,"7.4265215,43.7377194",end,start,,,true
34b90813fde4723040ec,connect,128273232#1f,338900930#1r,"7.4353103,43.7493880",start,end,,,true
34c70a43b032c44af9de,connect,503462461#1f,503462461#2f,"7.4151455,43.7286267",end,start,,,true
34d8e1aa5b8d9d49c218,connect,278143571#1f,278143571#1r,"7.4165986,43.7296054",end,start,,,true
34e95b6ef7afaaa7aeb2,connect,1342546060#1r,693487406#3r,"7.4329682,43.7466976",start,start,,,true
34f1c39881ef48651626,connect,94399437#4f,94399590#1f,"7.4169450,43.7358057",end,start,,,true
34f3d03e2ff5806ff566,connect,4227233#1r,712182870#1r,"7.4273553,43.7329696",end,start,,,true
34f43d1746704115e2c1,connect,1000930351#2f,24655134#5f,"7.4296808,43.7416412",start,end,,,true
34fe0bbaa8eac8365b1c,connect,503633032#2f,718024894#1f,"7.4355046,43.7483485",start,end,,,true
3502207adb0c4627d65b,connect,120113156#2r,946562629#1r,"7.4203758,43.7379838",start,end,,,true
3503945d1678b7717a5f,connect,157719647#6f,157719647#7f,"7.4246560,43.7389286",end,start,,,true
3511bca8c8f4f049ef73,connect,166399498#1f,503550472#1r,"7.4181048,43.7375494",end,end,,,true
351296c210456f964571,connect,200502086#1f,200502086#2r,"7.4246154,43.7395901",end,end,,,true
35137bbbd54225f6d686,connect,4229326#1r,8135845#1f,"7.4196126,43.7376408",end,end,,,true
351463a5ae011c96be70,connect,200507331#2f,690914542#1r,"7.4143084,43.7277512",end,end,,,true
3514dad1b78516e04417,connect,200502086#3f,200502086#4f,"7.4244523,43.7396163",end,start,,,true
3515cb3f30c10e4ab4e1,connect,1081601380#1f,1081601380#1r,"7.4217052,43.7333985",end,start,,,true
352bba9788531c3c463b,connect,788120418#1f,992499988#1f,"7.4250873,43.7415364",start,start,,,true
35335604021de0c97f4d,connect,503471324#4f,8056051#1f,"7.4374236,43.7491390",end,start,,,true
3538822ab4706ca6af04,connect,1365209993#1f,92627426#1r,"7.4224687,43.7274114",end,end,,,true
354a20ea301b2d1378f2,connect,1435532403#1f,176760117#1r,"7.4379979,43.7496196",end,start,,,true
354cd8935a36d19d4e33,connect,4230106#2f,4230106#3f,"7.4328986,43.7486842",end,start,,,true
3551988ccfb27160c6de,connect,165636031#5f,165636031#5r,"7.4270171,43.7320437",end,start,,,true
3554517dd2a26c20098e,connect,161752639#1f,25179329#2r,"7.4289072,43.7416370",start,start,,,true
35610ea2399a7b3b21ab,connect,1549110516#1f,1549110516#1r,"7.4128029,43.7303615",end,start,,,true
356d4acb1b5d67c4c9c8,connect,164338238#1f,176576014#1f,"7.4218357,43.7398553",start,end,,,true
357b38deb53e116a9986,connect,4230114#1r,4230114#2f,"7.4317927,43.7488214",start,start,,,true
357e4383b486ea5e3323,connect,4227230#1f,503813541#1f,"7.4223791,43.7321425",end,start,,,true
358288b93d46827a9572,connect,158007891#1r,158007891#2r,"7.4091260,43.7300896",start,end,,,true
3584494971bc2b49baae,connect,31900611#1f,31900611#1r,"7.4224533,43.7346164",end,start,,,true
358794b4e7c032321db4,connect,690914539#1f,690914539#2f,"7.4136943,43.7273648",end,start,,,true
3587c0152baa846e6f43,connect,164338222#1f,164338222#2f,"7.4275917,43.7330544",end,start,,,true
358d642480aa0ac2b96c,connect,176774211#2f,176774263#2f,"7.4220781,43.7322379",start,end,,,true
35997b52f86a63708b3d,connect,353889275#1f,503462465#1f,"7.4304412,43.7414767",start,start,,,true
359fe4a8c767898b9f68,connect,157719645#8f,157719645#9f,"7.4288349,43.7431913",end,start,,,true
35a93de9709e1ff63a06,connect,4230105#1f,4230105#2r,"7.4325004,43.7480371",end,end,,,true
35b4fbc88fb49897de12,connect,200493424#2f,200493424#3f,"7.4188971,43.7276850",end,start,,,true
35b83c4ef13f7fcc4112,connect,214635115#2r,849737729#1r,"7.4175669,43.7265452",start,end,,,true
35be4e064c4c542a0c89,connect,1314186421#1r,1314186421#2f,"7.4178532,43.7287604",start,start,,,true
35c7614b9c71049b8fd2,connect,4230006#3r,434567309#1r,"7.4275148,43.7399287",start,end,,,true
35d0701d1a07ad442608,connect,158189831#2r,158189831#3r,"7.4104585,43.7289212",start,end,,,true
35e40fbb57abeaf1b815,connect,4230099#3f,4230099#3r,"7.4366445,43.7504507",start,end,,,true
35e649cf544d4b6d52b6,connect,1365041526#1f,1365041526#1r,"7.4145388,43.7292176",start,end,,,true
35e7afdd166898e81c1e,connect,233894501#2f,446542427#1f,"7.4254466,43.7371178",end,start,,,true
35f38435a3e04e6555a8,connect,166149542#5f,166149542#6r,"7.4197104,43.7369463",end,end,,,true
35f6894d10aa72fad710,connect,161882795#1f,161882795#2f,"7.4226223,43.7325528",end,start,,,true
35f6f6144739585b2baf,connect,177045624#1f,503813541#1f,"7.4226785,43.7321826",start,end,,,true
3605b7c3b348918cef23,connect,165636046#3f,165636046#3r,"7.4258150,43.7407942",start,end,,,true
361128ddbdaba98c175b,connect,423632264#1f,423632264#1r,"7.4176953,43.7318119",end,start,,,true
36159e02ece34680276e,connect,688744016#1f,688744016#1r,"7.4145620,43.7327926",start,end,,,true
361e7c73b668f02dacc5,connect,503462465#1f,503462465#2f,"7.4305094,43.7417253",end,start,,,true
3621969ddbb2165ea025,connect,157719645#3r,157719645#4r,"7.4280815,43.7416059",start,end,,,true
362aad93b6c588c6fa4c,connect,4230105#2f,4230105#2r,"7.4328554,43.7482766",end,start,,,true
362f942059a7200c9320,connect,720165108#2f,720165108#2r,"7.4233775,43.7407979",start,end,,,true
3642b1e3dfce9eaeb0db,connect,4227216#1r,4227216#2r,"7.4235413,43.7326981",start,end,,,true
3647c727cc21068aa5d3,connect,31900611#2f,31900611#2r,"7.4225136,43.7346600",end,start,,,true
364f35c4c5a2b8b23edf,connect,166399478#5r,849737743#2f,"7.4179020,43.7288018",start,end,,,true
36513af66178f6df5357,connect,157719698#1f,4230009#1r,"7.4272971,43.7397122",start,start,,,true
365558a24eff0708e785,connect,1551240830#1f,35092475#5f,"7.4266414,43.7379299",start,start,,,true
365c144b579d12f69f3e,connect,176477342#1r,176477342#2r,"7.4256981,43.7386253",start,end,,,true
36663379bff11d8d7b5f,connect,177189425#1f,448186716#1f,"7.4166904,43.7264034",end,start,,,true
3668e1122d9a36e6aa82,connect,164338241#1f,164338241#2f,"7.4218634,43.7398333",end,start,,,true
366a619d1e8f5113e8fc,connect,176333306#1f,4230011#1f,"7.4268727,43.7416018",end,start,,,true
366f2a096660f2824e23,connect,120113156#2r,946562629#1f,"7.4203758,43.7379838",start,start,,,true
367b91973a030927eb65,connect,1197885780#1f,834185365#1f,"7.4261980,43.7316703",end,end,,,true
367ee36fe1e7f87c3f71,connect,182700002#8f,93137564#1f,"7.4317125,43.7451533",end,end,,,true
36817a214b5e81db7385,connect,159170465#4r,166399488#1r,"7.4184263,43.7367055",start,end,,,true
3681a7a989dbabe1e34e,connect,1233828726#1f,278143579#3f,"7.4139931,43.7273350",end,end,,,true
3681b61cdf2518f7f3af,connect,1365209993#1f,167625727#22f,"7.4222370,43.7274310",start,end,,,true
3686da65e9009e1498d7,connect,181479771#3r,181479771#4r,"7.4158135,43.7353199",start,end,,,true
3688cb84b661f76c0721,connect,360063232#1f,360063232#1r,"7.4120357,43.7298569",end,start,,,true
3689ecbace5bcff25724,connect,1099877048#1f,503638814#3r,"7.4370757,43.7499485",start,start,,,true
368c4e1d47a8df5ed4bc,connect,720165108#2f,962525763#1r,"7.4233775,43.7407979",start,start,,,true
3695de32c25bf291cd0c,connect,423632264#1f,503462470#1r,"7.4175483,43.7317451",start,start,,,true
369c410672c6cf8d6eb5,connect,166399478#2r,166399478#3f,"7.4177071,43.7293685",start,start,,,true
369d083ed6b87237ad00,connect,176321050#1f,176321050#2r,"7.4236117,43.7386150",end,end,,,true
36a0fd9409419aaf7abc,connect,423632264#2f,690131582#2f,"7.4176953,43.7318119",start,end,,,true
36ab80134d6953258805,connect,161769679#1f,161775592#3f,"7.4277976,43.7388340",start,end,,,true
36bcbc189f268e5046ac,connect,156188798#1f,156772047#4r,"7.4287155,43.7385771",start,start,,,true
36d021311557612bfb7b,connect,166399486#2f,851792659#1f,"7.4130230,43.7308297",end,start,,,true
36d2d11bcfe225666ad7,connect,176085755#1f,176085755#2f,"7.4300892,43.7410846",end,start,,,true
36daadeba9cc63166742,connect,200502322#1f,200502322#2f,"7.4222516,43.7376767",end,start,,,true
36eee73c2c1ef3174986,connect,308214646#1f,308214646#2r,"7.4269356,43.7394178",end,end,,,true
36f1ed8689420222eb1b,connect,1146071897#1f,1146071897#1r,"7.4149386,43.7342219",start,end,,,true
36fea4c0fae232c65cf1,connect,182694289#1f,4227233#1f,"7.4275506,43.7329977",start,end,,,true
370752fee6765161cdec,connect,157719668#1f,157719668#1r,"7.4238054,43.7399519",end,start,,,true
371087a7a5516ad44aac,connect,503633032#5f,503633032#6f,"7.4362390,43.7486766",end,start,,,true
3716bbf0d7e78af67087,connect,833538179#2f,833538179#2r,"7.4173406,43.7264722",end,start,,,true
3719c9e10ae031542888,connect,4230114#1f,4230114#2f,"7.4317927,43.7488214",end,start,,,true
371a8e54b8399698e17b,connect,1451501763#1f,1451501763#1r,"7.4254806,43.7372286",start,end,,,true
3738cebfa8ea051b4e58,connect,690914551#1r,804900034#2f,"7.4163655,43.7295806",end,start,,,true
374bb2273d73ca8a28c8,connect,166399478#2r,166399478#3r,"7.4177071,43.7293685",start,end,,,true
374ee2ae8ef7fb51d498,connect,39839529#2r,93091320#1f,"7.4234851,43.7326198",start,start,,,true
3754119571401cea69e6,connect,1082281156#1f,1082281156#2r,"7.4176213,43.7261807",end,end,,,true
375b5979c26ebfdff04c,connect,157719685#1f,157719685#1r,"7.4234505,43.7407918",end,start,,,true
376a0d44ba2c9506e514,connect,1451501763#1f,1451501763#1r,"7.4258188,43.7372699",end,start,,,true
376e8301aaf6d1f844ad,connect,4097656#1r,4097656#2f,"7.4258325,43.7390187",start,start,,,true
376f1149839ad34f69d0,connect,1549110515#1f,1549110515#2r,"7.4112609,43.7297615",end,end,,,true
377246c43f967d39d819,connect,67923338#1f,67923338#2f,"7.4184041,43.7367574",end,start,,,true
377b58c97f7dbd226e0c,connect,503434355#1f,688731299#5r,"7.4150762,43.7330950",start,start,,,true
3787f26aa983e69a39ce,connect,165636031#5r,165636031#6r,"7.4270171,43.7320437",start,end,,,true
378d0f6d9b21b20a5da5,connect,161733292#1r,568187257#2f,"7.4291921,43.7406247",start,end,,,true
379a6e5190aec405c1d4,connect,156188798#1r,156772047#4r,"7.4287155,43.7385771",end,start,,,true
37b634e195e74f852eb7,connect,1131276187#3f,120113155#1f,"7.4181971,43.7343856",end,start,,,true
37bf5c15afc8656b8ff9,connect,503633032#6f,503633032#7f,"7.4365575,43.7488249",end,start,,,true
37c600c067a4aa7516bd,connect,176336377#2f,176336377#2r,"7.4222326,43.7411456",start,end,,,true
37d17de20120070d4f75,connect,1243224901#1f,167625756#4f,"7.4287625,43.7460706",start,start,,,true
37d56bd75f9da9aef52c,connect,78147638#3f,788197746#1f,"7.4192265,43.7386182",end,start,,,true
37d95237bfa28125072a,connect,1410590317#1r,317925725#2r,"7.4148552,43.7341317",end,start,,,true
37db9b1b5c12c53c6c45,connect,239592573#2f,449281220#1f,"7.4064367,43.7317945",end,start,,,true
37dd2bbae566770af79a,connect,120062666#1r,120113156#1f,"7.4202911,43.7376732",start,start,,,true
37e705c3887fa3eaed86,connect,181479771#6f,686878340#1r,"7.4163956,43.7367559",end,end,,,true
37ea561f86f83d33973e,connect,157719645#11f,157719645#12r,"7.4305027,43.7453643",end,end,,,true
37f210dd8c745a5dfca8,connect,1452797914#1f,1452797914#2r,"7.4316187,43.7459440",end,end,,,true
37f3d951a8189521cd86,connect,128273233#1f,128273233#1r,"7.4334951,43.7488339",start,end,,,true
37fd0332b03f02ac70d3,connect,4230099#4f,4230099#5r,"7.4369421,43.7503705",end,end,,,true
38077f8ccb83434f47ab,connect,176760116#1f,176760116#2r,"7.4352112,43.7484063",end,end,,,true
380a50517d65eaa32199,connect,4230118#1r,4230118#2r,"7.4307104,43.7475120",start,end,,,true
3810fb7def5a18170662,connect,1319454161#1f,1319454162#1r,"7.4163111,43.7325344",start,end,,,true
3826c5b98b7900cc5866,connect,1342546111#1f,1342546111#2f,"7.4300201,43.7443380",end,start,,,true
38287e9e4dceb5a6c130,connect,176337641#2f,176337641#2r,"7.4158380,43.7358009",end,start,,,true
382af84aaa38e3d67693,connect,166009792#2f,166009792#2r,"7.4229579,43.7396013",end,start,,,true
3837d3419338baa4d830,connect,143536261#2f,156780348#1f,"7.4193676,43.7388641",end,start,,,true
38382205af4ea15ead64,connect,177049248#4f,214635117#8f,"7.4186176,43.7254261",end,end,,,true
383bfa7dac918b51a004,connect,155085119#4r,67923339#1r,"7.4150328,43.7351033",end,end,,,true
3857ad8630e9e73ac637,connect,1428926458#1f,503475642#2f,"7.4221062,43.7366647",start,end,,,true
385add3f2cc1dff0085c,connect,1086377386#1f,1086377386#1r,"7.4388839,43.7490919",start,end,,,true
386fd297f2e46e40b8e1,connect,128273233#2f,128273233#2r,"7.4336033,43.7488565",start,end,,,true
3873865dc0476e15a6b5,connect,200499288#2f,4230007#1f,"7.4295273,43.7409524",end,start,,,true
38772b634c5bab23b396,connect,1019360050#1f,1327492347#1f,"7.4167683,43.7319457",end,end,,,true
3878af198df3e1c1312c,connect,181479771#3f,181479771#3r,"7.4158135,43.7353199",end,start,,,true
3883958708edb212c254,connect,1342546088#1f,4230099#8r,"7.4362389,43.7497178",end,start,,,true
389548aaa0e9efd6b273,connect,4098197#2f,4098197#2r,"7.4317323,43.7475177",end,start,,,true
389c4ba3b2669bacc20b,connect,254596488#1r,93137569#1f,"7.4306856,43.7452240",start,start,,,true
38abaa5e56e279e7f74a,connect,158215191#1f,158215191#1r,"7.4177413,43.7282457",end,start,,,true
38c07390d4567a71142c,connect,503475642#2f,503475642#3r,"7.4221062,43.7366647",end,end,,,true
38d8c93485b252f251a9,connect,176321050#2f,176510133#1f,"7.4236117,43.7386150",start,start,,,true
38e6591c2993ed222a0d,connect,31900636#1f,31900636#2r,"7.4232919,43.7347717",end,end,,,true
38e6c790eb7cc7381f13,connect,297420990#1f,690914552#1f,"7.4166868,43.7297128",end,start,,,true
38f2abc5fca2f39af9e6,connect,161733292#1f,568187257#3f,"7.4291921,43.7406247",end,start,,,true
38ffa2209dbaacb6e7b8,connect,176682382#3f,176682613#1r,"7.4130832,43.7291057",start,start,,,true
3903fc5e8e8f8a97eb64,connect,31900636#1f,31900636#1r,"7.4231186,43.7354194",start,end,,,true
3907ad4611ec8df5165a,connect,448285793#1f,448285793#2f,"7.4128077,43.7293966",end,start,,,true
3911982b7b7fcd4bc3a9,connect,851792659#1f,851792659#1r,"7.4131311,43.7308615",end,start,,,true
39254580eb5c7767619d,connect,166643408#1r,166643408#2f,"7.4168951,43.7325325",start,start,,,true
392748f3f88b0f0aeaaa,connect,93137558#3f,93137558#3r,"7.4328605,43.7470233",start,end,,,true
393f536e551c43e4d11e,connect,159170450#1f,33749606#1f,"7.4176139,43.7336615",end,start,,,true
394ba594b00ad5684d67,connect,156242237#1f,353889282#2f,"7.4304317,43.7413276",start,start,,,true
3966b57947c8b51385c6,connect,166149542#6f,4229325#1f,"7.4201113,43.7373194",end,start,,,true
39698901da4a698b4cf7,connect,176682382#3r,176682613#1r,"7.4130832,43.7291057",end,start,,,true
3969ff55daf4460b8fb4,connect,158215191#1r,158215191#2f,"7.4177413,43.7282457",start,start,,,true
39763d0fc8989133d892,connect,120113156#2f,946562629#1f,"7.4203758,43.7379838",end,start,,,true
39772d260d4677c36c5b,connect,1342546060#1f,1342546060#1r,"7.4329682,43.7466976",end,start,,,true
39a524b690c751e5c89c,connect,503638814#1r,503638814#2f,"7.4368691,43.7497821",start,start,,,true
39aa31b3c3d64970fa38,connect,166558481#1f,503813540#1f,"7.4220576,43.7321018",start,end,,,true
39b464b690ad319642c5,connect,1233853668#1f,1233853668#1r,"7.4149069,43.7341833",start,end,,,true
39c136851968a77f6880,connect,165636031#6f,165636031#6r,"7.4269610,43.7320141",end,start,,,true
39c1ce1b50055529c076,connect,166399487#6f,94399553#1f,"7.4165509,43.7355383",end,start,,,true
39efa93141b4bd9523b4,connect,850261602#5f,850261602#5r,"7.4286979,43.7404329",end,start,,,true
39fbddf97429684d0acd,connect,4230083#1f,624357054#1f,"7.4380895,43.7513054",end,start,,,true
3a0818fa7ac374721d22,connect,690914542#2f,690914542#2r,"7.4140299,43.7275634",end,start,,,true
3a11eda03ea5be1a9cb3,connect,446542424#1f,446542424#2f,"7.4247235,43.7371071",end,start,,,true
3a1b7f3474aca6cd3e5b,connect,78141884#1f,93137606#1r,"7.4209338,43.7371530",start,start,,,true
3a24992135dff57a01cb,connect,166009794#4f,176333307#1r,"7.4285224,43.7435476",end,end,,,true
3a26e74f732103c11e1a,connect,1233853668#1r,1410590317#1f,"7.4149069,43.7341833",end,end,,,true
3a2f3272b3e302b5674f,connect,295618745#1f,295618745#1r,"7.4180722,43.7381665",end,start,,,true
3a3c71ff33a8a24d12fa,connect,176336111#1f,982081599#2f,"7.4227429,43.7384454",start,start,,,true
3a44efa498933f356cfb,connect,31900636#1f,31900636#2f,"7.4232919,43.7347717",end,start,,,true
3a5b27d5e98bd16b8089,connect,168104494#2f,92627421#1f,"7.4218874,43.7272233",end,start,,,true
3a686105a40b661a4127,connect,1082312612#2f,1082312612#2r,"7.4195001,43.7277049",end,start,,,true
3a69dfa96e032b846db2,connect,4230085#1f,941922152#1f,"7.4377482,43.7516532",start,end,,,true
3a79d774e2f2390b13a8,connect,157719643#1f,334368566#1f,"7.4236028,43.7413352",end,start,,,true
3a83cffdcf7b538c68a9,connect,1001561438#1f,1001561438#1r,"7.4124654,43.7311829",start,end,,,true
3a86a2b6aa5d96de72ea,connect,176321050#4f,176674530#1f,"7.4246137,43.7388584",end,start,,,true
3a881e21e7aef47e5b6e,connect,94399600#1f,94399877#1f,"7.4168678,43.7359375",start,end,,,true
3a951faa89c5b44c0edc,connect,200502085#1f,200502086#1r,"7.4248562,43.7396267",start,end,,,true
3a958d70be9658652dd0,connect,1326369794#1r,503638814#1f,"7.4367609,43.7496694",start,start,,,true
3aa884d7a4371c124946,connect,200507331#2r,690914543#1f,"7.4143084,43.7277512",start,start,,,true
3aadb0fc1ca49156c121,connect,158215180#2f,158215180#3f,"7.4186459,43.7253677",end,start,,,true
3aadf60d8b4b17705950,connect,586508234#1f,586508234#2f,"7.4249258,43.7394660",end,start,,,true
3aafaffb613e3066ae63,connect,166149542#3f,166149542#3r,"7.4172425,43.7352819",start,end,,,true
3abbc50737af6daba89a,connect,1146071897#1r,1233853668#1r,"7.4149386,43.7342219",end,start,,,true
3ad43841291314ae2212,connect,690914551#1f,690914551#1r,"7.4163655,43.7295806",start,end,,,true
3adeb12781a921077d96,connect,423632264#2r,690131582#2f,"7.4176953,43.7318119",end,end,,,true
3ae29fd6e8b9236ece06,connect,165636046#1f,165636046#2f,"7.4257024,43.7406200",end,start,,,true
3ae86d395dde5f490f6c,connect,155085119#3f,155085119#3r,"7.4150714,43.7350030",start,end,,,true
3aeecb7e791438b52c22,connect,158215196#2f,833633729#1r,"7.4194137,43.7284996",end,end,,,true
3af9c5ac32bacf064bde,connect,586268005#2f,586268005#2r,"7.4235868,43.7373600",end,start,,,true
3afa6f0596fc8f80de48,connect,150050283#3f,450454878#1f,"7.4175592,43.7300775",start,start,,,true
3b0965ad71c77492afa3,connect,158215184#2f,158215184#2r,"7.4187697,43.7278398",start,end,,,true
3b0bfbdd0d1a292a31e3,connect,851792659#1f,851792659#1r,"7.4130230,43.7308297",start,end,,,true
3b1db6130d1df18c31f7,connect,31900625#1f,31900636#1f,"7.4232919,43.7347717",end,end,,,true
3b1ea15772e08f983373,connect,503475643#1f,503475643#2f,"7.4220901,43.7351390",end,start,,,true
3b2c9abd6f4527709886,connect,166149542#6r,4229325#1r,"7.4201113,43.7373194",start,end,,,true
3b2d024fd8b3a7668a91,connect,1202747623#1f,1202747623#2f,"7.4183021,43.7272339",end,start,,,true
3b3b3976eb4c1a6d366d,connect,31900611#3f,31900611#4r,"7.4224410,43.7346741",end,end,,,true
3b46fcc0ac796938e32a,connect,161769679#3r,161775592#3f,"7.4278577,43.7386674",start,start,,,true
3b4d8e8c75774ea619e5,connect,177232625#1f,4230006#3f,"7.4274959,43.7399103",start,start,,,true
3b5e4a3ed3a9be036f55,connect,155085120#1r,155085120#2r,"7.4153902,43.7320364",start,end,,,true
3b7466b50ce25ce02cf2,connect,4227233#1f,712182870#1r,"7.4273553,43.7329696",start,start,,,true
3b7bf0f5483537122bdf,connect,1131276187#2f,1131276187#3f,"7.4181676,43.7343532",end,start,,,true
3b86adf27de1dd239673,connect,166399478#3r,166399478#4f,"7.4178449,43.7290513",start,start,,,true
3b8c70095684c34fd482,connect,128273233#2r,128273233#3f,"7.4339528,43.7490554",start,start,,,true
3b905ac64357ff3bc07a,connect,1034851195#1r,25179329#2f,"7.4289072,43.7416370",end,end,,,true
3b952dcbb82447b53b63,connect,156188798#1r,156772047#5r,"7.4287155,43.7385771",end,end,,,true
3b95c3c359b821508e55,connect,157719644#2f,157719644#2r,"7.4234970,43.7372395",start,end,,,true
3b9acea8025427153799,connect,161775593#2r,503475642#1f,"7.4230269,43.7368624",start,start,,,true
3b9eb1991bc6542abc6f,connect,35092475#1f,35092475#2f,"7.4262495,43.7387673",end,start,,,true
3b9f91824eb95ac1b620,connect,93137606#1f,93137606#1r,"7.4220391,43.7375157",start,end,,,true
3bb358e30dceb3868cac,connect,39839529#2f,39839529#3f,"7.4234851,43.7326198",end,start,,,true
3bb78e14a2e5da422a59,connect,688731299#4r,688731299#5r,"7.4150227,43.7330547",start,end,,,true
3bba97bf5fde31a5ed64,connect,360063227#1r,360063227#2r,"7.4118229,43.7284180",start,end,,,true
3bbae1b778b2500b2a63,connect,166009792#3f,166009792#4r,"7.4228610,43.7395679",end,end,,,true
3bc8b9151a994fdb151b,connect,334520662#1f,423632277#1f,"7.4120098,43.7281136",start,end,,,true
3bd466877ca6c9b23592,connect,1449972056#1f,1449972059#1f,"7.4134956,43.7320571",start,end,,,true
3be01f27b639e050e1e0,connect,177232619#2f,177232627#1f,"7.4260334,43.7400182",end,start,,,true
3be10625c6c96be55332,connect,164338230#5f,164338230#5r,"7.4196441,43.7342962",end,start,,,true
3be6a559f8c46297fc96,connect,503633031#1f,503633031#2f,"7.4318692,43.7452329",end,start,,,true
3bec3de5297818cf6a69,connect,4230006#3f,434567309#1f,"7.4275148,43.7399287",end,start,,,true
3bf377c7c349cfef3c54,connect,4229325#1r,4229325#2r,"7.4197492,43.7376941",start,end,,,true
3bfec01730903dfd9e62,connect,850261601#3r,850261602#1f,"7.4293684,43.7398637",start,start,,,true
3c123292356781d95081,connect,200998962#1f,690653921#2f,"7.4174558,43.7318555",start,end,,,true
3c2520dbfa451bfcc355,connect,503633031#3f,503633031#4f,"7.4325243,43.7460930",end,start,,,true
3c253cb88fe47688b9b3,connect,158215191#4r,899409585#1f,"7.4167776,43.7281825",start,end,,,true
3c312398042927ffe581,connect,164338219#1f,4227212#1f,"7.4249790,43.7315062",start,start,,,true
3c3f4c12d65183f66e65,connect,4229325#2f,4229325#2r,"7.4197492,43.7376941",start,end,,,true
3c40e85e188707b2e6c2,connect,1452797913#1r,1452797914#1f,"7.4316187,43.7459440",start,end,,,true
3c451d19e7d94dbeddbb,connect,157719668#1f,166009792#2r,"7.4238573,43.7399010",start,end,,,true
3c50b5b36277d56dabe3,connect,1361685182#1f,1361685182#1r,"7.4188428,43.7358779",start,end,,,true
3c67f685fd61a5e0111d,connect,1549110516#5r,1549110527#1f,"7.4125938,43.7302884",end,start,,,true
3c688bba3ceccf027f0f,connect,176333307#3r,176333307#4r,"7.4291934,43.7448512",start,end,,,true
3c692569dc9a6dfbe201,connect,1452797915#1r,1452797915#2r,"7.4321230,43.7459177",start,end,,,true
3c72e13f327a06f57ab9,connect,167625719#1f,687577826#1r,"7.4224586,43.7298939",start,end,,,true
3c7bb740251249fd29a1,connect,448186736#2f,448186736#3r,"7.4177116,43.7257629",end,end,,,true
3c953d3ccd4b81aa9161,connect,176682382#1f,176682382#2f,"7.4125829,43.7285141",end,start,,,true
3c964f98e5c636fe0220,connect,166399497#1f,686878369#1f,"7.4171314,43.7372002",end,start,,,true
3c9b06136257c8f7cf55,connect,214636589#3r,766768153#1r,"7.4224101,43.7343117",start,end,,,true
3ca516f5a4acb2bb170e,connect,4227164#1f,4227164#2f,"7.4229701,43.7323140",end,start,,,true
3cabfb36ee47459ec950,connect,4227216#1f,4227216#1r,"7.4235413,43.7326981",end,start,,,true
3cb704d4c9334a546725,connect,200502085#1f,4229577#3f,"7.4248562,43.7396267",start,end,,,true
3cc64df2449d16e21476,connect,176477340#2f,176800137#1f,"7.4229295,43.7377667",end,end,,,true
3cc6c23a0deda510122d,connect,159170444#1f,8352246#6f,"7.4192476,43.7350788",start,end,,,true
3cc8fd16fcc2afb2cb0a,connect,156772047#8f,156772047#8r,"7.4291695,43.7390118",end,start,,,true
3cdd957da08fb863caaa,connect,1081601380#2f,1081601380#2r,"7.4216746,43.7334914",end,start,,,true
3ce9fd31cbf252227f36,connect,157719652#2r,177232619#1f,"7.4255076,43.7403015",start,start,,,true
3cea1d3b8ace0a24d0c5,connect,690914542#1f,690914542#2f,"7.4140690,43.7275875",end,start,,,true
3cea69ea01233b006a2c,connect,157719645#10r,157719645#11r,"7.4297334,43.7447533",start,end,,,true
3cef9d66f010c4272574,connect,4230114#1r,4230114#2r,"7.4317927,43.7488214",start,end,,,true
3cefd22dfe57f03f8ae7,connect,164338236#3f,851792661#1f,"7.4217097,43.7383656",end,start,,,true
3d2485ab6121a2f40309,connect,254596487#1r,92627405#1f,"7.4299244,43.7405561",end,end,,,true
3d2aeaec4e92b48ea1c5,connect,158189830#1f,158189830#2f,"7.4104470,43.7291430",end,start,,,true
3d361a1c117127a7b138,connect,1443764723#1f,423826027#1f,"7.4323065,43.7478634",start,end,,,true
3d379592a815e2982661,connect,308214646#1f,308214646#1r,"7.4269356,43.7394178",end,start,,,true
3d3ecc6880ccc194977f,connect,4097656#3r,4097656#4r,"7.4256829,43.7393282",start,end,,,true
3d4786b32fc652970c5c,connect,1549110527#1f,1549110527#1r,"7.4125925,43.7302403",end,start,,,true
3d4c63037cdbabd9e7b7,connect,233894501#1f,25082741#5r,"7.4253078,43.7372056",start,start,,,true
3d54fd2af25d80ec26c3,connect,214635117#3f,448186736#1f,"7.4179149,43.7259119",end,start,,,true
3d58be82447537354748,connect,165636031#4r,165636031#5f,"7.4272752,43.7324382",start,start,,,true
3d59468b1828a60be56b,connect,120062272#1f,120062660#1f,"7.4185933,43.7353344",end,start,,,true
3d5adc2cf1538b5b2ebb,connect,1024523798#1f,1024523798#1r,"7.4289837,43.7339747",start,end,,,true
3d60dbecdb10456c076d,connect,448186736#1r,448186736#2r,"7.4178687,43.7258772",start,end,,,true
3d62fe717736fb55076c,connect,1525349447#1f,1525349447#1r,"7.4321217,43.7479413",start,end,,,true
3d63ce0c96bd0eb84b88,connect,158189831#1r,158189831#2f,"7.4105432,43.7291125",start,start,,,true
3d7474390536a75a9e2f,connect,165636046#3f,165636046#3r,"7.4259510,43.7409504",end,start,,,true
3d7b51431fac6eb67e54,connect,161769679#1f,161769679#1r,"7.4277231,43.7387945",end,start,,,true
3d7d80500f4a96482697,connect,212766110#3f,220547253#1f,"7.4137537,43.7273121",end,start,,,true
3d82ee80bc7303fdf6ac,connect,200493424#2f,503550460#1f,"7.4188777,43.7276502",start,end,,,true
3d979e03b7b3d30caa76,connect,167625727#16f,167625727#17f,"7.4201112,43.7286232",end,start,,,true
3d9a8282eb641f1b5c80,connect,1082281160#2f,214635117#5f,"7.4179643,43.7258768",end,start,,,true
3d9d29e05b5639a67fe7,connect,1212029940#1f,177380385#1f,"7.4148944,43.7306924",end,start,,,true
3d9fb8a6e83569c552e5,connect,1342556412#2f,1342556412#2r,"7.4342780,43.7481281",end,start,,,true
3db71c962edc439acbb9,connect,150050283#1r,167625727#2f,"7.4173816,43.7298765",end,end,,,true
3dc829f6cc3dc698167a,connect,158215176#1f,177052168#1f,"7.4176073,43.7274902",end,start,,,true
3dce1e538ab72c2033f7,connect,120062666#1r,120113156#1r,"7.4202911,43.7376732",start,end,,,true
3dd778886f99a2bffb57,connect,157719662#2f,157719685#1f,"7.4235981,43.7407234",end,start,,,true
3def1779194c0b355878,connect,177052163#1f,177052163#1r,"7.4169271,43.7263995",start,end,,,true
3dfe3d7ce8a4be9221a9,connect,165636031#4f,165636031#4r,"7.4272752,43.7324382",end,start,,,true
3e0b6d0fc0157f180d41,connect,158215197#1f,158215197#1r,"7.4185219,43.7255404",end,start,,,true
3e0df290ba8386d60cde,connect,254596486#1f,93137566#2f,"7.4240136,43.7373476",start,end,,,true
3e181b4e519219420984,connect,686878366#1f,686878369#1r,"7.4171314,43.7372002",start,end,,,true
3e192411a86160defd04,connect,4230182#1f,992499988#1f,"7.4250873,43.7415364",end,start,,,true
3e1d81920870ada3c91a,connect,155085121#1f,688731299#5r,"7.4150762,43.7330950",start,start,,,true
3e25770e8156a8973816,connect,720165108#1r,720165108#3f,"7.4232955,43.7408298",end,end,,,true
3e2b6e75f555c4d3eb23,connect,92627406#5f,92627406#5r,"7.4199648,43.7270348",end,start,,,true
3e34078b2c72a92ba618,connect,693487406#1r,693487406#2f,"7.4330493,43.7466827",start,start,,,true
3e367b3ddca0385b45cb,connect,181479771#5f,181479771#6r,"7.4162287,43.7356587",end,end,,,true
3e3a755ca1d585fa4c4f,connect,159170458#3f,254596870#2f,"7.4172340,43.7342644",end,end,,,true
3e3cf294f20a78f97b25,connect,161885378#2r,93091318#1f,"7.4245672,43.7329107",start,end,,,true
3e44474ec8913eb7905e,connect,181479771#7f,686878369#1f,"7.4168696,43.7371118",end,end,,,true
3e47e2316321d9a37737,connect,4227158#1f,4227209#2f,"7.4241358,43.7312799",start,end,,,true
3e4eb25f355f33f30759,connect,158007923#1r,834307952#1f,"7.4274432,43.7317538",end,end,,,true
3e574078f68bf21f1829,connect,166009795#1f,166149556#1r,"7.4190942,43.7380836",end,end,,,true
3e615e0ff1d01ce68b22,connect,4230113#4f,4230118#1r,"7.4307478,43.7476953",end,end,,,true
3e809514d084964a49c8,connect,850261602#3r,850261602#4r,"7.4292591,43.7401434",start,end,,,true
3e86f4ce18edcd6ddeca,connect,212764300#1f,503462471#1f,"7.4123036,43.7279779",start,end,,,true
3e910d2dd0dd6f1eed3d,connect,295618745#1f,8135845#1f,"7.4190334,43.7382639",start,start,,,true
3ea23b421a6a624d3d08,connect,176757513#1f,176757513#2f,"7.4183295,43.7319230",end,start,,,true
3ea29438ea4cd7a015b4,connect,166856355#1r,196538402#1f,"7.4298113,43.7469250",end,start,,,true
3ea5f48b64998ae99128,connect,164338222#1r,78141881#1r,"7.4280458,43.7332532",end,end,,,true
3eab27545fba872504e0,connect,161775592#1f,93137627#1r,"7.4278737,43.7384786",end,end,,,true
3eadc36178683565bf8d,connect,503559464#1f,503559464#2r,"7.4273110,43.7334891",end,end,,,true
3eb269a8fb1951c247e1,connect,766768153#1f,766768153#2f,"7.4223636,43.7341605",end,start,,,true
3eb645c62be82370f96c,connect,161748261#2f,161748261#3f,"7.4290158,43.7413078",end,start,,,true
3ec6f78f27fc2e92dd3b,connect,214635115#1f,214635115#2r,"7.4173406,43.7264722",end,end,,,true
3ec6f852f6e37229096e,connect,78147638#1f,78147638#2f,"7.4194594,43.7388014",end,start,,,true
3ecc7cfa3cf7302ee329,connect,166399478#3f,849737746#2r,"7.4178449,43.7290513",end,start,,,true
3ed65af2bf7679cd3d35,connect,214635115#2f,214635115#2r,"7.4175669,43.7265452",end,start,,,true
3ed88d66b5a0660b68a5,connect,503434401#1f,503447059#2r,"7.4196227,43.7322971",start,start,,,true
3edb0fa8ad36d7ee77f6,connect,1034247204#1f,128273232#1r,"7.4362781,43.7494769",start,start,,,true
3edee8878dfbf45380c7,connect,165636030#3f,834185365#1f,"7.4265430,43.7316796",start,start,,,true
3eee326d8c11e255b860,connect,1099877048#1f,1099877048#1r,"7.4371163,43.7499913",end,start,,,true
3ef5c8276ad9ae3bb0a2,connect,157719644#2f,586268005#1r,"7.4236281,43.7372681",end,end,,,true
3ef692d8d532900d527d,connect,200507331#1f,261740025#1f,"7.4144215,43.7278940",start,start,,,true
3f028281fdeddc08ec38,connect,1449407307#1f,1449407308#1f,"7.4313788,43.7469299",end,start,,,true
3f02bc768a3c01b87f6e,connect,158007891#1r,158007891#2f,"7.4091260,43.7300896",start,start,,,true
3f0e0750a43e4dbcf46c,connect,1238339145#2f,93137589#1f,"7.4318045,43.7450422",start,end,,,true
3f13ea6d635369436e56,connect,157719645#5f,157719645#5r,"7.4284853,43.7421636",end,start,,,true
3f26b48b277ca0a4e50c,connect,1525349447#1r,176334445#2f,"7.4321217,43.7479413",end,end,,,true
3f3bf6ae796d6bb0a4ad,connect,1099877048#1f,1342546092#1f,"7.4371163,43.7499913",end,start,,,true
3f4481f984032ebd2da7,connect,850261577#1r,850261577#2f,"7.4232600,43.7302013",start,start,,,true
3f49809ab0ff18a0876f,connect,157719644#3f,93137566#2f,"7.4240136,43.7373476",end,end,,,true
3f4e80fe0e7f0804da7e,connect,166643408#2r,854880222#1f,"7.4171323,43.7329167",start,end,,,true
3f4fc8e63771c9c7abab,connect,182700195#1f,93137580#1f,"7.4384674,43.7494296",start,end,,,true
3f57f04ebad565d98c1f,connect,177189425#1f,177189425#1r,"7.4166904,43.7264034",end,start,,,true
3f656aa98d12ecbdccf5,connect,156772047#4f,156772047#4r,"7.4287155,43.7385771",end,start,,,true
3f6aefd91471a5211100,connect,214636589#3f,766768153#1r,"7.4224101,43.7343117",end,end,,,true
3f73bada23941b12dc7a,connect,177189425#2r,448186716#1r,"7.4166904,43.7264034",end,end,,,true
3f796c4b23730443d18b,connect,834313093#2f,834313093#2r,"7.4270827,43.7326238",start,end,,,true
3f89d43827888ff04fa1,connect,1034851195#1f,1034851195#1r,"7.4289072,43.7416370",start,end,,,true
3f8a55a2591273d6b4ac,connect,712182870#1f,712182870#1r,"7.4259768,43.7326576",start,end,,,true
3f8c58295a6e2e0c9838,connect,1086377399#3r,503633032#5f,"7.4362390,43.7486766",end,end,,,true
3f993fdddcd006761041,connect,1342546060#1r,693487406#4f,"7.4329682,43.7466976",start,start,,,true
3f9b65a45737e58c52ef,connect,1086377399#1f,1086377399#1r,"7.4364897,43.7484058",start,end,,,true
3fa1f26a5e7bfd71bc2a,connect,176477342#1f,4229539#3f,"7.4256506,43.7386004",start,end,,,true
3fac64369487c658f11a,connect,4230113#1f,981971425#2f,"7.4310609,43.7481020",start,end,,,true
3fac8382eea54b20ec09,connect,31900625#1f,31900636#1r,"7.4232919,43.7347717",end,start,,,true
3facd83d5813c7b2943f,connect,161733292#1f,850261602#6r,"7.4282679,43.7403863",start,start,,,true
3fb34f64cb8b44228356,connect,166149556#1f,166149556#1r,"7.4193491,43.7378381",end,start,,,true
3fb671c40eaaabc14f4a,connect,1131276187#1f,120113155#4f,"7.4180580,43.7343652",start,end,,,true
3fb7ccd632d01535cfcb,connect,176333304#1f,176333304#4f,"7.4330881,43.7492318",start,end,,,true
3fc06231bf6e646f00f3,connect,161887492#1f,161887492#1r,"7.4274035,43.7332864",start,end,,,true
3fc60060a24acff4ddf8,connect,157719645#4r,157719645#5r,"7.4283093,43.7418409",start,end,,,true
3ff9f23907fc6f39bca2,connect,158215184#5f,158215184#5r,"7.4185546,43.7281517",start,end,,,true
3ffbb20ac214860252a9,connect,200998962#1f,398362860#1f,"7.4174558,43.7318555",start,start,,,true
4002684a9f9205d9d0a5,connect,850261577#1f,850261577#2f,"7.4232600,43.7302013",end,start,,,true
400eba453e38dcaed5f5,connect,1197885780#1f,1197885780#1r,"7.4261282,43.7316902",start,end,,,true
4018c2137115d12470ed,connect,176321050#3r,176321050#4r,"7.4245517,43.7388671",start,end,,,true
4022cdd5b715a92ded18,connect,161882794#1f,4227273#1f,"7.4214168,43.7365583",start,start,,,true
4024a0078ad8b181b237,connect,159170465#4r,67923338#2r,"7.4184263,43.7367055",start,start,,,true
4039ee97707b1aac7aa1,connect,690914552#2f,92627408#2f,"7.4167432,43.7298158",end,end,,,true
4040a95c225a89cf0e37,connect,157719641#1f,157719668#2r,"7.4236490,43.7403378",start,start,,,true
40428cbd071e4bdc5d9b,connect,446530365#3f,446530366#1r,"7.4145009,43.7283086",start,end,,,true
40430afde00dad4ca718,connect,4230186#3f,4230186#4f,"7.4276282,43.7426989",end,start,,,true
40517c463beab5ef47ca,connect,120062658#1f,120062661#1f,"7.4204901,43.7369253",start,end,,,true
4053b7eab8db99b2d921,connect,164338236#1f,166009792#6r,"7.4200043,43.7387594",start,start,,,true
405d36229d9bd0d9ba07,connect,1388331345#2f,78141882#2r,"7.4215509,43.7369680",start,start,,,true
405e4a6383f0d5916a53,connect,1549110516#4f,1549110527#1r,"7.4125938,43.7302884",end,end,,,true
407d5148a5e6507ec789,connect,25082741#4f,446542424#2f,"7.4247736,43.7371579",start,end,,,true
407e083b87fedc4b72ef,connect,1081601380#1f,1081601380#1r,"7.4216562,43.7332637",start,end,,,true
40879c7025e471124ba6,connect,128273233#1r,4230105#4r,"7.4334951,43.7488339",end,end,,,true
40a7eadcccfa7a6b0b4d,connect,172533153#1f,503813542#1f,"7.4178089,43.7318525",start,start,,,true
40aedc1986e5a07ba605,connect,4230099#3r,4230099#4f,"7.4367151,43.7504595",start,start,,,true
40af437f27d3275ca07c,connect,572941874#2f,93137627#2f,"7.4280638,43.7386121",start,end,,,true
40b015dab3388019c666,connect,572941874#1f,572941874#4r,"7.4281042,43.7385976",start,start,,,true
40b16213012755887054,connect,176531067#1f,201011053#2f,"7.4158798,43.7313961",end,start,,,true
40b51995a49eae4dd866,connect,1019360049#1f,1019360050#1f,"7.4167099,43.7319497",end,start,,,true
40b8d680249a865c6b8f,connect,95449778#1f,95449778#1r,"7.4193988,43.7379362",start,end,,,true
40d94b855f6022b18934,connect,176682382#1r,176682384#1r,"7.4125829,43.7285141",start,end,,,true
40de83d39a25a3053843,connect,68814575#1f,788626643#1f,"7.4173557,43.7372467",start,end,,,true
40ecc4f7e55ae4c420ed,connect,4230105#2r,4230105#3r,"7.4328554,43.7482766",start,end,,,true
40f60684c95428b22f65,connect,1086377394#1r,503471324#2f,"7.4373008,43.7490695",end,start,,,true
40fe6b3f648fb9422a35,connect,688731299#1r,688731299#2f,"7.4143409,43.7321316",start,start,,,true
4105fdc8d6859024b1b5,connect,158215184#5f,158215184#6f,"7.4182340,43.7282731",end,start,,,true
410640c874a6111da071,connect,157719644#3r,586268005#1r,"7.4236281,43.7372681",end,end,,,true
410add7c9c05c6b6cebe,connect,158007923#1f,78147639#2r,"7.4274432,43.7317538",start,start,,,true
4115e4c9ad52912ff503,connect,158215196#1f,158215196#2f,"7.4194392,43.7281402",end,start,,,true
411642a1bb6328af35c8,connect,167625756#2f,167625756#3f,"7.4288016,43.7460523",end,start,,,true
4120ee371dc8c8353d62,connect,181479771#3r,336130958#1f,"7.4158135,43.7353199",start,start,,,true
4122c9b743356f384b46,connect,503550463#1f,503550463#1r,"7.4186803,43.7274752",end,start,,,true
4131e5949d2a54d647f2,connect,1342546064#1f,93137558#2f,"7.4328605,43.7470233",start,end,,,true
4134990c159fa2c05e2d,connect,1449972043#1r,850261580#1r,"7.4256911,43.7316275",start,end,,,true
413dad92cbfcf0ed1c00,connect,166399501#1f,4230011#7f,"7.4277541,43.7401666",start,end,,,true
414fd880f7d18eb3140c,connect,1019174508#4f,166399479#1f,"7.4213847,43.7344280",end,start,,,true
4158936e2598eaf54c61,connect,161748259#3f,161748260#1f,"7.4288786,43.7413316",end,start,,,true
415c094a2839761e3964,connect,155085121#1f,155085121#2f,"7.4150759,43.7330180",end,start,,,true
4196551098a3d9fcd659,connect,4230114#2f,4230114#3f,"7.4325490,43.7491481",end,start,,,true
41971b788b55230e6b55,connect,1081601380#2f,1081601380#3f,"7.4216746,43.7334914",end,start,,,true
41a9f496e00981dd9081,connect,181479771#7r,686878340#1r,"7.4163956,43.7367559",end,end,,,true
41aec8edbab04e01ec91,connect,503550462#1f,92627414#2f,"7.4186803,43.7274752",start,end,,,true
41c25eaa0600c8166a3f,connect,1079489485#1f,1079489488#1f,"7.4181580,43.7351970",end,end,,,true
41cacc6453d974433fae,connect,503434363#2f,94399590#1f,"7.4168138,43.7358114",start,end,,,true
41f54630c117c84769fc,connect,201009264#2r,201009264#3f,"7.4129275,43.7300768",start,start,,,true
41f5efa95cd02facb730,connect,503638814#2f,503638814#2r,"7.4368691,43.7497821",start,end,,,true
41f857a9629ad54f2266,connect,1449972061#1f,1449972061#1r,"7.4141396,43.7345609",end,start,,,true
4200b4a333afc1240a5f,connect,338900930#1f,338900930#1r,"7.4352336,43.7493774",end,start,,,true
42060e46b2793256ce6d,connect,161885378#1f,161885378#2f,"7.4245595,43.7329487",end,start,,,true
42136c073bec5835ae3f,connect,214636589#1f,31900611#4r,"7.4223122,43.7346973",end,start,,,true
421576e5dfbccb7449c9,connect,158215205#1f,92627406#6f,"7.4203314,43.7267705",start,end,,,true
421cb9c7ed0f8690371e,connect,503462466#3f,503462466#4f,"7.4333856,43.7469213",end,start,,,true
421d66b399d864d0fa8c,connect,1202361392#1f,157719645#2r,"7.4276654,43.7411907",end,start,,,true
422b0cbc0c417919b089,connect,158215184#3f,158215184#3r,"7.4187375,43.7279139",start,end,,,true
424f4648365996d43b1a,connect,158189827#4f,176577460#1r,"7.4143945,43.7289873",end,end,,,true
425c75adf362474f4729,connect,503559461#1f,8056051#1f,"7.4374236,43.7491390",start,start,,,true
426875a420ea941110b6,connect,182700007#1f,182700008#1f,"7.4342119,43.7472003",start,start,,,true
427dcb4b05986752c9ac,connect,106705723#2f,177587135#1f,"7.4195147,43.7378799",end,start,,,true
428b85694205df95ecb0,connect,1319454161#1r,1319454162#1r,"7.4163111,43.7325344",end,end,,,true
42963a84c52140b2b3fc,connect,503462466#6f,693487406#1f,"7.4331276,43.7466684",start,start,,,true
42a775d07e378043a48f,connect,1243224905#1f,167625756#3f,"7.4288016,43.7460523",end,start,,,true
42b1b8bd267ac6553ce0,connect,572941874#1r,572941874#2r,"7.4280638,43.7386121",start,end,,,true
42b859ce56f862d6669e,connect,1365041486#2f,1365041486#2r,"7.4294832,43.7385662",start,end,,,true
42bb4ab6376ab6953dde,connect,177588308#1f,4230187#2f,"7.4269537,43.7420698",start,end,,,true
42c613e6952783614afc,connect,161752642#1f,161752642#1r,"7.4288463,43.7416416",start,end,,,true
42e7528b158a2fe0225e,connect,1342546061#1f,182700002#2f,"7.4324992,43.7461747",end,end,,,true
4309c860cc5835ce51a5,connect,501241475#1f,690914542#3r,"7.4139959,43.7275424",start,start,,,true
430a9c8a6bf767efd58f,connect,157719669#1f,24672709#1r,"7.4234038,43.7414414",start,end,,,true
43134b708f8d104f0837,connect,166149542#4f,166149542#5f,"7.4195932,43.7368519",end,start,,,true
4313a9cedfd77c7649ab,connect,4229577#1f,4229577#2f,"7.4250980,43.7397051",end,start,,,true
431b2ab80bdd9886f761,connect,688731299#3f,688731312#2f,"7.4143793,43.7324430",start,end,,,true
432dcaa03ec1a74f1e6d,connect,1549110518#1r,92627436#1f,"7.4125571,43.7303843",end,end,,,true
433610184101f034fe5a,connect,176336111#2f,176336111#3f,"7.4231216,43.7384335",end,start,,,true
43393c32f251f0a1ad8f,connect,4098197#3f,4098197#4f,"7.4317353,43.7475492",end,start,,,true
43405103e5cd96e9e195,connect,1319454162#1f,1319454162#1r,"7.4165016,43.7326972",end,start,,,true
4352354681535521072f,connect,4230117#1f,4230118#2f,"7.4305927,43.7474010",start,end,,,true
435891d40110c5d5c2ea,connect,788626301#1f,788626302#1f,"7.4174595,43.7373343",start,start,,,true
435e1026783b20c31be2,connect,850261601#1f,850261601#2r,"7.4294240,43.7393375",end,end,,,true
436229332f3934bb7ebe,connect,879995943#2f,879995944#1f,"7.4265215,43.7377194",end,start,,,true
436f96c6f51248da5ef0,connect,850261602#4r,850261602#5f,"7.4291001,43.7402906",start,start,,,true
437f0a173d9785f9f586,connect,4230011#7f,4230011#7r,"7.4277541,43.7401666",end,start,,,true
4388eb9670469cab83ec,connect,1452797915#1f,1452797915#1r,"7.4321230,43.7459177",end,start,,,true
438aed7fc8d4faa29e4d,connect,1342546092#3f,503638814#3f,"7.4369557,43.7498418",end,start,,,true
43a9c29fd5fe38ddec2c,connect,156188798#1f,156772047#5r,"7.4287155,43.7385771",start,end,,,true
43b6ce98a0ce5c7ebc37,connect,166399478#4r,166399478#5r,"7.4178639,43.7289802",start,end,,,true
43b858df47eec34f9a7d,connect,1442123927#1f,176086162#1f,"7.4188538,43.7325151",start,start,,,true
43b9d1baefedcfe60f5b,connect,1230398878#1f,503783378#1f,"7.4386022,43.7499111",end,start,,,true
43bc1d2cb47492bf0994,connect,166399487#2f,177231047#1f,"7.4157229,43.7336596",end,start,,,true
43bc41409f603b9a9153,connect,778744698#4f,850261601#2f,"7.4293375,43.7394790",end,end,,,true
43bfdc12202363fbc48c,connect,214635115#1f,214635115#1r,"7.4173406,43.7264722",end,start,,,true
43c5c5e0b57433671606,connect,1327492343#1f,201011053#2f,"7.4157796,43.7314126",start,end,,,true
43c7cd5a9e0fad2ce9e3,connect,156772047#2f,156772047#3f,"7.4279357,43.7381225",end,start,,,true
43ca54f1df0a7f5b7794,connect,4230006#3f,434567309#1r,"7.4275148,43.7399287",end,end,,,true
43d2e4d9ae10df19f430,connect,503475667#1f,690914542#3f,"7.4139959,43.7275424",end,end,,,true
43e67076198cfdb11b8d,connect,1081601380#1f,1081601380#2f,"7.4217052,43.7333985",end,start,,,true
43ff3d539ace48212bf0,connect,166399501#1r,434567309#2f,"7.4277541,43.7401666",end,end,,,true
4418ec3b9a5497e65677,connect,1452797913#1f,1452797913#1r,"7.4315538,43.7458055",start,end,,,true
441b636cfe9908f2525d,connect,8056051#3f,93137623#1f,"7.4382326,43.7493201",end,end,,,true
4429bb4b328827d9f873,connect,159175448#3f,159175448#3r,"7.4383730,43.7492178",start,end,,,true
442e2736f73e6b492c3e,connect,1452797914#2f,1452797915#1r,"7.4320893,43.7459278",end,end,,,true
4441f0cc117643736cd0,connect,156772047#1f,879995944#1f,"7.4267700,43.7377594",start,end,,,true
4449bc45b307577a17a6,connect,850261580#1f,850261580#1r,"7.4255193,43.7315902",end,start,,,true
445d7c393bdc79d1d0e4,connect,164338247#1r,164338247#2f,"7.4283283,43.7421754",start,start,,,true
445f5fc37844daba4b9b,connect,25082741#1r,25082741#2r,"7.4233732,43.7370100",start,end,,,true
446e900379b6c979c13b,connect,1342556412#2f,1342556412#3r,"7.4342780,43.7481281",end,end,,,true
4478b5a7758f431d52b1,connect,1342546064#1f,93137558#3f,"7.4328605,43.7470233",start,start,,,true
447c33c06451a4831acd,connect,176334445#3f,423826027#1f,"7.4321389,43.7478505",end,start,,,true
447f4b164ac3a75b9987,connect,854880221#2f,854880221#3f,"7.4158728,43.7321935",end,start,,,true
4497a583b1dd4d2858c0,connect,93137558#3r,93137558#4f,"7.4331196,43.7471773",start,start,,,true
449ea1fdc000a97ed8f6,connect,159170458#2r,159170458#3f,"7.4172167,43.7341419",start,start,,,true
44a336b7c926d3e12ad8,connect,120113157#1f,946562629#1f,"7.4204770,43.7383783",start,end,,,true
44caa8073b192fbb5bf8,connect,157719669#3f,334364604#1f,"7.4226229,43.7409189",start,start,,,true
44dd14579c97cb85c26e,connect,176674530#4f,176674530#4r,"7.4237795,43.7379777",end,start,,,true
44e3071f1a10b9396b32,connect,4230106#1r,4230106#2f,"7.4334045,43.7489333",start,start,,,true
44ed2e3ef277f89c764c,connect,176752959#1f,176752959#1r,"7.4220391,43.7375157",end,start,,,true
44f09651e1caed80c5ed,connect,166399501#2r,166399501#3r,"7.4279255,43.7403359",start,end,,,true
44f8874ce9a19441c5b5,connect,1297328848#1f,155085119#5r,"7.4145808,43.7349185",end,end,,,true
4509c6d10e7cd2563018,connect,1099823017#1f,1449981121#1f,"7.4186866,43.7322719",end,start,,,true
45135cd6652877d75cb8,connect,261740026#2f,503462461#1f,"7.4151455,43.7286267",end,end,,,true
4531648b361ba75e6278,connect,308214646#1f,778494662#1f,"7.4269356,43.7394178",end,end,,,true
45319dd54aeb28229ef9,connect,1086377398#1f,1086377398#2f,"7.4361963,43.7486042",end,start,,,true
453b073bdf909545ec8a,connect,161882805#1f,168890943#4f,"7.4255354,43.7310263",end,start,,,true
453bdd10b0fa51386788,connect,176760116#2f,176760116#2r,"7.4353822,43.7485009",end,start,,,true
457a1dee7c0898a5e979,connect,176337641#1f,176337650#1f,"7.4156760,43.7367069",start,end,,,true
458ef7662758f3423a02,connect,1365041523#1f,176577460#4f,"7.4139233,43.7293508",start,start,,,true
45900f378e35f9ffa06c,connect,128273233#1r,4230105#4f,"7.4334951,43.7488339",end,start,,,true
459b5a33699fcb3defcf,connect,39839529#1r,503559455#1f,"7.4229757,43.7323832",end,start,,,true
459bc2f4991e470b12dd,connect,1082281156#1r,1082281156#2f,"7.4176213,43.7261807",start,start,,,true
45abcfa77786ae244fbc,connect,67923339#2f,67923339#3f,"7.4152338,43.7361081",end,start,,,true
45af4b0ea91e5b436ed1,connect,446530365#3f,446530365#4f,"7.4142897,43.7281543",end,start,,,true
45c0e936dad5124326c2,connect,503783369#1f,92627431#1f,"7.4299866,43.7440127",end,start,,,true
45cb1c4f989b7ab68768,connect,317925725#1f,503434369#2f,"7.4137621,43.7334251",start,end,,,true
45d85e79b6c31a704953,connect,176337638#1f,503550469#2f,"7.4185257,43.7375409",start,end,,,true
45e494a979c500cea6d9,connect,166399501#5f,166399501#5r,"7.4287442,43.7411034",start,end,,,true
45e897db6ee68b92c55f,connect,568187257#4f,568187257#5f,"7.4289249,43.7410938",end,start,,,true
45e8f570dea508855bdd,connect,155085119#4f,155085119#4r,"7.4150328,43.7351033",start,end,,,true
45f43bcaf55d359c5bfd,connect,834185360#2r,834185360#3r,"7.4269806,43.7320733",start,end,,,true
45f474a381b5ccb61351,connect,200998962#1f,503462470#1f,"7.4175483,43.7317451",end,end,,,true
45f903b563b48cdea4c8,connect,156772047#5r,156772047#6f,"7.4287944,43.7387238",start,start,,,true
460af9e933ff469c9626,connect,262902069#1f,262902069#2f,"7.4204923,43.7349268",end,start,,,true
461af544787e0839cdcc,connect,503434370#2f,503434370#2r,"7.4132849,43.7338591",start,end,,,true
462717991f6f2879b4ab,connect,834185366#1f,834185366#1r,"7.4261756,43.7317958",end,start,,,true
462bca176ac0dbf0e93a,connect,572941874#1f,572941874#4f,"7.4281042,43.7385976",start,end,,,true
462c607dbf566b86d33d,connect,78147639#2f,834307952#1f,"7.4274432,43.7317538",end,end,,,true
462f5bec17f3999d6ba4,connect,1243224902#1f,167625756#4f,"7.4286935,43.7460613",end,end,,,true
463c40ac01b6c1ae15a3,connect,181479771#1f,181479771#2r,"7.4154628,43.7349466",end,end,,,true
463fcbe65230e44e69c6,connect,166009792#3f,166009792#4f,"7.4228610,43.7395679",end,start,,,true
4640035d5da15d177c3e,connect,503559464#1r,503559464#2r,"7.4273110,43.7334891",start,end,,,true
4642942b3b3a7abb5326,connect,167625727#1f,167625727#2f,"7.4173406,43.7298718",end,start,,,true
46467c3b5a20746ebc81,connect,4227216#1f,4227216#2f,"7.4235413,43.7326981",end,start,,,true
466e14f4116f30d279c8,connect,1082312613#2f,1082312613#2r,"7.4199498,43.7276039",end,start,,,true
46711fee937331fadb6a,connect,353889276#2f,353889276#3f,"7.4298272,43.7416532",end,start,,,true
46888b92db04fa9260fc,connect,94399455#1f,94399600#1f,"7.4168678,43.7359375",start,start,,,true
469a692e92db680e088a,connect,166149542#3r,166149542#4f,"7.4195128,43.7367973",start,start,,,true
469d8b50e68fb2c4a23d,connect,165636031#4r,834313093#1r,"7.4270858,43.7325551",end,end,,,true
46ac003d2195af90571d,connect,1079489484#2f,1079489485#1f,"7.4181029,43.7352288",start,start,,,true
46b720ab6474478b5d6c,connect,155085108#1f,92627433#1r,"7.4146056,43.7311246",start,start,,,true
46e5fc4b819cc3035b73,connect,656826921#1f,788120420#1f,"7.4242946,43.7401883",start,start,,,true
46f2b4ded92db081c3d5,connect,835609340#2f,835609340#2r,"7.4154141,43.7292984",end,start,,,true
4706f129ca4d3d42ae60,connect,689855606#1f,689855606#1r,"7.4191274,43.7388804",end,start,,,true
471204949897a69e71e6,connect,168959164#1f,33749606#1f,"7.4175363,43.7339757",start,end,,,true
47181a3cef8115b77853,connect,1034247203#1f,338900930#1r,"7.4353103,43.7493880",end,end,,,true
472571fcecf10920c87e,connect,176682382#2f,176682613#1r,"7.4130832,43.7291057",end,start,,,true
472c550598f28c984507,connect,688731299#4f,688731299#4r,"7.4146411,43.7327438",start,end,,,true
472ce0db38805bd35f0e,connect,1058067231#1f,158189830#1f,"7.4105039,43.7292085",start,start,,,true
47328797439f8b2bb021,connect,4230099#8r,4230099#9f,"7.4362389,43.7497178",start,start,,,true
4733fba2edfa898e335e,connect,159170458#3r,166149542#1f,"7.4172340,43.7342644",start,start,,,true
473456d74d4bc6fa82cc,connect,851991828#1r,851991828#2r,"7.4381839,43.7492902",start,end,,,true
4736d857677efbe9b632,connect,168959164#1f,168959165#1f,"7.4174331,43.7342736",end,start,,,true
473becbe16290ce9f9aa,connect,1082312612#2r,158215196#1r,"7.4195001,43.7277049",start,end,,,true
475766210589aacf335f,connect,158215197#1f,214635117#8f,"7.4184894,43.7255194",start,start,,,true
476889cf03d844c5d6df,connect,1488095482#1r,161748261#3f,"7.4290158,43.7413078",end,start,,,true
476a410a5f103f32fad4,connect,177590093#1r,503783376#2f,"7.4347588,43.7481430",end,start,,,true
476c07579d283cf96504,connect,164338240#4f,164338241#3f,"7.4221328,43.7396324",end,start,,,true
4780648ef839a3de2448,connect,165636031#2r,165636031#3f,"7.4268692,43.7325168",start,start,,,true
478db7a91cc19fedac34,connect,176674530#2r,176674530#3f,"7.4242857,43.7383814",start,start,,,true
478ea814b07d96837cf2,connect,201009264#1f,201009264#2f,"7.4131231,43.7301135",end,start,,,true
4793661a45e1690c3184,connect,503633032#6f,779793204#1f,"7.4365575,43.7488249",end,start,,,true
47975882624c62c15b59,connect,161887490#1f,161887494#1r,"7.4267599,43.7331798",start,end,,,true
4798223f2d9833c5df32,connect,1082312613#1r,92627406#4r,"7.4197532,43.7275894",end,start,,,true
47af53f40259a8a55e2e,connect,201009264#3r,360063233#1f,"7.4129275,43.7300768",end,start,,,true
47b805c4ad86ee0c1cf5,connect,159175448#2f,159175448#2r,"7.4383615,43.7492826",start,end,,,true
47cf95ac5ef5ba3e63de,connect,200493424#3f,92627406#1r,"7.4188971,43.7276850",start,end,,,true
47d1c0b6ee02f654ce71,connect,157719652#3f,157719652#3r,"7.4255076,43.7403015",start,end,,,true
47db9552af7efdba460a,connect,128273231#1f,4230106#3f,"7.4327711,43.7485850",start,end,,,true
47e6e391c064c9a642d8,connect,1019174509#8f,1019174509#9f,"7.4189105,43.7326897",end,start,,,true
47e97627f54f2eacb3df,connect,4230100#1f,4230100#1r,"7.4359741,43.7503615",end,start,,,true
47fb3cfcf0da0c58a970,connect,4227216#3f,4227216#3r,"7.4245672,43.7329107",start,end,,,true
481550b9533246f08aeb,connect,167625738#1f,167625738#2f,"7.4206950,43.7326500",end,start,,,true
481b745022ba8adb450f,connect,158007908#1f,158007908#1r,"7.4274739,43.7318149",end,start,,,true
481c25428068cf2928f7,connect,1034851195#1f,1034851195#2f,"7.4289583,43.7421789",end,start,,,true
481efaa0a11c7435da35,connect,1212029941#1r,353889390#1r,"7.4130320,43.7298527",end,start,,,true
4821280ad2edbc2e7a7b,connect,157719646#1f,176576014#1f,"7.4216227,43.7399889",end,start,,,true
4823d1395b38d496198a,connect,778744698#1f,778744698#1r,"7.4286264,43.7388025",end,start,,,true
48249d578ac0be392ebd,connect,1174009935#1f,353889276#3f,"7.4297390,43.7414891",start,end,,,true
4828c81a35b6e99f0e9e,connect,850261602#7f,850261602#7r,"7.4282679,43.7403863",start,end,,,true
482e3b187526c4082bee,connect,1449407307#1r,1449407308#1f,"7.4313788,43.7469299",start,start,,,true
48378223a4b224754019,connect,834313093#1f,834313093#2r,"7.4270827,43.7326238",end,end,,,true
4842745b7b3b259ecf53,connect,93137558#3f,93137558#3r,"7.4331196,43.7471773",end,start,,,true
4847932b7a2e24eb9634,connect,177588306#1f,177588306#2r,"7.4276709,43.7429450",end,end,,,true
4848bac5a715d05fc677,connect,181479771#5r,181479771#6r,"7.4162287,43.7356587",start,end,,,true
484ef861e89465063c93,connect,157719698#4f,157719701#1r,"7.4261788,43.7403164",start,start,,,true
485d3797db89a7f548a3,connect,158189815#1f,176577460#1r,"7.4143945,43.7289873",start,end,,,true
485fd6bfa71051b8e661,connect,1449972055#1f,435061380#1f,"7.4135408,43.7314434",end,end,,,true
48668ec0532689020706,connect,159170505#1f,159170522#5f,"7.4206431,43.7343829",end,end,,,true
48682596b8836b1a166b,connect,317925725#2r,688744912#1r,"7.4144363,43.7338298",end,end,,,true
4875b3180ed9bf800166,connect,833538179#1f,833538179#1r,"7.4173273,43.7265143",end,start,,,true
487692209bf69c90d985,connect,157719653#1f,254596487#1f,"7.4298880,43.7402056",start,end,,,true
487831530cbcb9f859a5,connect,169297863#1f,177045624#1f,"7.4228153,43.7321967",start,end,,,true
489d3c43a5594b8209f1,connect,1319454162#1f,854880222#1f,"7.4165016,43.7326972",end,start,,,true
48acf6cdd271a790d547,connect,166399501#2r,166399501#3f,"7.4279255,43.7403359",start,start,,,true
48af5e2defcee0ad507a,connect,4230113#1f,4230113#2f,"7.4313675,43.7474585",end,start,,,true
48c03d720f26b65359ab,connect,1233853668#1f,1233853668#1r,"7.4149386,43.7342219",end,start,,,true
48e3302ae04515cb9eb9,connect,196538402#1f,4230118#2f,"7.4305927,43.7474010",end,end,,,true
48eb93605ad36b22c108,connect,157719645#1r,4230011#3r,"7.4270609,43.7406136",end,end,,,true
48ee76d970892a7cf9ec,connect,157719668#2r,164338243#1r,"7.4236490,43.7403378",start,end,,,true
48f2fbb5d66e63391259,connect,1443764724#1f,1443764724#2f,"7.4351531,43.7490673",end,start,,,true
48f99c29427583edc2dc,connect,176752959#1r,93137606#1r,"7.4220391,43.7375157",start,end,,,true
48fa510e2980d9ca9a31,connect,177045624#1f,177045624#1r,"7.4226785,43.7321826",start,end,,,true
48fa5458981e20e1db3e,connect,176752959#1f,254596489#1f,"7.4225362,43.7375949",start,end,,,true
4908df0a19008566b71a,connect,143536279#1f,143536279#2f,"7.4191074,43.7385692",end,start,,,true
490e67e2d300d1d17d9b,connect,4230182#1f,788120418#1f,"7.4250873,43.7415364",end,start,,,true
49226c0eecc1f232f3ee,connect,181479771#3r,336130958#1r,"7.4158135,43.7353199",start,end,,,true
49302b44ed7815ade1e5,connect,157719653#1f,92627427#1f,"7.4279687,43.7379148",end,start,,,true
49425e5f2cafddf85219,connect,308214646#3f,308214646#3r,"7.4270648,43.7394705",start,end,,,true
494cac02e59afe45bf2e,connect,4230122#3f,4230122#3r,"7.4301502,43.7463481",start,end,,,true
494ebd71c56e1a4ca404,connect,166399478#4f,166399478#5f,"7.4178639,43.7289802",end,start,,,true
4955f0863d9380a9415d,connect,254596487#1f,92627405#1r,"7.4299244,43.7405561",start,start,,,true
4959625538717f566f06,connect,158215197#1r,214635117#7f,"7.4184894,43.7255194",end,end,,,true
4962780db8a78bd15424,connect,4227233#1f,712182870#1f,"7.4273553,43.7329696",start,end,,,true
496acd0b0ee8a2a857d1,connect,78149827#1f,92627403#1f,"7.4252100,43.7374505",start,end,,,true
4982245cb2b2d151f5c7,connect,177546829#1r,939532441#1f,"7.4292238,43.7451962",end,end,,,true
4985d47ae6752d2905ab,connect,67923338#2f,67923338#2r,"7.4184263,43.7367055",end,start,,,true
498ac93bec37f54e14c1,connect,166399487#3f,166399487#3r,"7.4157229,43.7336596",start,end,,,true
4990d05d22500dd44a32,connect,214635117#3r,448186736#1f,"7.4179149,43.7259119",start,start,,,true
4994247e48919f07b9af,connect,1452797914#2r,1452797915#1r,"7.4320893,43.7459278",start,end,,,true
49a0b7b622fb6f02985d,connect,176477342#3f,176477342#3r,"7.4259548,43.7388818",end,start,,,true
49a7542ba23d186f6165,connect,200502086#3r,200502086#4f,"7.4244523,43.7396163",start,start,,,true
49aa6d961b916180b3e3,connect,1019174508#4f,850261594#2f,"7.4213847,43.7344280",end,end,,,true
49aab9363c24972dc883,connect,1314186421#1f,1314186421#1r,"7.4178532,43.7287604",end,start,,,true
49b10491dfa17cc51223,connect,503475643#2f,503475643#2r,"7.4220901,43.7351390",start,end,,,true
49b276293e5cddcdf1c5,connect,158215205#4f,834616138#1f,"7.4204493,43.7267233",end,start,,,true
49b5e03c687b8b625c55,connect,448186736#4f,448186736#4r,"7.4176540,43.7256176",start,end,,,true
49b6b11f3c879a5e38fa,connect,834313093#1r,834313093#2f,"7.4270827,43.7326238",start,start,,,true
49b7f3005517e87a6e18,connect,166399478#7f,166399478#8r,"7.4179191,43.7284751",end,end,,,true
49cae7441203b3a240a1,connect,1034247204#1r,4230099#9f,"7.4362781,43.7494769",end,end,,,true
49ce9184ab7542155ab0,connect,167086057#1f,167086183#1f,"7.4190184,43.7351944",start,start,,,true
49d7112703643370500f,connect,261740025#1f,261740025#1r,"7.4144215,43.7278940",start,end,,,true
49d84ed84e51f5dcbaab,connect,778744698#1r,778744698#2r,"7.4286264,43.7388025",start,end,,,true
49dfe5739537ec6f12b3,connect,161733292#1r,568187257#3f,"7.4291921,43.7406247",start,start,,,true
49eefa943f87872d7bf6,connect,167625726#1f,4227209#1r,"7.4235053,43.7310861",start,end,,,true
49f1eb50530f3eff7aca,connect,168104492#1r,4230011#5f,"7.4274806,43.7404301",end,end,,,true
49fd9fb9462f622ff9e6,connect,159170458#2f,159170458#3f,"7.4172167,43.7341419",end,start,,,true
4a0143cffb3bb540a0be,connect,254596486#1f,254596486#2r,"7.4251862,43.7375256",end,end,,,true
4a0189d67cd148e4552c,connect,176684623#1f,8352246#1f,"7.4209665,43.7366135",start,end,,,true
4a0831e6997a40aee2cf,connect,1233853668#3f,181479771#1r,"7.4150835,43.7344132",end,end,,,true
4a09f9fbfb1ef11b602b,connect,166399478#3f,849737746#2f,"7.4178449,43.7290513",end,end,,,true
4a117d48c2e3bfa857b6,connect,4229537#2f,4229537#3f,"7.4244574,43.7383178",end,start,,,true
4a15f04c20ef5d4f7480,connect,181479772#1f,435061380#1f,"7.4135408,43.7314434",start,end,,,true
4a171ff40800cc160a92,connect,4229328#1f,8135845#1f,"7.4190334,43.7382639",start,start,,,true
4a1bc5d41e7dfaf171c9,connect,157719652#1r,4229577#1f,"7.4251499,43.7397216",end,start,,,true
4a20104c3718c8c891df,connect,1034247204#2f,503638814#2r,"7.4368691,43.7497821",end,end,,,true
4a2ae628271556d3b1da,connect,159175448#3f,664388473#1f,"7.4382808,43.7489744",end,start,,,true
4a2bbc1846ef249e4d4a,connect,4097656#1f,4097656#2r,"7.4258325,43.7390187",end,end,,,true
4a2cc69a5461f5d3154b,connect,176336377#1f,176336377#1r,"7.4222326,43.7411456",end,start,,,true
4a313dba046c8b4b0f1a,connect,165636038#1f,165636038#2f,"7.4198284,43.7323603",end,start,,,true
4a363d46edd918af4d4f,connect,166399497#1f,686878369#1r,"7.4171314,43.7372002",end,end,,,true
4a3cedf607564c1b2464,connect,1444437334#1f,718025935#2f,"7.4301626,43.7417650",start,end,,,true
4a42fa4de8f81120cda7,connect,1203522177#1r,4230099#7f,"7.4365835,43.7500356",end,end,,,true
4a4ca56239830aea81df,connect,1410590317#1f,1410590317#1r,"7.4148552,43.7341317",start,end,,,true
4a518fb32260f8772386,connect,348748065#2f,348748065#2r,"7.4179886,43.7284950",start,end,,,true
4a6055810b42e0dc3b02,connect,161882794#1f,176776331#8f,"7.4214168,43.7365583",start,end,,,true
4a62641fd122db4e5f87,connect,1230398878#1r,1435532402#1f,"7.4382863,43.7496931",end,end,,,true
4a71e3d3456b4aca4126,connect,1238339145#3f,503633031#1f,"7.4318453,43.7451179",end,start,,,true
4a74b4ac3a019052e5f4,connect,4230011#7r,434567309#2r,"7.4277541,43.7401666",start,start,,,true
4a7df7c8a4df41b443a6,connect,1342546088#1r,4230099#8f,"7.4362389,43.7497178",start,end,,,true
4a852b4893ca49513732,connect,1019646822#2r,176333306#1f,"7.4267444,43.7415707",start,start,,,true
4a8aa36827368e6abda0,connect,158215176#1r,176130562#1f,"7.4176073,43.7274902",start,start,,,true
4a8c7868245a218c3f7f,connect,1081601380#1r,176776353#1f,"7.4217052,43.7333985",start,end,,,true
4aa227e2fa136f96df90,connect,93091320#1r,93091320#2f,"7.4235688,43.7326347",start,start,,,true
4aa72ba6d82f5182c347,connect,690914540#1r,690914541#1r,"7.4139682,43.7275899",end,start,,,true
4aaa79fa09c4771eac34,connect,1435532403#1f,176760117#1f,"7.4379979,43.7496196",end,end,,,true
4aaeae4043789c7f789d,connect,157719645#11r,157719645#12r,"7.4305027,43.7453643",start,end,,,true
4ab192a65db0d155c1e1,connect,688731299#3f,688731299#3r,"7.4143793,43.7324430",start,end,,,true
4ab6e93acf8896c86cff,connect,158215191#4f,899409585#1f,"7.4167776,43.7281825",end,end,,,true
4abb9bb45f6c1d579a91,connect,39839530#1f,39839530#2f,"7.4223620,43.7319242",end,start,,,true
4abdb93154ed29d86e70,connect,157719668#1r,166009792#2r,"7.4238573,43.7399010",end,end,,,true
4abe20b98aa0bcfb67bb,connect,167625719#1f,687577826#2f,"7.4227580,43.7298507",end,end,,,true
4ac1da1c643001ade920,connect,50501897#3f,93137614#1f,"7.4341117,43.7473392",end,end,,,true
4acda69f496aea37d5ae,connect,67923338#1f,67923338#2r,"7.4184041,43.7367574",end,end,,,true
4acf16a88d230f6d81d2,connect,220547253#1f,503462472#1f,"7.4137537,43.7273121",start,start,,,true
4ad32b72d49fdfaff7c7,connect,503559464#2f,503559464#3f,"7.4277815,43.7335806",end,start,,,true
4ad34c4b6a95cb0f8dee,connect,834185360#1f,834185360#1r,"7.4269098,43.7320911",end,start,,,true
4adc6398bde3b680b01f,connect,353889276#1f,353889276#2f,"7.4298608,43.7416841",end,start,,,true
4ae7b243899e4837ee7f,connect,157719692#1f,157719692#2f,"7.4224998,43.7403259",end,start,,,true
4ae9ddba05133f964fa8,connect,157719645#1f,4230011#2f,"7.4270609,43.7406136",start,end,,,true
4af091b4813b321d7fa2,connect,503633031#5f,50501898#1f,"7.4334133,43.7467199",end,end,,,true
4af7858e3359da7363c6,connect,165636046#3r,165636046#4r,"7.4259510,43.7409504",start,end,,,true
4afa9b0978a69f3a2e6d,connect,334773233#1f,334773233#2f,"7.4295280,43.7466034",end,start,,,true
4afcfce448e809cf53a8,connect,503813544#1f,503813546#1r,"7.4182711,43.7320380",start,start,,,true
4b0b20c5cb511089fed7,connect,176510133#1f,176510133#2f,"7.4236582,43.7385802",end,start,,,true
4b0da55108236210079b,connect,92627436#1f,92627436#1r,"7.4111533,43.7300026",start,end,,,true
4b0f1c8cd80b0205b995,connect,158189819#1r,261740025#1f,"7.4144215,43.7278940",start,start,,,true
4b109aa7c9023aa0d1da,connect,120113156#1f,120113156#1r,"7.4202911,43.7376732",start,end,,,true
4b1461e47636d6b2589b,connect,254596486#1r,254596486#2f,"7.4251862,43.7375256",start,start,,,true
4b179f150a32a466555a,connect,158215196#1r,158215196#2r,"7.4194392,43.7281402",start,end,,,true
4b1e3e64a98fc9e2f559,connect,1435532402#1f,1435973405#1f,"7.4380045,43.7495869",start,end,,,true
4b2d693eb52460c4901b,connect,177052163#1f,177189425#3f,"7.4169271,43.7263995",start,start,,,true
4b30a6a99eeadbcadce9,connect,176477342#1f,176477342#1r,"7.4256981,43.7386253",end,start,,,true
4b3533b9ad4c0bc481ee,connect,8352246#6f,8352246#7f,"7.4192476,43.7350788",end,start,,,true
4b3cc5cc3e495a9e818b,connect,158007923#1r,158007925#1f,"7.4274310,43.7316427",start,end,,,true
4b3fb8e14914b05b6f92,connect,181479771#6f,181479771#7f,"7.4163956,43.7367559",end,start,,,true
4b46099ed20ca186c5a2,connect,167625742#1r,8135891#3f,"7.4281416,43.7446139",start,end,,,true
4b4c12fb86318cb20d5c,connect,718025935#1f,718025935#2f,"7.4303220,43.7417851",end,start,,,true
4b4ea6b0893dac14ed19,connect,128273234#2r,176333304#1f,"7.4331158,43.7492223",start,end,,,true
4b51519bc14229f3fa5a,connect,156772047#3f,156772047#4f,"7.4281189,43.7381945",end,start,,,true
4b7ceac045d437d049f4,connect,166558481#1f,176774211#2r,"7.4222734,43.7322074",end,start,,,true
4b7d795b2e338c73b348,connect,169297863#1r,177045624#1f,"7.4228153,43.7321967",end,end,,,true
4b8d4d4ee7e250151e3b,connect,446542427#2f,446542427#2r,"7.4266982,43.7372385",end,start,,,true
4ba9ed8b23b7bfbea032,connect,214635117#7f,214635117#8r,"7.4184894,43.7255194",end,end,,,true
4bb11da4295e471e1119,connect,446530366#1f,446530366#1r,"7.4139742,43.7286918",end,start,,,true
4bb77b790d0ff98050f7,connect,176577460#1r,176577460#2f,"7.4143369,43.7290323",start,start,,,true
4be8e4e2d528efa7da6d,connect,92627408#2f,92627408#3f,"7.4167432,43.7298158",end,start,,,true
4bed302f12a03f9481ee,connect,39839529#3f,39839529#3r,"7.4234484,43.7326800",end,start,,,true
4bef626c00dc6e0f48fd,connect,4098197#3f,4098197#3r,"7.4317353,43.7475492",end,start,,,true
4bf2705d6baef5f1c0ec,connect,214635117#2f,214635117#2r,"7.4173937,43.7262752",start,end,,,true
4c05c739de41aefc4e6b,connect,167625756#5f,167625756#6f,"7.4287495,43.7459592",end,start,,,true
4c0c334a1027afd09492,connect,1081601380#3f,1081601380#3r,"7.4216746,43.7334914",start,end,,,true
4c1598edb60d412e711b,connect,503783368#1f,92627405#1f,"7.4297212,43.7427919",end,start,,,true
4c2558064c3cabecf955,connect,177189425#1r,448186716#1f,"7.4166904,43.7264034",start,start,,,true
4c3483d47bc02f8b31b5,connect,156772047#2f,156772047#3r,"7.4279357,43.7381225",end,end,,,true
4c34c0b0db688596279b,connect,214636589#1f,214636589#2f,"7.4223122,43.7346973",end,start,,,true
4c3560a3225db3805149,connect,161885378#2r,4227216#3f,"7.4245672,43.7329107",start,start,,,true
4c40903448bf52c3a29b,connect,423632259#3f,503813540#1f,"7.4219918,43.7320869",end,start,,,true
4c4c73cae0bba9e70a2d,connect,1024523797#1f,1024523798#1f,"7.4290583,43.7338557",end,end,,,true
4c5141c1933173041e57,connect,200507331#1r,200507331#2r,"7.4144049,43.7278448",start,end,,,true
4c51a0ce9fee5ab52855,connect,177049248#4f,214635117#8r,"7.4186176,43.7254261",end,start,,,true
4c55d24182677c2386cd,connect,157719645#3f,157719645#3r,"7.4276654,43.7411907",start,end,,,true
4c5bd5a2939ae6a02268,connect,1449972057#1f,1449972059#1f,"7.4136007,43.7318988",start,start,,,true
4c7c561e630d8708515f,connect,159170535#1f,164338230#3r,"7.4197084,43.7340051",start,start,,,true
4c86efcbfad4eade95dc,connect,92627426#1r,92627426#2f,"7.4225745,43.7274186",start,start,,,true
4c9fd4054e66f7c9a184,connect,4229274#2f,4229274#3f,"7.4172930,43.7297461",end,start,,,true
4caa9b206f3f17bc9046,connect,690914539#1r,690914539#2f,"7.4136943,43.7273648",start,start,,,true
4cb1f3c0302bac77882b,connect,1230398878#1r,503783378#1f,"7.4386022,43.7499111",start,start,,,true
4cb808566fff4aa93887,connect,4230117#1r,4230118#2r,"7.4305927,43.7474010",end,start,,,true
4cbfb70560c3888d2cc3,connect,503783375#1r,93137560#1f,"7.4315599,43.7462686",end,start,,,true
4cd09c2aa4d2bfdc57d0,connect,1019174509#4f,1019174509#5f,"7.4186264,43.7335726",end,start,,,true
4cdc7dc6cecb70cafac5,connect,158007914#1f,161882799#1f,"7.4272483,43.7314363",start,end,,,true
4ce45f24de6736b3fe79,connect,788197747#1f,851792660#1r,"7.4198758,43.7387972",start,start,,,true
4ce66c12452fc09403bf,connect,200502710#1f,4097656#2r,"7.4257668,43.7390784",end,start,,,true
4cea30b40f2dd68b115f,connect,1086377399#2f,1086377399#2r,"7.4362704,43.7486428",start,end,,,true
4d014d0f9ebe87f2ad07,connect,1086377386#1r,1086377386#2f,"7.4388102,43.7493678",start,start,,,true
4d01bd197eec4649c211,connect,177189425#2f,448186716#1f,"7.4166904,43.7264034",start,start,,,true
4d090954a228d8cf95c0,connect,159170496#3f,4227253#1f,"7.4207343,43.7338424",end,start,,,true
4d160bad0c5111d81540,connect,1031828867#1r,624357051#1f,"7.4374507,43.7517199",end,end,,,true
4d167fb3b4488962d6cf,connect,166399498#1f,67923338#1f,"7.4178699,43.7372793",start,start,,,true
4d1ff8ebf4b88a705275,connect,39839529#1f,39839529#1r,"7.4230516,43.7323963",end,start,,,true
4d227f1c9c81772fdd75,connect,176682382#1r,176682384#1f,"7.4125829,43.7285141",start,start,,,true
4d2acf6d592c86e2472e,connect,690914540#1f,690914541#1r,"7.4139682,43.7275899",start,start,,,true
4d2ca010acf622f7b20b,connect,161775593#2f,161775593#2r,"7.4230269,43.7368624",end,start,,,true
4d3a9a6ea4ee19b7d4d1,connect,503633034#1f,503633034#2f,"7.4361911,43.7487300",end,start,,,true
4d3b6db2123b1c5775dc,connect,166009792#2r,166009792#3r,"7.4229579,43.7396013",start,end,,,true
4d45bde616f5302a167e,connect,778744698#1f,778744698#2r,"7.4286264,43.7388025",end,end,,,true
4d4d46e21da6cc6f24ca,connect,120113155#1f,120113155#2f,"7.4181916,43.7344227",end,start,,,true
4d6034c7a85bf51d4304,connect,318654737#1f,318654737#1r,"7.4144690,43.7280561",end,start,,,true
4d67b5ab9dc8af68669b,connect,4230106#1f,4230106#2r,"7.4334045,43.7489333",end,end,,,true
4d728dd1df8bcb1c65db,connect,158189831#2f,158189831#2r,"7.4104585,43.7289212",end,start,,,true
4d75228839ee4ce0e275,connect,157719644#3f,254596486#1f,"7.4240136,43.7373476",end,start,,,true
4d780c4f7ea54fd20816,connect,1233853668#1f,1410590317#1f,"7.4149069,43.7341833",start,end,,,true
4d991a1240306e4884a6,connect,158215180#3f,158215180#4f,"7.4186837,43.7253414",end,start,,,true
4db362d3f4f8e8657111,connect,1361686923#1f,166399489#2f,"7.4174840,43.7371490",end,start,,,true
4db51713f327fba1837f,connect,176682382#3f,176682613#1f,"7.4130832,43.7291057",start,end,,,true
4dc56754f3c6a8e9222f,connect,1549110517#3r,166399486#1r,"7.4128565,43.7307709",start,end,,,true
4dc7741ea6faa3b76d19,connect,158189830#2f,158189830#2r,"7.4104470,43.7291430",start,end,,,true
4dc9f37039126954a7b7,connect,165636038#1f,503434401#1f,"7.4197171,43.7323987",start,end,,,true
4e08917c8474b22a95a6,connect,35092475#1f,35092475#1r,"7.4259881,43.7389156",start,end,,,true
4e09d6a79bf5e8f714f2,connect,150050283#3f,150050283#3r,"7.4175592,43.7300775",start,end,,,true
4e1088edc2261d98f8fb,connect,156780348#1r,689855607#1r,"7.4191759,43.7388562",start,end,,,true
4e12243f1ab1d61c2308,connect,4097656#1r,4097656#2r,"7.4258325,43.7390187",start,end,,,true
4e227a5806ccf7081434,connect,690653920#2f,690653921#2f,"7.4174558,43.7318555",end,end,,,true
4e26d9fb107eddedf202,connect,1319454162#1f,1319454162#1r,"7.4163111,43.7325344",start,end,,,true
4e2ab6af34e04ae76171,connect,158189831#1r,943330853#1f,"7.4105432,43.7291125",start,end,,,true
4e2fdd1849686df81789,connect,176337641#1r,176337650#1f,"7.4156760,43.7367069",end,end,,,true
4e348a63905bbc9488d8,connect,503638814#1r,503638814#2r,"7.4368691,43.7497821",start,end,,,true
4e353032a8b7102cfd11,connect,688731299#5f,688731299#5r,"7.4150762,43.7330950",end,start,,,true
4e39f13de3fc76be0f9a,connect,166856355#1f,166856355#1r,"7.4296829,43.7467716",end,start,,,true
4e487cc138e6c7f92762,connect,176337641#2f,176337641#2r,"7.4158534,43.7365344",start,end,,,true
4e4b48e0158f08210318,connect,181479772#2f,503434383#1f,"7.4136415,43.7315600",end,start,,,true
4e4f7aa361c97de29a65,connect,158189819#1r,261740025#1r,"7.4144215,43.7278940",start,end,,,true
4e5123b8488fbd9067fa,connect,176757512#1f,93091319#3f,"7.4183455,43.7320769",start,end,,,true
4e599068b1468813546b,connect,176774211#1f,176774211#2r,"7.4220781,43.7322379",end,end,,,true
4e5c25a6e384a2c1e4d6,connect,4229327#1f,4229327#1r,"7.4196041,43.7377617",end,start,,,true
4e63fa132454ded1daf1,connect,4227216#1r,766768153#6r,"7.4234484,43.7326800",end,start,,,true
4e8258606ca2c9ffe411,connect,1202747623#2f,503550463#1r,"7.4183136,43.7272447",end,end,,,true
4e88a483b453430d206b,connect,156188798#1r,156772047#7r,"7.4289548,43.7388035",start,end,,,true
4e8de5c02d084d2d2fe0,connect,157719649#6f,164338238#1f,"7.4218357,43.7398553",end,start,,,true
4e90594f5bead4ebd7aa,connect,1082312612#1r,92627406#2r,"7.4195101,43.7276397",end,start,,,true
4e9eb9d97a8aacea1579,connect,1079489483#1f,1079489488#1f,"7.4181565,43.7353381",start,start,,,true
4ea16e6e0dee7ce16498,connect,1086377386#2f,166399512#1f,"7.4387787,43.7494147",end,end,,,true
4ea457b46ff3333da013,connect,1549110517#2f,1549110517#2r,"7.4126765,43.7307014",start,end,,,true
4eac5e54c6d5702032c5,connect,1388331350#3f,1449972041#2f,"7.4217176,43.7369324",end,end,,,true
4eb52bf481c141d8f5b6,connect,4230011#7f,434567309#2r,"7.4277541,43.7401666",end,start,,,true
4ebdc2c5a423873fb0dc,connect,448186736#2r,448186736#3r,"7.4177116,43.7257629",start,end,,,true
4ec825499a1181eb9e77,connect,834313093#3r,834313093#4r,"7.4275855,43.7325839",start,end,,,true
4ecbdcf7d79563eaaf9e,connect,92627403#1f,92627418#1r,"7.4264707,43.7374911",start,start,,,true
4edd8bb12e4b8a04045e,connect,120062664#1f,177429339#1f,"7.4198075,43.7365246",end,start,,,true
4ee4b0f4562ac96f33e6,connect,834185360#2f,834185360#2r,"7.4269806,43.7320733",end,start,,,true
4ee72445b23c17364cdf,connect,158215191#3f,158215191#3r,"7.4175433,43.7282122",start,end,,,true
4eee413858ef8b700958,connect,176674530#2f,4229537#3f,"7.4242857,43.7383814",end,end,,,true
4f08df6630525c7b826f,connect,166399487#2f,166399487#2r,"7.4157229,43.7336596",end,start,,,true
4f09286f45441a5da16a,connect,159170517#1f,8352246#4f,"7.4194465,43.7352804",start,end,,,true
4f15b637e541d0e1f028,connect,92627427#1f,92627427#1r,"7.4273068,43.7376640",end,start,,,true
4f15e32e2a3757197d81,connect,201009264#2f,360063233#1f,"7.4129275,43.7300768",end,start,,,true
4f24790c845c78b07a55,connect,4230081#3f,4230081#4f,"7.4381522,43.7511766",end,start,,,true
4f29791f29f171756958,connect,161887489#1f,503559464#3r,"7.4284596,43.7339317",end,start,,,true
4f2adfafc1606068b4f2,connect,93137558#3f,93137558#4f,"7.4331196,43.7471773",end,start,,,true
4f2e0b710716cbabc3bb,connect,254596486#1f,254596486#2f,"7.4251862,43.7375256",end,start,,,true
4f308883750b4fab4368,connect,1203522177#1r,4230099#8f,"7.4365835,43.7500356",end,start,,,true
4f33ec7916dd138f440f,connect,214635117#5r,214635117#6f,"7.4180618,43.7258075",start,start,,,true
4f3750daeca6b301938b,connect,156772047#3r,156772047#4r,"7.4281189,43.7381945",start,end,,,true
4f3b1c38e0f168d1a2fd,connect,176333304#4f,4230114#3r,"7.4330506,43.7493104",start,start,,,true
4f3c468745bf4fb63c84,connect,503475642#2f,503475642#3f,"7.4221062,43.7366647",end,start,,,true
4f3c87126674288fb8ff,connect,503783375#1r,93137578#2f,"7.4315599,43.7462686",end,end,,,true
4f452aba814debba71f1,connect,164338244#1f,992499988#1f,"7.4248842,43.7413329",start,end,,,true
4f494dcefb84450e8997,connect,168104483#1f,176336113#1r,"7.4228529,43.7390946",end,end,,,true
4f4c399491f62e3bb6e5,connect,1212029941#1f,353889390#1r,"7.4130320,43.7298527",start,start,,,true
4f4f627662cfe2d37122,connect,93137615#1f,93137615#2f,"7.4304368,43.7427556",end,start,,,true
4f66620a1c27ec5e57bc,connect,503638814#2r,503638814#3f,"7.4369557,43.7498418",start,start,,,true
4f68a6a5d0ee32381dcd,connect,1081601380#2f,176776331#1f,"7.4216746,43.7334914",end,start,,,true
4f6b5c913357091cc0a9,connect,176776331#4f,850261594#2f,"7.4212950,43.7344214",start,start,,,true
4f726403d9d512016c6b,connect,35092475#1r,35092475#2f,"7.4262495,43.7387673",start,start,,,true
4f760837726ba52e9024,connect,177045627#1f,788626643#1f,"7.4174129,43.7372624",end,start,,,true
4f7cb19e9b752af7ac2b,connect,95449778#1f,95449778#1r,"7.4193710,43.7381177",end,start,,,true
4f7e86c41e475490b365,connect,176674530#1f,4229539#1r,"7.4246137,43.7388584",start,end,,,true
4f80e39a4e25c3be8bbb,connect,834185366#1r,834185366#2r,"7.4261756,43.7317958",start,end,,,true
4f811577872a00c40ec5,connect,177231049#1f,181479771#2r,"7.4154840,43.7349756",start,start,,,true
4f82ad86d8a812665169,connect,120114107#1f,952419571#1f,"7.4171671,43.7316560",start,start,,,true
4f83933fcc8c4df1ad93,connect,572941874#1r,93137627#2f,"7.4280638,43.7386121",start,end,,,true
4fa89148fb0d12289970,connect,1082312613#2f,1082312613#2r,"7.4198425,43.7275973",start,end,,,true
4fabe5cf7945451f8ff7,connect,1243224902#1f,334773233#2r,"7.4287594,43.7461676",start,start,,,true
4fac20badb91aec902fa,connect,360063227#1f,360063227#2r,"7.4118229,43.7284180",end,end,,,true
4fb71cef9a2a8df928bc,connect,4230099#3f,4230099#3r,"7.4367151,43.7504595",end,start,,,true
4fbb800252541270e7ee,connect,4229658#1f,4230009#1r,"7.4271748,43.7394883",start,end,,,true
4fbfa32037455755417a,connect,177590093#1r,503783376#1f,"7.4347588,43.7481430",end,end,,,true
4fcd1bd68f8b59079b36,connect,503783373#1f,503783375#1f,"7.4316525,43.7463288",start,end,,,true
4fd248ae212f87d3b354,connect,4227212#1f,4227212#2f,"7.4250254,43.7314291",end,start,,,true
4fdd17a766114faab02f,connect,503783368#1r,92627431#1r,"7.4297948,43.7435479",end,start,,,true
4fe0f688762bf278909b,connect,164338230#2r,164338230#3r,"7.4197164,43.7339650",start,end,,,true
4fe17396111798103883,connect,360063233#1r,360063233#2f,"7.4128541,43.7299988",start,start,,,true
4fe568fe0a6a0cfd1fcb,connect,1443764724#2r,1443870918#1r,"7.4357049,43.7490716",start,end,,,true
4ff74804531ffab43d36,connect,25103774#2f,35092477#1f,"7.4303598,43.7408882",end,start,,,true
500d47b51879578396ff,connect,503434354#1f,688731299#5r,"7.4150762,43.7330950",end,start,,,true
50204f82c206d88dabff,connect,201009264#3f,201009264#3r,"7.4129275,43.7300768",start,end,,,true
502af3daa22520d2827b,connect,156188798#1r,156772047#4f,"7.4287155,43.7385771",end,end,,,true
5039df5bd1c535d62133,connect,158189817#1r,158215191#4r,"7.4167776,43.7281825",end,start,,,true
503a370e3d8066207e02,connect,214636589#2r,214636589#3f,"7.4223501,43.7345465",start,start,,,true
50441c72f1eea6ea299a,connect,176477342#3r,176477342#4r,"7.4259548,43.7388818",start,end,,,true
50444d7853b57695e961,connect,159170458#3f,166149542#1f,"7.4172340,43.7342644",end,start,,,true
505515cbaec9fe7e6d48,connect,1082281156#1f,1082281156#2f,"7.4176213,43.7261807",end,start,,,true
505679f9699178a21369,connect,166399478#8f,166399478#9f,"7.4179289,43.7284198",end,start,,,true
5059f75b787c131add43,connect,450454878#1f,450454878#1r,"7.4176574,43.7301125",end,start,,,true
505be90695470b56d9bd,connect,4230097#1f,4230100#1r,"7.4352878,43.7499395",end,end,,,true
505d4d70113b4583c492,connect,212764300#1f,212764300#2f,"7.4123166,43.7280487",end,start,,,true
5068647e7f0328c0cbd9,connect,4230099#5r,4230099#6r,"7.4368502,43.7502536",start,end,,,true
50723425e06b778e17ff,connect,214635117#4f,214635117#5r,"7.4179643,43.7258768",end,end,,,true
507c6a6cc9cc14ec7e7a,connect,176337638#1f,503550472#1f,"7.4185257,43.7375409",start,end,,,true
5089f173d76ffcb46cd9,connect,157719668#1f,157719668#2f,"7.4238054,43.7399519",end,start,,,true
5094c94c322caa285c72,connect,161882796#1f,176776331#5f,"7.4212806,43.7344740",end,start,,,true
50965cb66af898e9f866,connect,334773233#2r,4230119#1r,"7.4295280,43.7466034",end,start,,,true
50a61e3c3779e398e99c,connect,850261601#3f,850261602#1r,"7.4293684,43.7398637",end,end,,,true
50a967a2d2b1e8434331,connect,177588306#2f,177588306#2r,"7.4276547,43.7429483",end,start,,,true
50aa33d839283fb21313,connect,159170522#4f,164338230#5f,"7.4196441,43.7342962",start,end,,,true
50b7dae5ed28e7ec0143,connect,446530365#2f,446530365#3f,"7.4145009,43.7283086",end,start,,,true
50c387972dc369d6e568,connect,176333307#3f,176333307#3r,"7.4289397,43.7443005",start,end,,,true
50c831c36b1ccaa19f32,connect,176477342#4f,176477342#4r,"7.4259881,43.7389156",end,start,,,true
50caa43e5fe0c1f51ff0,connect,177396034#2f,503559464#5r,"7.4289837,43.7339747",end,start,,,true
50ccbe523a25bfd5522d,connect,158215191#1f,158215191#2f,"7.4177413,43.7282457",end,start,,,true
50d48d1c099cbfbcc309,connect,128273231#1f,128273231#1r,"7.4327711,43.7485850",start,end,,,true
50d66404592417fec273,connect,503434361#1f,93091312#3f,"7.4176150,43.7306075",start,end,,,true
50dad769622d993cebeb,connect,157719645#7f,157719645#8f,"7.4285482,43.7424396",end,start,,,true
50dec8b6e16a88c6c056,connect,39839531#2f,690915732#1f,"7.4151335,43.7295240",start,start,,,true
50e7cec4bb43b7afc36c,connect,1082515450#1f,161752645#1f,"7.4276779,43.7390344",start,end,,,true
50e90f61f2dd99b704bc,connect,176321050#2f,176321050#2r,"7.4236117,43.7386150",start,end,,,true
50fb532330304d1b90e5,connect,1086377399#1f,1086377399#2f,"7.4362704,43.7486428",end,start,,,true
51002d56e06a7341a9e7,connect,157719652#1f,157719652#2f,"7.4254724,43.7402526",end,start,,,true
510264dc49b7636a518c,connect,4230099#1f,4230100#1r,"7.4359741,43.7503615",start,start,,,true
5108db0e841c675c0946,connect,164338230#3f,164338230#3r,"7.4197084,43.7340051",end,start,,,true
5111ac2f92d440b5957e,connect,67923339#2r,67923339#3r,"7.4152338,43.7361081",start,end,,,true
51185bb8521eb06c67d9,connect,41929969#1f,4230891#4r,"7.4303262,43.7403619",start,start,,,true
512458629c01e143518b,connect,177396046#1f,320117831#1f,"7.4293549,43.7342449",end,start,,,true
51294b90f5c2e2402316,connect,1202361416#2r,157719647#5f,"7.4247735,43.7391242",start,end,,,true
5138c27e1656efcc2f8a,connect,177546829#1f,939532441#1r,"7.4292238,43.7451962",start,start,,,true
513c031babdda97f04d3,connect,165636031#3r,834313093#1f,"7.4270858,43.7325551",start,start,,,true
51417732ee3431acc2e5,connect,157719649#4f,157719692#2f,"7.4225474,43.7402706",end,end,,,true
514be174516721aa89eb,connect,167625727#10f,167625727#9f,"7.4185385,43.7291224",start,end,,,true
5150260f55bdb47da9ab,connect,1549110517#1f,1549110517#2f,"7.4126765,43.7307014",end,start,,,true
5159928ee1dc372599e1,connect,67923339#3f,67923339#3r,"7.4152338,43.7361081",start,end,,,true
516b20b0f15e334297db,connect,166399501#3r,166399501#4f,"7.4280619,43.7404648",start,start,,,true
516df75272c989f0b553,connect,4229325#1f,4229325#2f,"7.4197492,43.7376941",end,start,,,true
51991f65c4ec25257320,connect,166399501#3r,850261602#7r,"7.4280619,43.7404648",start,start,,,true
519b0be9186474818818,connect,176776331#4f,850261594#1f,"7.4212950,43.7344214",start,end,,,true
519cc3c53f5b4aba2744,connect,1082281156#2f,1082281156#2r,"7.4176213,43.7261807",start,end,,,true
51a1f06ddd0be4e20bfe,connect,4230099#1r,4230099#2f,"7.4362936,43.7503054",start,start,,,true
51a5a3141e2d8582c448,connect,164338230#2f,164338230#3r,"7.4197164,43.7339650",end,end,,,true
51a6214ae999cdccba02,connect,161752639#1r,25179329#2r,"7.4289072,43.7416370",end,start,,,true
51b1d49799653e39aeb2,connect,157719645#11f,157719645#11r,"7.4305027,43.7453643",end,start,,,true
51c6277622d499658e53,connect,157719701#1f,157719701#1r,"7.4261833,43.7404508",start,end,,,true
51cde4c873b5d537ff6c,connect,166399501#5f,568187257#5r,"7.4288124,43.7411123",end,start,,,true
51cf892c174ca155be1c,connect,200493424#2f,92627406#1r,"7.4188971,43.7276850",end,end,,,true
51d5a715f1313ef4c1f8,connect,156772047#3r,156772047#4f,"7.4281189,43.7381945",start,start,,,true
51ddfbb02776c63a2c07,connect,1410590314#1r,503434370#1f,"7.4140607,43.7345159",start,start,,,true
51f978ed587491941206,connect,159170450#1r,33749606#1f,"7.4176139,43.7336615",start,start,,,true
51fbd07f0dd332d85af6,connect,166009795#1f,4229328#1f,"7.4190942,43.7380836",end,end,,,true
520838caa7b3446593d3,connect,158215205#3f,92627422#2f,"7.4205873,43.7266442",end,end,,,true
520f661ec5ff15be6bd0,connect,166149542#5f,94399437#1f,"7.4197104,43.7369463",end,start,,,true
5212e4e7bda045ddf1b7,connect,159170509#1f,159170509#2f,"7.4210421,43.7354245",end,start,,,true
522182c757c17cd37fde,connect,688731299#4r,688744015#1f,"7.4146411,43.7327438",end,start,,,true
522782a0ef5772d6bfee,connect,157719664#1f,788120417#1f,"7.4244312,43.7401515",start,end,,,true
523cdc1d56ddcdc8f1e8,connect,572941874#3r,572941874#4r,"7.4281756,43.7386165",start,end,,,true
5246fe1ea5d9ae74d2a1,connect,503434370#1r,503434370#2r,"7.4132849,43.7338591",start,end,,,true
5250606cd1956ca9638b,connect,157719649#5f,157719692#2f,"7.4225474,43.7402706",start,end,,,true
5250ad980d6859ad31fc,connect,1001561437#1f,851792658#1f,"7.4117641,43.7312377",end,start,,,true
5259ee9d8137cedcfb16,connect,1549110515#1f,1549110516#5r,"7.4114043,43.7298349",start,start,,,true
526872a0ab0db8723dca,connect,4230118#1f,4230118#2r,"7.4307104,43.7475120",end,end,,,true
52695641aa19112dfb46,connect,572941874#4f,572941874#4r,"7.4281042,43.7385976",end,start,,,true
527a7a85e9a929222aff,connect,214635115#2f,849737729#1f,"7.4175669,43.7265452",end,start,,,true
5280524cb2505f804b80,connect,278143574#1f,804900034#2f,"7.4164568,43.7296438",start,end,,,true
528567f46e86a1e7e2d8,connect,1451606759#1f,804900034#1f,"7.4162657,43.7295198",end,start,,,true
5288a4e7a98def180b4d,connect,176321050#4f,176321050#4r,"7.4245517,43.7388671",start,end,,,true
528a58f2d5df7f255c8c,connect,834185360#1r,834185360#2f,"7.4269098,43.7320911",start,start,,,true
52907a1cc2f06a3aa5a7,connect,1549110514#1r,503434364#1f,"7.4105187,43.7293128",end,end,,,true
529c015636ea026c5c70,connect,688669118#1f,863835496#2f,"7.4179250,43.7327288",start,end,,,true
52a44cd215951e0ad678,connect,161887489#1r,503559464#2r,"7.4277815,43.7335806",end,start,,,true
52a95d445b887ddf80c0,connect,1449972043#1f,1449972043#1r,"7.4256911,43.7316275",end,start,,,true
52aae2fac1acfdab4f88,connect,4230097#1f,4230097#2f,"7.4352878,43.7499395",end,start,,,true
52ae14f84de162b11047,connect,4230007#2f,4230007#2r,"7.4297349,43.7403489",end,start,,,true
52b7fdf131c34a5887f3,connect,863835496#1f,863835496#2f,"7.4179059,43.7326892",end,start,,,true
52ba002a39f282894ba2,connect,1449972054#1f,503434383#1f,"7.4136415,43.7315600",end,start,,,true
52bd1cb2df513c17ef4a,connect,1024393368#1f,120062661#1f,"7.4195767,43.7361202",end,start,,,true
52bed552d98bf9713074,connect,1283578084#4f,1361685182#1f,"7.4188428,43.7358779",start,start,,,true
52c7640eae54518f5954,connect,4227157#2f,4227157#3f,"7.4228430,43.7313096",end,start,,,true
52ca26a052f21651d86b,connect,176774263#1f,176774263#2f,"7.4219548,43.7321403",end,start,,,true
52eef9cdb4403c8c5ed6,connect,4230122#1f,4230122#1r,"7.4297607,43.7461300",end,start,,,true
5305f29a1235496c409f,connect,78147639#2r,834307952#1f,"7.4274432,43.7317538",start,end,,,true
5325c3751ce0d8709c5f,connect,156772047#3f,156772047#4r,"7.4281189,43.7381945",end,end,,,true
532a0d8fbc878e488cd8,connect,4227277#1f,503475651#2f,"7.4180114,43.7326244",start,end,,,true
5330d29a2e60b56710dc,connect,157719643#1f,157719662#3f,"7.4239559,43.7411077",start,end,,,true
5331538b07726434ef2c,connect,167625727#21f,167625727#22f,"7.4219540,43.7276332",end,start,,,true
5332003c0c941e3ffa12,connect,176337642#1f,503434375#1f,"7.4189707,43.7371710",start,end,,,true
5338e602ff1288f244d8,connect,176321050#1f,176336114#3f,"7.4231469,43.7385008",start,end,,,true
534ab241dffd28e3681d,connect,689855606#1f,689855607#1f,"7.4191759,43.7388562",start,start,,,true
534be320b7cdd44f3aa9,connect,157719647#5f,586508235#2f,"7.4249268,43.7393895",start,end,,,true
53500050df9766a4eb39,connect,176577460#2r,176577460#3r,"7.4141458,43.7291795",start,end,,,true
535a3d06966ca93bbc7a,connect,1549110514#1f,1549110514#1r,"7.4111533,43.7300026",end,start,,,true
535b3a72536b7220525c,connect,1082281156#2r,214635117#3f,"7.4175843,43.7261424",start,start,,,true
535b4a1997aa68c7ee48,connect,1086377399#2f,1086377399#2r,"7.4362390,43.7486766",end,start,,,true
535fb2a3c242a92ff280,connect,503475642#3f,503475642#3r,"7.4221062,43.7366647",start,end,,,true
536aad83cb206559417a,connect,156772047#8r,156772047#9f,"7.4291695,43.7390118",start,start,,,true
536c4d42184f2f297ab9,connect,157719668#1r,166009792#1r,"7.4238573,43.7399010",end,start,,,true
536e462145a8698d7f71,connect,214635115#2f,849737729#1r,"7.4175669,43.7265452",end,end,,,true
536f2c12649b9ce63397,connect,157719652#3r,177232619#1f,"7.4255076,43.7403015",end,start,,,true
5373e910d44c0f49d6e5,connect,157719698#1f,4230006#1r,"7.4272971,43.7397122",start,end,,,true
5378deb2a4d868362c3e,connect,4230105#2r,4230105#3f,"7.4328554,43.7482766",start,start,,,true
53999499d4515e2750b2,connect,850261601#3r,850261602#1r,"7.4293684,43.7398637",start,end,,,true
53ac6bb33f1f9ea347b2,connect,1549110517#3f,166399486#1r,"7.4128565,43.7307709",end,end,,,true
53ba366e6b4b8a291d54,connect,155085109#1r,990669428#1f,"7.4136512,43.7333427",start,end,,,true
53bb36b426cfab804d1d,connect,1342546111#1f,1342546111#1r,"7.4300097,43.7443881",start,end,,,true
53c36488e306300f1496,connect,166643408#2f,166643408#2r,"7.4171323,43.7329167",end,start,,,true
53d4b33b7450ae8fd836,connect,166399478#5f,849737743#2f,"7.4179020,43.7288018",end,end,,,true
53d5b4e42e25c7ce0eb7,connect,1079489483#1f,1079489484#2f,"7.4181033,43.7352952",end,end,,,true
53e0e30abea4ae0915be,connect,4230011#6f,4230011#7f,"7.4276726,43.7402742",end,start,,,true
53e354f694c0ab8de606,connect,1019646822#2f,1019646822#2r,"7.4267444,43.7415707",end,start,,,true
53e60a4a8e0fb5276d58,connect,1327492345#1f,503471323#1f,"7.4167841,43.7320393",start,end,,,true
53e86e653d9d6b69a9a2,connect,1327492340#1f,952419569#1f,"7.4171185,43.7315490",start,end,,,true
53f0403455c3352a4ef7,connect,1203522177#1f,1203522177#1r,"7.4365835,43.7500356",start,end,,,true
53fa001f0f9c356ad18d,connect,503801215#1f,93091317#1f,"7.4210606,43.7320968",start,end,,,true
540284efa9c91607d5b8,connect,176336113#1f,176336113#1r,"7.4228529,43.7390946",start,end,,,true
540753f35f10023db798,connect,159170450#1f,254596870#1f,"7.4176139,43.7336615",end,start,,,true
5411144e9ce72228d339,connect,308214646#2r,308214646#3f,"7.4270648,43.7394705",start,start,,,true
542ffa6ca32f64e582d2,connect,503783368#1r,92627405#1r,"7.4297212,43.7427919",start,end,,,true
54450fc4d63fa233e339,connect,214636589#1f,31900611#4f,"7.4223122,43.7346973",end,end,,,true
54453cbe19368dbec1ca,connect,1243224903#1f,167625742#1r,"7.4286583,43.7459023",start,end,,,true
5446f3a208d0f7eb1907,connect,718024894#1f,718024988#1f,"7.4355046,43.7483485",end,start,,,true
54495dec7e303071d4e9,connect,503447059#2f,503447059#2r,"7.4193306,43.7323746",start,end,,,true
544a8688d76a69bc7090,connect,159170458#3r,254596870#2f,"7.4172340,43.7342644",start,end,,,true
5451fbb80781d7512fb8,connect,4229326#1f,95449780#1f,"7.4194711,43.7377612",end,start,,,true
546e19284f51dbe52b82,connect,1146071897#1r,1233853668#3f,"7.4150352,43.7343461",start,start,,,true
5475c37b75601f309d28,connect,348748065#1f,348748065#1r,"7.4179886,43.7284950",end,start,,,true
547e45681c7950a8ac63,connect,165636030#4f,4227208#1r,"7.4269610,43.7320141",end,end,,,true
54817764c317e65fd2bf,connect,4097656#2f,4097656#3r,"7.4257668,43.7390784",end,end,,,true
548a9cc62bfe94483672,connect,158189815#1f,261740026#1f,"7.4148008,43.7287089",end,start,,,true
54900e97b6b3f3e767c4,connect,157719642#1f,157719642#2f,"7.4240395,43.7399624",end,start,,,true
5494e3c711d0edacfb00,connect,158189827#2f,278143566#1r,"7.4137509,43.7285262",start,start,,,true
5498539103695f8bbf52,connect,158189827#3f,446530366#1f,"7.4139742,43.7286918",start,end,,,true
549feaeac8c7a710c63c,connect,200502085#1f,200502086#1f,"7.4248562,43.7396267",start,start,,,true
54aed3f54ed733f3806d,connect,169297863#2f,712182870#1f,"7.4259768,43.7326576",end,start,,,true
54b51b8b14605fd188ff,connect,167625751#1f,503434372#3f,"7.4173459,43.7302730",start,start,,,true
54be9fda3d2484b9cb56,connect,1202730135#1r,1202730135#2r,"7.4136854,43.7315034",start,end,,,true
54cb7e6667374b7e0e6c,connect,1549110515#3f,1549110515#3r,"7.4106261,43.7292783",end,start,,,true
54d13231d26c0d4e4061,connect,168104492#1f,4230011#6r,"7.4274806,43.7404301",start,end,,,true
54da65db92f13ceea36c,connect,503550469#2f,503550472#1r,"7.4185257,43.7375409",end,start,,,true
54e2fcf2967aad75582a,connect,809470170#1f,809470170#1r,"7.4276904,43.7390755",start,end,,,true
54ee95f5b56a174447eb,connect,39838265#2f,507581426#1r,"7.4251449,43.7411231",end,start,,,true
54f75dd99ff5847078ee,connect,278143574#1f,278143574#2f,"7.4164932,43.7296195",end,start,,,true
54f9fff4a3d3f13fae85,connect,157719652#2r,157719652#3r,"7.4255076,43.7403015",start,end,,,true
5503f839166e0bb0ad03,connect,4230187#5f,503434389#1f,"7.4267905,43.7416842",end,end,,,true
5508441293af3943a0bb,connect,1202335429#1f,1202335429#2f,"7.4318669,43.7450674",end,start,,,true
5509fab3626ece085865,connect,176477342#2f,176477342#3r,"7.4257182,43.7386514",end,end,,,true
5512288b74b645bf7f2c,connect,503462464#1f,503462464#2f,"7.4304898,43.7427540",end,start,,,true
55147946234655dd4085,connect,448186736#3r,448186736#4r,"7.4176540,43.7256176",start,end,,,true
551870ce7dd32fb19114,connect,161887489#1r,503559464#4r,"7.4284596,43.7339317",start,end,,,true
551b96ddf28666801196,connect,8056051#2f,851991828#2r,"7.4381871,43.7493230",end,start,,,true
551c580da0749d71eb67,connect,158215191#2r,158215191#3r,"7.4175433,43.7282122",start,end,,,true
5525ee5710f7f1976a23,connect,4229536#2f,4229536#2r,"7.4261726,43.7373162",start,end,,,true
5527bb71ba426e7bb2ba,connect,177231049#1f,177231049#1r,"7.4154840,43.7349756",start,end,,,true
554708bab0ad8a3e868a,connect,181479771#7f,686878340#1r,"7.4163956,43.7367559",start,end,,,true
5547cd51e0d9bccc6f81,connect,1443764722#1f,423873046#1r,"7.4301052,43.7459324",start,start,,,true
55565188b3444461bcfb,connect,1365041523#1f,176577460#4r,"7.4139233,43.7293508",start,end,,,true
555c1087b3a1e848d141,connect,166009792#5r,166009792#6r,"7.4205220,43.7387999",start,end,,,true
5567fb8b77cc94279d6a,connect,165636064#2f,4227272#1f,"7.4216200,43.7369795",end,end,,,true
556d6ab868bae497908a,connect,1365041529#2f,1365041529#2r,"7.4155500,43.7291265",start,end,,,true
5574f2e3aae136e9366e,connect,778744698#4f,850261601#2r,"7.4293375,43.7394790",end,start,,,true
5576f4d63581296ec731,connect,1342546058#3r,182700002#4f,"7.4323255,43.7460116",start,end,,,true
557a0d0eef5566971bfb,connect,166399501#1r,434567309#2r,"7.4277541,43.7401666",end,start,,,true
557ef0a636a354142d1d,connect,334368435#1f,334368435#1r,"7.4246341,43.7409699",start,end,,,true
55842499697cec70752b,connect,688731299#3f,688744015#1f,"7.4146411,43.7327438",end,start,,,true
5591c85f2c676fee67cd,connect,176477342#2f,176477342#2r,"7.4256981,43.7386253",start,end,,,true
55a0a700b06449522dc5,connect,128273231#1f,128273234#1r,"7.4323674,43.7489310",end,end,,,true
55a9174afd96bd4070d9,connect,159170525#1f,159170525#2f,"7.4188230,43.7327110",end,start,,,true
55acb82f9631f117d0de,connect,1082281156#2f,214635117#3f,"7.4175843,43.7261424",end,start,,,true
55ad202fa105b73a793a,connect,1081601380#1r,446540017#1f,"7.4216562,43.7332637",end,end,,,true
55ad2d2ec86aa0348927,connect,176321050#3f,176321050#4r,"7.4245517,43.7388671",end,end,,,true
55b7790fc23162627240,connect,1099877048#2r,4230081#1f,"7.4374105,43.7502869",start,start,,,true
55bf3d0354e53c946ed0,connect,93137558#1f,93137558#2f,"7.4326049,43.7468759",end,start,,,true
55c13204140cf4657734,connect,166009792#3r,166009792#4r,"7.4228610,43.7395679",start,end,,,true
55c3a93086dbc01e4d74,connect,157719645#5f,164338247#1r,"7.4284853,43.7421636",end,end,,,true
55ddcbfdc18fa073f73e,connect,176333307#1f,176333307#1r,"7.4286809,43.7437975",end,start,,,true
55e10ce1ca74a14806bc,connect,503550463#1r,92627414#2f,"7.4186803,43.7274752",start,end,,,true
560bb789400e3b1d487a,connect,176477340#1f,176477340#2f,"7.4230075,43.7377714",end,start,,,true
56106779a33a500291ae,connect,177546829#1f,177546829#1r,"7.4292238,43.7451962",start,end,,,true
56277bc433f6b96c2ee2,connect,503783373#1r,503783374#1r,"7.4319668,43.7465094",start,end,,,true
56284713aaca97c3d9b9,connect,25082741#1r,25082741#2f,"7.4233732,43.7370100",start,start,,,true
564abd30777b224ce65d,connect,1314186412#2f,1314186412#2r,"7.4182989,43.7364686",end,start,,,true
565018f84e9b3e4574c0,connect,503462475#2f,503462475#3f,"7.4179107,43.7282998",end,start,,,true
565bdf7ac0ee7e39518b,connect,278143574#2f,690914550#1f,"7.4165702,43.7295888",end,start,,,true
565fda5dabb3eff48e65,connect,1449972055#1f,1449972058#1f,"7.4134960,43.7315612",start,end,,,true
568cb3df2919e8f5d91e,connect,35092475#5f,35092475#5r,"7.4266414,43.7379299",start,end,,,true
5696ff49046f20135ac1,connect,156772047#5r,156772047#6r,"7.4287944,43.7387238",start,end,,,true
56a0b36b9c227e1011cb,connect,157719649#6f,164338241#1f,"7.4218357,43.7398553",end,start,,,true
56a98a7194f954e1e2d9,connect,503633032#2f,718024988#1f,"7.4355046,43.7483485",start,start,,,true
56ae956fe9d38be248fa,connect,24668403#1f,294081873#1f,"7.4209724,43.7399088",end,start,,,true
56b035149576b45cbbe6,connect,31900611#2f,31900611#3f,"7.4225136,43.7346600",end,start,,,true
56c23d3cdc5241633690,connect,4230011#1f,4230011#2f,"7.4269316,43.7415762",end,start,,,true
56d7968a43ea51b23934,connect,161769679#1f,161775592#4f,"7.4277976,43.7388340",start,start,,,true
56d801f72843c9c0dcb3,connect,448285212#1f,448285793#2f,"7.4125771,43.7291392",end,end,,,true
56d88f37097476f47317,connect,1081601380#1f,1081601380#2r,"7.4217052,43.7333985",end,end,,,true
56dcd9ca82fbf9a4a06c,connect,158189831#2r,943330853#1f,"7.4105432,43.7291125",end,end,,,true
56dd22a6ec0786c77297,connect,166399498#1f,177045626#1f,"7.4178699,43.7372793",start,end,,,true
56e08732c3f2bc5e379c,connect,4230083#1f,624357053#1f,"7.4379117,43.7513654",start,end,,,true
56f20c9e6dd803c23923,connect,177590093#1r,177590093#2f,"7.4347165,43.7481775",start,start,,,true
56f5b7fbce50364435e3,connect,156772047#9r,850261601#1r,"7.4294183,43.7393125",start,end,,,true
56f5eea724fd7a0d23cf,connect,157719644#1f,157719644#1r,"7.4234970,43.7372395",end,start,,,true
56fe9a19d1f9de4f83dd,connect,164338242#1f,507581426#1f,"7.4252664,43.7412557",start,start,,,true
57002b38b1b33ae895d9,connect,181479771#2f,181479771#2r,"7.4154840,43.7349756",end,start,,,true
57068b255f9796f14725,connect,181479773#1f,731054118#3f,"7.4165061,43.7334220",start,end,,,true
570ddb2052da95da70f9,connect,166009792#3f,166009792#3r,"7.4229579,43.7396013",start,end,,,true
572ef2abc6674d3858c7,connect,176760117#1r,929856547#2f,"7.4367064,43.7490970",end,end,,,true
572f20d4dd09b07df600,connect,1099877048#2r,1342546092#1f,"7.4371163,43.7499913",end,start,,,true
573879f636cf3c8db890,connect,157719652#1f,157719652#1r,"7.4254724,43.7402526",end,start,,,true
574bb81463da79eca097,connect,177588306#1f,177588306#1r,"7.4276709,43.7429450",end,start,,,true
575a075c991983c9ea11,connect,1079489483#1f,1283578084#4f,"7.4181565,43.7353381",start,end,,,true
575dfdb8e6aa4a2d4654,connect,167086057#2f,8352246#7f,"7.4186448,43.7344035",end,end,,,true
576abfbd1d63678c3970,connect,176336377#2f,176336377#2r,"7.4220628,43.7409934",end,start,,,true
576e5d057bdd0c66ff97,connect,176477342#3f,176477342#4r,"7.4259548,43.7388818",end,end,,,true
57850a35266afb64dbc5,connect,850261575#1f,850261575#2f,"7.4237801,43.7301726",end,start,,,true
57950474d803aa2a6d17,connect,120062665#1f,120113155#1f,"7.4181971,43.7343856",end,start,,,true
57970800fdbd71ce9b83,connect,503783369#1f,503783369#1r,"7.4301941,43.7443870",start,end,,,true
579e655c007d6436ebb2,connect,158007908#1f,78147639#1r,"7.4274739,43.7318149",end,end,,,true
57a7677bbec221a93599,connect,158215191#1f,158215191#1r,"7.4179107,43.7282998",start,end,,,true
57ad7339cd8d6e42f36e,connect,166399478#5f,849737743#2r,"7.4179020,43.7288018",end,start,,,true
57b1e77276d2cc78bc72,connect,160004393#1f,4229536#2r,"7.4273074,43.7375321",start,start,,,true
57d3fe6e7fa88755d38c,connect,503702166#1f,503702167#2f,"7.4175135,43.7294517",start,end,,,true
57da2465f67443e81244,connect,1001561436#1f,435062251#1f,"7.4113137,43.7312991",end,start,,,true
57dac6bcc4af9b2054b8,connect,78147635#1f,78147635#1r,"7.4279580,43.7328122",start,end,,,true
57db8355b5d0a394e871,connect,92627405#1f,92627405#1r,"7.4299244,43.7405561",end,start,,,true
57db85c0a7c04223d15b,connect,1365041486#2f,4230891#3r,"7.4294579,43.7386365",end,end,,,true
57dc952f4e2754c21c33,connect,720165108#1f,962525763#1f,"7.4233775,43.7407979",end,end,,,true
57e2447c729080c5a17b,connect,1086377394#2f,1086377394#2r,"7.4373206,43.7489422",end,start,,,true
57ed313d3fc9c5509959,connect,176776331#3f,850261594#2f,"7.4212950,43.7344214",end,start,,,true
57f296ec0754563f1aa3,connect,176334442#1f,176334442#2f,"7.4338201,43.7486357",end,start,,,true
57f36abf33b007d60b21,connect,161769679#1r,161775592#4f,"7.4277976,43.7388340",end,start,,,true
5814d7e60c265bdcbd17,connect,423632273#1f,503434368#2f,"7.4123698,43.7287424",start,end,,,true
58185e5e6712eb27bf02,connect,25103774#1f,25103774#2f,"7.4303392,43.7409721",end,start,,,true
582067c2b31ebbe71d84,connect,4097656#1f,4097656#1r,"7.4259881,43.7389156",start,end,,,true
583479c4e60e1c81971a,connect,164338230#2r,164338230#3f,"7.4197164,43.7339650",start,start,,,true
5834b4c28fe1a05f1e0b,connect,165636031#3f,834313093#1f,"7.4270858,43.7325551",end,start,,,true
5837c710d8ba36c2b1ae,connect,164338222#2f,182694289#1f,"7.4275506,43.7329977",end,start,,,true
583df6122e15e254d9bb,connect,568187257#3f,568187257#4r,"7.4291256,43.7407531",end,end,,,true
5867e54d75df2bdfc236,connect,160004399#1r,160004399#2r,"7.4261667,43.7373421",start,end,,,true
586ef68fe3473909659d,connect,850261594#1f,850261594#2f,"7.4212950,43.7344214",end,start,,,true
588635f4b49e2dcc7e5c,connect,1203849334#2r,262902069#1f,"7.4204923,43.7349268",start,end,,,true
5899d35771ea9469a734,connect,1388331345#1f,4227272#1f,"7.4216200,43.7369795",start,end,,,true
58a235e76c50145270db,connect,156772047#1f,156772047#1r,"7.4267700,43.7377594",start,end,,,true
58acb806c6517a87b024,connect,158215197#1f,158215197#2r,"7.4185219,43.7255404",end,end,,,true
58aeda6416d7d3a35be7,connect,157719641#1r,164338243#1f,"7.4236490,43.7403378",end,start,,,true
58b4f093a28bf48dfdec,connect,143536261#1f,78147638#2f,"7.4194594,43.7388014",start,start,,,true
58c11c19e48abaca6244,connect,176674530#1r,4229539#1r,"7.4246137,43.7388584",end,end,,,true
58d01ecc228efe14e807,connect,1131276187#3f,120113158#1f,"7.4181676,43.7343532",start,start,,,true
58ea2c9bb1b72097db27,connect,507581437#1f,792870577#1f,"7.4251075,43.7410827",end,start,,,true
58f5ffc4e3a7f4f2706d,connect,176130562#1f,177052168#1r,"7.4176073,43.7274902",start,end,,,true
58f74fa3098533746f2f,connect,1549110516#1f,201009264#3f,"7.4128197,43.7303666",start,end,,,true
59002d50f730389815fb,connect,1079489485#1f,1079489486#1f,"7.4181029,43.7352288",start,end,,,true
59040c292fbb7d3912e7,connect,503638814#2f,503638814#3r,"7.4369557,43.7498418",end,end,,,true
591c11e251a7e78dee68,connect,1233853668#2f,1233853668#3r,"7.4150352,43.7343461",end,end,,,true
59262be06688be19e1fe,connect,157719645#5r,157719645#6f,"7.4284853,43.7421636",start,start,,,true
5926bf6ea05d312cd845,connect,158215196#1r,177052555#1r,"7.4194392,43.7281402",start,end,,,true
593172f1f3f77bb94191,connect,31900611#1r,31900611#2r,"7.4224533,43.7346164",start,end,,,true
5932a0eabfb734f1031c,connect,851792658#1f,851792658#2r,"7.4123300,43.7311960",end,end,,,true
593bc7fd331e9147a129,connect,166399477#1f,177189425#1f,"7.4157810,43.7264182",start,start,,,true
5944e5a51531f4d4c379,connect,93091320#2f,93091320#2r,"7.4235688,43.7326347",start,end,,,true
5945bb44f0b3ec9a2d61,connect,4229536#1f,4229536#2f,"7.4261726,43.7373162",end,start,,,true
5948e1fddf4d62f658cd,connect,1081601380#2r,176776331#1f,"7.4216746,43.7334914",start,start,,,true
594dcb9669456ff799d9,connect,214635114#2f,214635115#1f,"7.4173149,43.7264524",end,start,,,true
594fc4d796b51420abfe,connect,176682382#1f,176682382#1r,"7.4125829,43.7285141",end,start,,,true
5970bfe7c558d1795026,connect,446542427#1f,446542427#1r,"7.4255384,43.7371215",end,start,,,true
597307cba5600a3a697a,connect,572941874#1f,572941874#2r,"7.4280638,43.7386121",end,end,,,true
598854c96f30c97c6ae7,connect,1203522177#1r,4230099#5r,"7.4368502,43.7502536",start,start,,,true
5990516cdffcf6d8f367,connect,851792658#2f,851792658#2r,"7.4124654,43.7311829",end,start,,,true
599c55d4067f76ce17a8,connect,1202747622#1f,1202747622#2r,"7.4182279,43.7272596",end,end,,,true
59a18e3891373ccc557e,connect,167625739#3r,39839531#1f,"7.4157049,43.7299405",start,start,,,true
59a8b67bc51e458afeee,connect,176321050#4f,4229539#1r,"7.4246137,43.7388584",end,end,,,true
59c11e5c698d1ac86a07,connect,423632269#1f,952419570#1f,"7.4171888,43.7314765",start,end,,,true
59cc5f8709318c808506,connect,503434354#1f,503434355#2f,"7.4153492,43.7333324",start,end,,,true
59d57daaaa7ab4f52919,connect,168959163#3f,335740509#1f,"7.4178807,43.7343466",end,end,,,true
59db92da81c1f9415a9e,connect,1019646823#2f,1019646823#2r,"7.4105613,43.7310656",start,end,,,true
59dc812aff5417479980,connect,572941874#2r,572941874#3r,"7.4280488,43.7386840",start,end,,,true
59de088bb127dc186339,connect,166399488#2r,166399488#3f,"7.4189151,43.7370478",start,start,,,true
59eedcb25660cfcbb0d1,connect,503783375#1f,503783375#1r,"7.4315599,43.7462686",start,end,,,true
59f6fb2689f295c2a8ea,connect,4097656#3r,4097656#4f,"7.4256829,43.7393282",start,start,,,true
59feb9152299be112220,connect,35092475#1f,35092475#2r,"7.4262495,43.7387673",end,end,,,true
59ffb89811b71aee2fc1,connect,4230114#1r,4230118#1f,"7.4307478,43.7476953",end,start,,,true
5a08f11e133216a622c2,connect,159175448#3r,664388472#1f,"7.4383730,43.7492178",end,end,,,true
5a1a2f41953212e7602a,connect,166399486#1r,166399486#2f,"7.4129634,43.7308102",start,start,,,true
5a21ed22adf312de0843,connect,1230398878#1f,1435532402#1f,"7.4382863,43.7496931",start,end,,,true
5a22d4a060dddd173307,connect,157719642#1f,166009792#1r,"7.4239342,43.7399395",start,end,,,true
5a2454d46fe0d415776d,connect,1314186412#1f,1314186412#2r,"7.4183968,43.7363903",end,end,,,true
5a298f61b77d94a44efa,connect,1082515450#1r,809470168#1f,"7.4276779,43.7390344",end,start,,,true
5a39b76ef217408fabfd,connect,4230891#1f,4230891#1r,"7.4280368,43.7378020",start,end,,,true
5a4569abbe6328c49c9f,connect,503783378#1f,503783378#1r,"7.4392479,43.7502206",end,start,,,true
5a4782ef5cad68e2fda4,connect,1203522177#1r,4230099#7r,"7.4365835,43.7500356",end,start,,,true
5a4f242231b3b3ce4a20,connect,176336111#1f,982081599#1f,"7.4227429,43.7384454",start,end,,,true
5a51b61a42e9487c0067,connect,1079489484#1f,1079489486#1f,"7.4181029,43.7352288",end,end,,,true
5a59f73a37b352984f90,connect,322963972#3f,322963972#4f,"7.4176191,43.7374299",end,start,,,true
5a5ae891f0f06802afe4,connect,1202361416#2f,157719647#5f,"7.4247735,43.7391242",end,end,,,true
5a62c50a6a179514d63d,connect,1079492040#1f,176293207#1f,"7.4207360,43.7343802",start,end,,,true
5a658ff21e6497b250ae,connect,166399498#1f,68814581#1f,"7.4181048,43.7375494",end,start,,,true
5a83d8eefae20110f249,connect,166009792#4f,166009792#4r,"7.4228610,43.7395679",start,end,,,true
5a932256625d7a5fbdcc,connect,1233828725#2f,176333307#4f,"7.4292417,43.7449588",end,end,,,true
5a96d435270d0ee55e34,connect,788197747#1f,788197747#1r,"7.4198758,43.7387972",start,end,,,true
5aa2ee969c7371930fb9,connect,203711531#1f,446542427#3r,"7.4268130,43.7371633",end,start,,,true
5ab4bda75cfa0ff6d321,connect,348748065#1r,348748065#2r,"7.4179886,43.7284950",start,end,,,true
5abfafe66f02b3a49d4d,connect,94399437#3f,94399437#4f,"7.4171510,43.7358244",end,start,,,true
5acb7cc2419a298a8409,connect,1203522177#1f,4230099#6f,"7.4368502,43.7502536",end,start,,,true
5add39cffdba5fd5b950,connect,503783376#1r,93137558#5f,"7.4344483,43.7479647",end,end,,,true
5adeb6a0d532e6100f2d,connect,161733292#1r,850261602#6r,"7.4282679,43.7403863",end,start,,,true
5ae2fb9b24b17ff24810,connect,176682382#2r,176682384#1f,"7.4125829,43.7285141",end,start,,,true
5b06f84d03209a3c69ff,connect,214636589#1f,214636589#2r,"7.4223122,43.7346973",end,end,,,true
5b06fcd8760f1b6b77b7,connect,158189830#2f,158189830#2r,"7.4101838,43.7290311",end,start,,,true
5b0d8d967960624fcf83,connect,158215192#1f,167625739#1f,"7.4160562,43.7301923",end,start,,,true
5b12aac729c1db717a06,connect,161887489#1f,161887489#1r,"7.4284596,43.7339317",end,start,,,true
5b16f26e489bbd9671b4,connect,1410590319#1f,25739583#1f,"7.4130796,43.7335259",end,start,,,true
5b18764009168bd765de,connect,1442119701#1f,503475667#1f,"7.4139866,43.7273444",end,start,,,true
5b26b5e07ebbbfc0d6ed,connect,448186736#6f,448186736#6r,"7.4178419,43.7254583",start,end,,,true
5b32f99293ea4a73c195,connect,448186736#6f,448186736#6r,"7.4178977,43.7254120",end,start,,,true
5b4967abfcf0fa4f1632,connect,158215205#4f,834616138#1r,"7.4204493,43.7267233",end,end,,,true
5b58c1d799a3f9deb7c1,connect,4230099#2f,4230099#2r,"7.4366445,43.7504507",end,start,,,true
5b5d27dbababf67029fb,connect,167625737#3f,835382435#1r,"7.4212966,43.7324164",start,start,,,true
5b6c954c0cafb2b87cc4,connect,1449972042#1f,694608614#1f,"7.4190645,43.7324597",start,end,,,true
5b75493142624962a5d6,connect,693487406#3r,693487406#4f,"7.4329682,43.7466976",start,start,,,true
5b767eef0b4f5a551755,connect,214636589#1r,31900611#4f,"7.4223122,43.7346973",start,end,,,true
5b815b88cb233c793058,connect,143536261#2f,143536261#3f,"7.4193676,43.7388641",end,start,,,true
5b8350e4ffeef92f3d7c,connect,1342556412#1f,1342556412#1r,"7.4339250,43.7478942",start,end,,,true
5ba41a297b8b01421ce4,connect,1451501745#1f,905452639#1f,"7.4227470,43.7324817",end,end,,,true
5ba7ffe0f8235b286f72,connect,159170458#1f,166643408#2f,"7.4171323,43.7329167",start,end,,,true
5bad9b5ca94defbc61f0,connect,503462464#1f,93137630#1f,"7.4304898,43.7427540",end,start,,,true
5bb8504ef49c1f6a80ec,connect,159170522#4f,159170522#5f,"7.4197225,43.7343054",end,start,,,true
5bba82c6ebed2282882f,connect,1082281156#2f,214635117#3r,"7.4175843,43.7261424",end,end,,,true
5bc4a756066362cf18ff,connect,161887493#1f,503559464#1r,"7.4271452,43.7333639",start,end,,,true
5bc7d5e453b78cd9e66f,connect,1079489483#2f,1079489486#1f,"7.4180181,43.7352742",end,start,,,true
5bcaafe0f618896d76a1,connect,166149556#1f,4229328#1f,"7.4190942,43.7380836",start,end,,,true
5bdd4185c748f5e216fd,connect,166399479#3f,166399479#4f,"7.4212229,43.7354020",end,start,,,true
5bde31ba17d9cfb97ea9,connect,150050283#1f,150050283#2f,"7.4173891,43.7299374",end,start,,,true
5be0fe0684644d29f1ac,connect,93137615#2f,93137615#3f,"7.4300559,43.7428136",end,start,,,true
5be484f94528eae72628,connect,157719647#4f,586508235#2f,"7.4249268,43.7393895",end,end,,,true
5be68117c14299551a0e,connect,1099877048#1f,1099877048#2r,"7.4371163,43.7499913",end,end,,,true
5bf2923510f26ca32504,connect,160004398#1f,160004399#2f,"7.4261538,43.7373955",start,end,,,true
5c036c53ecd09b8cc3ba,connect,423632264#2f,423632264#2r,"7.4178089,43.7318525",end,start,,,true
5c03b099d340995ec5ff,connect,804900034#1f,804900034#2f,"7.4163655,43.7295806",end,start,,,true
5c17f9e312d50d7ba3a1,connect,157719652#3r,166009791#1r,"7.4256003,43.7404449",start,end,,,true
5c23d59f74c2bc8f7e32,connect,278143574#3f,278143574#4f,"7.4166848,43.7295524",end,start,,,true
5c3c48a6ce6e13db91d6,connect,1019360049#1f,1131276186#1f,"7.4166762,43.7320103",start,end,,,true
5c46b8c462214197b2dc,connect,1034851195#2f,161752641#1f,"7.4290896,43.7424355",end,start,,,true
5c525a4e0739daeb9269,connect,182700195#1f,182700195#2f,"7.4382636,43.7494139",end,start,,,true
5c53662079d41cbc1913,connect,176334444#1f,503753419#1f,"7.4142671,43.7303922",end,start,,,true
5c6eb9543b2f2da0adf3,connect,334368435#1r,982061461#1r,"7.4246341,43.7409699",end,end,,,true
5c75519331cf43768883,connect,168890943#3f,168890943#4f,"7.4255354,43.7310263",end,start,,,true
5c7ab58d63dfc4def51c,connect,693487406#4f,693487406#4r,"7.4329682,43.7466976",start,end,,,true
5c839a7c07c721a5aed7,connect,214636589#2f,214636589#3f,"7.4223501,43.7345465",end,start,,,true
5c86a0f93e8947a0d126,connect,1361686923#1f,166399489#1f,"7.4174840,43.7371490",end,end,,,true
5caba8c89f70c63feb0e,connect,157719644#3r,93137566#2f,"7.4240136,43.7373476",start,end,,,true
5caf1f45262ef828c5d1,connect,24655134#5f,24655134#6f,"7.4296808,43.7416412",end,start,,,true
5cc0ca7a34d6be255448,connect,120062666#1r,177429339#1f,"7.4198297,43.7365726",end,end,,,true
5cc2b0b5425d040263c5,connect,1031828867#1f,624357051#1f,"7.4374507,43.7517199",start,end,,,true
5ccb348dc5a1bf9bccac,connect,1365041529#2r,166399500#3f,"7.4156194,43.7290766",start,start,,,true
5ccf37c870aaec51fbc4,connect,78147639#1r,78147639#2f,"7.4274531,43.7317736",start,start,,,true
5cd09d03cfef62dc2a7b,connect,176333307#4f,176333307#4r,"7.4291934,43.7448512",start,end,,,true
5cd4ce4c490a16a7ee96,connect,1203858294#1f,4229292#2f,"7.4170664,43.7314204",start,end,,,true
5cdb11e99cbc263c420f,connect,165636046#4f,165636046#4r,"7.4259854,43.7409847",end,start,,,true
5cdbfe119f487c46361b,connect,93137558#2f,93137558#3f,"7.4328605,43.7470233",end,start,,,true
5cdcc5c6cbca3dd85cc3,connect,161887489#1f,503559464#4r,"7.4284596,43.7339317",end,end,,,true
5ce0f1e8bf37383b3479,connect,67923339#2r,67923339#3f,"7.4152338,43.7361081",start,start,,,true
5ce1a282aabbd29ba253,connect,176776331#8f,4227273#1f,"7.4214168,43.7365583",end,start,,,true
5cf98f8cc1f23779048a,connect,4230122#1r,4230122#2f,"7.4297607,43.7461300",start,start,,,true
5cfc82b01b40bfa43f4d,connect,35092475#1f,35092475#1r,"7.4262495,43.7387673",end,start,,,true
5cfd3896ff778984473b,connect,161748260#2f,166399501#4f,"7.4287442,43.7411034",end,end,,,true
5d07ee5b86c79b9fcfb3,connect,201009264#2r,201009264#3r,"7.4129275,43.7300768",start,end,,,true
5d0a43bc6600a84ae797,connect,4230105#2f,4230105#3r,"7.4328554,43.7482766",end,end,,,true
5d0d59808cb19abf28cb,connect,4230099#6f,4230099#6r,"7.4368502,43.7502536",start,end,,,true
5d1abb907d63d1a9bac5,connect,731054118#1f,731054118#2f,"7.4170024,43.7337798",end,start,,,true
5d1fd9d1fba933b2d3ee,connect,1086377399#1r,1086377399#2r,"7.4362704,43.7486428",start,end,,,true
5d21f374dc14d9664a6a,connect,159170509#2f,159170509#3f,"7.4211295,43.7354300",end,start,,,true
5d33bd7fe8c776f81c8a,connect,664388472#1f,664388472#1r,"7.4383730,43.7492178",end,start,,,true
5d3e8e6fe0b83c6cff82,connect,1449407308#1f,4098197#1r,"7.4315111,43.7470260",end,end,,,true
5d4122b6a3b654123f07,connect,158215180#2f,177049248#4f,"7.4186176,43.7254261",start,end,,,true
5d4c6968769e8b6936e5,connect,1000930351#1f,1000930351#2f,"7.4296808,43.7416412",end,start,,,true
5d4d5fe8c0e90f8620bc,connect,851991828#2f,851991828#2r,"7.4381871,43.7493230",end,start,,,true
5d517211557749bbd4c1,connect,1388331345#1f,78141882#2f,"7.4215509,43.7369680",end,end,,,true
5d52e62b5320c78a6039,connect,503783376#2f,503783376#2r,"7.4347588,43.7481430",start,end,,,true
5d6510a9e7e06c67d9cf,connect,181479771#1f,181479771#1r,"7.4150835,43.7344132",start,end,,,true
5d6d8fc8f8c6ae9c2479,connect,946562629#1f,946562629#1r,"7.4203758,43.7379838",start,end,,,true
5d741ba1ccddbd1b7e6a,connect,778744698#3f,778744698#3r,"7.4290554,43.7392537",start,end,,,true
5d785c81c9ad7b621980,connect,1079489488#1f,1283578084#4f,"7.4181565,43.7353381",start,end,,,true
5d7f28d0a88d6936e1da,connect,160004398#1r,160004399#2f,"7.4261538,43.7373955",end,end,,,true
5d829f548c604a78e583,connect,1202747623#2r,503550463#1f,"7.4183136,43.7272447",start,start,,,true
5d87cadddbec29787793,connect,92627426#1f,92627426#2f,"7.4225745,43.7274186",end,start,,,true
5d8a7b8412b6c4ae0851,connect,4230118#2f,4230118#2r,"7.4307104,43.7475120",start,end,,,true
5d8e6a2ad4cd725319bb,connect,1202361379#1f,4230006#2r,"7.4274015,43.7398154",end,end,,,true
5d9f70cc225100fa25cb,connect,335740503#1f,335740509#1f,"7.4178807,43.7343466",start,end,,,true
5de8095108af7ca37659,connect,157719645#7r,157719645#8r,"7.4285482,43.7424396",start,end,,,true
5dea708bd77d83f830d4,connect,158215205#3f,158215205#4f,"7.4205873,43.7266442",end,start,,,true
5def0a43496fab6753fd,connect,766768153#6f,766768153#6r,"7.4234145,43.7327155",start,end,,,true
5defdd11c97db0839a3e,connect,33749607#2f,33749607#2r,"7.4177638,43.7356412",end,start,,,true
5df1dfc689557d83e2c4,connect,1342546059#1r,693487406#4f,"7.4327848,43.7468236",end,end,,,true
5e0021c0814c7a71d0a2,connect,4230118#1r,4230118#2f,"7.4307104,43.7475120",start,start,,,true
5e0dbedf2df08def2067,connect,435062251#1f,463430038#1f,"7.4106015,43.7310737",end,start,,,true
5e0f66dcb1ac9b2d9088,connect,446530365#1f,690915731#1f,"7.4147909,43.7285210",end,start,,,true
5e11549ea2b7e18340a5,connect,78141884#1f,78141884#1r,"7.4209338,43.7371530",start,end,,,true
5e288b04eae460bfadd0,connect,166149542#5f,166149542#5r,"7.4195932,43.7368519",start,end,,,true
5e28f96cc200b92056ac,connect,158189819#1r,200507331#1f,"7.4144215,43.7278940",start,start,,,true
5e2b0cd45f8212d7844f,connect,166149542#4f,166149542#5r,"7.4195932,43.7368519",end,end,,,true
5e309c13e3ab650a22d2,connect,156772047#6f,156772047#7r,"7.4289548,43.7388035",end,end,,,true
5e4179b69df5aa0b7a8d,connect,1238339144#3f,1238339144#4f,"7.4310358,43.7439544",end,start,,,true
5e4ffa0a779a210c6073,connect,1099877048#2f,1342546094#1f,"7.4374105,43.7502869",end,end,,,true
5e549a106d4b08f12bd2,connect,4227198#3f,4227198#4f,"7.4201160,43.7329147",end,start,,,true
5e56e51417ab8f0e0488,connect,503462475#1f,503462475#2f,"7.4179557,43.7283561",end,start,,,true
5e632f4dc14178c202b9,connect,24668173#2f,8135891#1f,"7.4277990,43.7437048",end,start,,,true
5e689baeb6a27988465f,connect,168890943#2f,168890943#3f,"7.4254974,43.7310061",end,start,,,true
5e735b5a4564a0b14519,connect,161885378#2r,4227216#2f,"7.4245672,43.7329107",start,end,,,true
5e77a4746bbfb68af76a,connect,1202361392#1r,157719645#2r,"7.4276654,43.7411907",start,start,,,true
5e842be01e127c997a22,connect,165636031#3r,165636031#4f,"7.4270858,43.7325551",start,start,,,true
5e90582a11e629541ddc,connect,214635115#2f,833538179#2r,"7.4173406,43.7264722",start,start,,,true
5e97d0c7d659c63a9510,connect,233894501#1f,25082741#5f,"7.4253078,43.7372056",start,end,,,true
5e9b6afd41040624ec10,connect,503462460#1f,503462476#1f,"7.4169050,43.7298255",end,start,,,true
5ea4991182d3b486caad,connect,851792659#1r,92627433#1r,"7.4131311,43.7308615",start,end,,,true
5eaa79f73637e27ea54c,connect,167625739#1r,167625739#2r,"7.4160245,43.7301706",start,end,,,true
5eb262fafae5f10f5920,connect,165636031#6r,834185360#3f,"7.4270171,43.7320437",end,end,,,true
5eb52cef9a5580d7486f,connect,156772047#8r,156772047#9r,"7.4291695,43.7390118",start,end,,,true
5ebbc413038cc3c68333,connect,778744698#4r,850261601#3r,"7.4293375,43.7394790",start,end,,,true
5ebe6428fc755720507d,connect,164338247#1f,164338247#2r,"7.4283283,43.7421754",end,end,,,true
5ec034b8b2a69288211e,connect,720165108#1r,720165108#3r,"7.4232955,43.7408298",end,start,,,true
5ec95a2869711eae6ddc,connect,158189817#1f,158189817#2r,"7.4162353,43.7285095",end,end,,,true
5eca84004a5968709b10,connect,850261577#1f,850261577#1r,"7.4232600,43.7302013",end,start,,,true
5ed1ca7870e99f36ca81,connect,176333307#2f,176333307#3r,"7.4289397,43.7443005",end,end,,,true
5ed46d333a9e44290ee2,connect,156772047#2f,156772047#2r,"7.4269813,43.7377491",start,end,,,true
5ed4a74e0b0a1163251f,connect,176684623#1f,8352246#2f,"7.4209665,43.7366135",start,start,,,true
5ed5c466d3008753ac34,connect,850261602#5f,850261602#5r,"7.4291001,43.7402906",start,end,,,true
5ed94f5207b7c52c0096,connect,31900636#1r,31900636#2r,"7.4232919,43.7347717",start,end,,,true
5ee66d9e1eaefbec2335,connect,93207286#1f,93209287#1f,"7.4382463,43.7513515",end,end,,,true
5ef241ac48999f742fd4,connect,176333304#4f,4230114#3f,"7.4330506,43.7493104",start,end,,,true
5ef814a7bdcbc37fd61f,connect,181479771#4f,181479771#5f,"7.4159215,43.7353944",end,start,,,true
5efa38ef77765ac54eff,connect,164338237#1f,164338238#3f,"7.4197721,43.7392797",start,end,,,true
5f03afdeab0e3d995aaf,connect,834185360#2f,834185360#3r,"7.4269806,43.7320733",end,end,,,true
5f0a43140c3167d3e99f,connect,503783376#1f,503783376#1r,"7.4344483,43.7479647",start,end,,,true
5f0b93f7b6df27e84f35,connect,181479771#6f,181479771#7r,"7.4163956,43.7367559",end,end,,,true
5f19dca0dd7b6933c3fc,connect,67923339#1r,67923339#2f,"7.4154533,43.7357599",start,start,,,true
5f230a359649f5c4ca94,connect,448186736#3f,448186736#3r,"7.4177116,43.7257629",start,end,,,true
5f27c379b41e665e8138,connect,158215197#1r,214635117#7r,"7.4184894,43.7255194",end,start,,,true
5f2edff6da60e4e51d48,connect,1342556412#2r,1342556412#3r,"7.4342780,43.7481281",start,end,,,true
5f422a99ded333c09029,connect,165636031#1f,503813534#1r,"7.4197965,43.7322481",start,start,,,true
5f437179d91975db7efd,connect,176321050#2r,176321050#3r,"7.4236422,43.7386370",start,end,,,true
5f47de86c27f6f75c751,connect,834185360#2r,834185360#3f,"7.4269806,43.7320733",start,start,,,true
5f51cf2ad3b652454226,connect,353889390#1f,353889390#1r,"7.4130320,43.7298527",end,start,,,true
5f60e2538ef64dba44e4,connect,850261601#1r,850261601#2r,"7.4294240,43.7393375",start,end,,,true
5f850070da659cf17af0,connect,35092475#2r,35092475#3r,"7.4265116,43.7386376",start,end,,,true
5f862141b37dd0f92ba3,connect,1326369794#1f,1443870918#1r,"7.4362314,43.7491905",start,start,,,true
5f8ef3d4bc3933e71a9c,connect,166558481#2f,4229893#1f,"7.4223724,43.7323258",end,start,,,true
5f9c88fc93ecb7892a6a,connect,1202747622#1f,1202747622#2f,"7.4182279,43.7272596",end,start,,,true
5f9ea669ba85e495b75f,connect,176684623#1f,176684623#2r,"7.4209184,43.7365938",end,end,,,true
5fac79151e8cfaad6e75,connect,166399478#9f,503462475#2f,"7.4179557,43.7283561",end,start,,,true
5fad04f3fc417384963c,connect,572941874#1r,572941874#4r,"7.4281042,43.7385976",end,start,,,true
5fb41f49e0a363c9571f,connect,161775593#1f,699218006#2r,"7.4231173,43.7369871",start,start,,,true
5fb649b2996bbfb055df,connect,167625726#1f,4227209#1f,"7.4235053,43.7310861",start,start,,,true
5fbb5273cfaced18201a,connect,161887492#1r,161887492#2r,"7.4272940,43.7332957",start,end,,,true
5fbeedea0c02325d49fa,connect,851792659#1f,92627433#1r,"7.4131311,43.7308615",end,end,,,true
5fc2b3676c57503d725d,connect,157719661#2f,157719661#3f,"7.4220068,43.7404626",end,start,,,true
5fd0c6e6f5c1ac052f65,connect,128273233#1f,4230105#4f,"7.4334951,43.7488339",start,start,,,true
5fd9d8fab645b44e8379,connect,1082281156#2f,214635117#2r,"7.4175843,43.7261424",end,start,,,true
5fdd1d2d740ed7df6704,connect,177045628#1f,93091311#1f,"7.4214215,43.7318757",start,end,,,true
5ffd734b2ac3e2627187,connect,1549110517#2f,1549110517#2r,"7.4128290,43.7307614",end,start,,,true
6000bf9bf8924d02ead1,connect,4230891#1f,4230891#2f,"7.4290580,43.7383175",end,start,,,true
6002a01ba588b0cf7c9e,connect,166399483#1f,80378487#1f,"7.4207655,43.7317087",start,end,,,true
600532a9a87c1fb47fa7,connect,4227214#1f,850230914#3f,"7.4213752,43.7306931",start,end,,,true
603127204c28d40eee9f,connect,176336114#1f,982081599#3f,"7.4230327,43.7384802",end,end,,,true
6035e7f0414807349741,connect,1549110517#3r,166399486#1f,"7.4128565,43.7307709",start,start,,,true
6042779e5bfc11566a51,connect,176674531#2f,840101178#1f,"7.4212270,43.7331634",start,end,,,true
60436a387259f1ea40d6,connect,157719669#2f,176336376#1f,"7.4226229,43.7409189",end,start,,,true
60449daf0efd4e1fd8d6,connect,792870577#2f,982061461#1r,"7.4248856,43.7408323",end,start,,,true
604780e9d20e3987d04d,connect,157719645#12r,93137591#1f,"7.4306594,43.7454678",start,end,,,true
604b12fd3a0809f710b4,connect,334773233#1f,357168416#1r,"7.4287627,43.7464825",start,end,,,true
605820a6779e303872e7,connect,308214646#3f,4230009#1r,"7.4271748,43.7394883",end,end,,,true
60667e10f0415527ce05,connect,168890950#1f,687577826#1f,"7.4224586,43.7298939",end,start,,,true
6075c9cc566613094204,connect,159170505#1f,850261591#1f,"7.4206723,43.7340984",start,end,,,true
60a19d1ebc6bd0ec949c,connect,981971425#1f,981971425#1r,"7.4319009,43.7479894",start,end,,,true
60a806098875a26ae9b4,connect,157719698#3f,157719701#1f,"7.4261788,43.7403164",end,end,,,true
60a97d05aa15eae3a534,connect,1410590314#1f,1449972061#1f,"7.4141396,43.7345609",start,end,,,true
60ba5724a95c509c3b82,connect,688731299#2f,688731312#2f,"7.4143793,43.7324430",end,end,,,true
60bf7c4556a2e136e57c,connect,850261577#1r,850261577#2r,"7.4232600,43.7302013",start,end,,,true
60c9e3ab1deacab48b66,connect,166399478#7f,348748065#1r,"7.4179191,43.7284751",end,end,,,true
60cdeb79e78e318c05a6,connect,809470170#2f,809470170#2r,"7.4277379,43.7391243",start,end,,,true
60cf8e7ad62e8d8ad0af,connect,176674531#1f,840101178#1r,"7.4212270,43.7331634",end,start,,,true
60d057d61ce8af32c060,connect,120113157#1f,120113157#1r,"7.4189090,43.7390232",end,start,,,true
60d1cdc1539a4be148f3,connect,172533153#2f,93091321#1f,"7.4176503,43.7319720",end,start,,,true
60db88522102de75e4be,connect,156772047#9f,850261601#1f,"7.4294183,43.7393125",end,start,,,true
60eb53ca45456feb5f06,connect,67923338#1r,67923338#2r,"7.4184041,43.7367574",start,end,,,true
60ee380996735cce5518,connect,423632259#1f,423632259#2f,"7.4214613,43.7320579",end,start,,,true
60ef599aa803e83602bb,connect,161769679#1f,161769679#2r,"7.4277231,43.7387945",end,end,,,true
60febb82beb154035f7b,connect,1327492337#1f,804900033#1f,"7.4170928,43.7315999",start,start,,,true
60ff932a5bcdff106ffd,connect,688744016#1f,688744016#1r,"7.4142775,43.7324533",end,start,,,true
61114e346463a4e26709,connect,503434370#1f,503434370#2f,"7.4132849,43.7338591",end,start,,,true
612691db88a61386ecc5,connect,176336376#1f,334364604#1r,"7.4226229,43.7409189",start,end,,,true
613ae9bfcef164837fe1,connect,1470365900#2f,25103774#1f,"7.4302506,43.7410743",end,start,,,true
613e2c4b44abef4d9b9a,connect,503462464#1f,93137615#1r,"7.4304898,43.7427540",end,end,,,true
613e94478732e4443c4d,connect,1019360049#1f,121380669#1f,"7.4167099,43.7319497",end,end,,,true
6144a62726646062392f,connect,78147638#1f,788197747#1r,"7.4196733,43.7388253",start,start,,,true
614f6ac9bcb8f6f1ba2f,connect,1342546064#3f,1342546064#4f,"7.4326252,43.7470091",end,start,,,true
61545a953e93c1459686,connect,177189425#1f,177189425#2r,"7.4166904,43.7264034",end,end,,,true
6161a55d054c20012a0e,connect,586268005#1r,586268005#2f,"7.4236033,43.7373154",start,start,,,true
6162abaa28099037b6a5,connect,33749607#2f,33749607#2r,"7.4176721,43.7355507",start,end,,,true
6164008e792be88dd4ef,connect,1342546088#1r,4230099#9r,"7.4362389,43.7497178",start,end,,,true
618249ef497cb724c181,connect,158215196#2f,158215196#2r,"7.4194392,43.7281402",start,end,,,true
618a95b989b14559cb26,connect,586268005#1r,586268005#2r,"7.4236033,43.7373154",start,end,,,true
618bc3c45c2e3f212a86,connect,94399927#1f,94400151#2f,"7.4166224,43.7357588",start,end,,,true
61909ed1db052b3ec704,connect,166399486#1r,166399486#2r,"7.4129634,43.7308102",start,end,,,true
6199581ff0353e9c796b,connect,164338244#1f,982061461#1f,"7.4246341,43.7409699",end,start,,,true
61a64c041328ae0fd2dc,connect,1365041486#1f,1365041486#2f,"7.4294832,43.7385662",end,start,,,true
61a8c64a2604b181f2ec,connect,158189830#1r,92627425#2f,"7.4105039,43.7292085",end,end,,,true
61aa79f429917d35c15b,connect,157719645#4f,157719645#4r,"7.4280815,43.7416059",start,end,,,true
61aafd49468cc49d02f8,connect,176760116#2f,176760116#3f,"7.4353822,43.7485009",end,start,,,true
61b1b3bd41e1e9d0d0c0,connect,1449972042#1f,176086161#1f,"7.4190681,43.7324756",end,start,,,true
61b7584117ebb8784911,connect,214635117#1f,214635117#1r,"7.4173937,43.7262752",end,start,,,true
61c373e3bb18087d8284,connect,158007908#1f,78147635#1f,"7.4279534,43.7325962",start,end,,,true
61d2bd57361b7091b870,connect,176682382#1r,176682382#2r,"7.4125829,43.7285141",start,end,,,true
61d4933b95796a4a0dfc,connect,181479771#4r,336130958#1f,"7.4158135,43.7353199",end,start,,,true
61ddad433f85802434a5,connect,159170517#4f,164338230#5f,"7.4196441,43.7342962",end,end,,,true
61e8ac492bee4f60ae5d,connect,176577460#4f,176577460#4r,"7.4139233,43.7293508",start,end,,,true
61ef770bac0423471d92,connect,503633031#1f,93137564#1f,"7.4318453,43.7451179",start,start,,,true
621ae941fb370d8f8968,connect,334773233#1f,334773233#2r,"7.4295280,43.7466034",end,end,,,true
6223d877c69b457baee8,connect,120062663#1f,120062663#2f,"7.4181306,43.7346635",end,start,,,true
622c571af7804e9d2a49,connect,176337641#3f,176337641#3r,"7.4154274,43.7363096",end,start,,,true
622dd294d13fb74a5115,connect,176477342#4f,176477342#4r,"7.4259548,43.7388818",start,end,,,true
62477d3e1b593524183e,connect,176577460#1f,176577460#2f,"7.4143369,43.7290323",end,start,,,true
6252d82a22c3f44f23a6,connect,850261602#2r,850261602#3f,"7.4292741,43.7401071",start,start,,,true
625dd7f128e17145d61a,connect,159175448#2r,664388472#1r,"7.4383730,43.7492178",start,start,,,true
626d18cebbc1585d0ccd,connect,168959163#1f,33749607#1f,"7.4175017,43.7349718",start,start,,,true
626e88f723cfd7fc1155,connect,4230099#8f,4230099#9f,"7.4362389,43.7497178",end,start,,,true
6278dc1f3516248d8156,connect,1549110516#3f,1549110516#3r,"7.4127939,43.7303590",start,end,,,true
627905f74409c8421f0f,connect,317925725#1f,317925725#2f,"7.4144363,43.7338298",end,start,,,true
627b31a16b92438e0fd7,connect,161733292#1f,850261602#6f,"7.4282679,43.7403863",start,end,,,true
62855098b3ece0868794,connect,1202747622#1r,1202747622#2r,"7.4182279,43.7272596",start,end,,,true
6287293ab7923d0e4878,connect,150050283#2f,450454878#1f,"7.4175592,43.7300775",end,start,,,true
6291988be0047e74c263,connect,164338222#1r,164338222#2f,"7.4275917,43.7330544",start,start,,,true
62a00b67bf0705e60771,connect,503783373#1r,93137558#1r,"7.4319668,43.7465094",start,end,,,true
62aaaf78fab7706f5c6f,connect,778744698#4f,850261601#3f,"7.4293375,43.7394790",end,start,,,true
62b2c470104f22b2bb24,connect,1202361392#1r,157719645#2f,"7.4276654,43.7411907",start,end,,,true
62ba0d1f3e5a5bc64929,connect,159170522#1f,159170522#2f,"7.4186149,43.7342304",end,start,,,true
62c72cb44939750bb9e7,connect,120114107#1f,1327492339#1f,"7.4171671,43.7316560",start,end,,,true
62c95c2c20a6ebf0ea75,connect,166856355#1f,166856356#1r,"7.4296829,43.7467716",end,end,,,true
62da6b00893e6495c1ee,connect,176682382#3f,176682382#3r,"7.4130832,43.7291057",start,end,,,true
62dbb102eb27d334c911,connect,1099877048#1f,503638814#3f,"7.4370757,43.7499485",start,end,,,true
62e044f68a45b910234e,connect,214635117#3f,214635117#3r,"7.4175843,43.7261424",start,end,,,true
62e42b6314c0a8c6495b,connect,1449407307#1f,1449407307#1r,"7.4311988,43.7468029",start,end,,,true
62e83f0b39a7dfbd2e00,connect,1238339144#1f,182700002#8f,"7.4317125,43.7451533",start,end,,,true
62e95dde9f7d4f3c53d7,connect,1024523798#1f,1024523798#1r,"7.4290583,43.7338557",end,start,,,true
62ea3d5d33818c25885b,connect,360063227#2f,360063227#2r,"7.4125638,43.7294270",end,start,,,true
62f72a7b1ec9b1d3c27d,connect,161748260#2f,166399501#4r,"7.4287442,43.7411034",end,start,,,true
630180237d5e65388fb0,connect,4098197#3f,4098197#3r,"7.4317323,43.7475177",start,end,,,true
63036a4aa9ddadca52da,connect,4229326#1f,4229326#1r,"7.4194711,43.7377612",end,start,,,true
630a143988f4e105fc3d,connect,1019174508#1f,4227242#1f,"7.4218736,43.7332095",start,end,,,true
6316982f9c77a839fa39,connect,1342546058#2f,1342546058#3r,"7.4322678,43.7460405",end,end,,,true
63265eb5c00008fd2982,connect,120062661#1f,120062664#1f,"7.4195767,43.7361202",start,start,,,true
6327c5e83ec4205ed33c,connect,446542427#3f,446542427#3r,"7.4266982,43.7372385",start,end,,,true
633345a46612aa067066,connect,92627418#1f,92627418#1r,"7.4264707,43.7374911",end,start,,,true
63338873cf79f3c68bd4,connect,1453878835#1f,4227273#1f,"7.4214168,43.7365583",end,start,,,true
63366648710e16bf95fc,connect,120062665#1f,1452634279#1f,"7.4185417,43.7342778",start,end,,,true
6338c01c4eeb9acaa427,connect,4098197#2f,4098197#2r,"7.4317445,43.7472776",start,end,,,true
633bd4e8de8e90d888d0,connect,164338230#1r,164338230#2r,"7.4197593,43.7337483",start,end,,,true
633c2f45d05ffa66bea5,connect,158215205#1f,158215205#2f,"7.4204317,43.7265528",end,start,,,true
63460498af0daf61e258,connect,157719661#1f,176576014#1r,"7.4218357,43.7398553",start,start,,,true
63514e8fa745f7c70229,connect,166399498#1f,67923338#1r,"7.4178699,43.7372793",start,end,,,true
6356210b874e942f51db,connect,93137575#1f,93137589#1f,"7.4316697,43.7450773",start,start,,,true
63582952667cfd8b6132,connect,766768153#5r,766768153#6f,"7.4234145,43.7327155",start,start,,,true
63595811bc915fc77a74,connect,1549110515#3f,503434364#1f,"7.4106261,43.7292783",end,start,,,true
636f5f385ff40fea0117,connect,67923339#3f,67923339#3r,"7.4150001,43.7362968",end,start,,,true
637dd4a92a75bafe80f9,connect,182692348#2f,261740027#1f,"7.4152478,43.7285983",start,start,,,true
637f4a3b71c865692da7,connect,166399478#5f,166399478#6r,"7.4179020,43.7288018",end,end,,,true
638837dffd48c204411d,connect,201009264#2f,201009264#2r,"7.4129275,43.7300768",end,start,,,true
638f61dbc09b275a6c3b,connect,4230891#2r,4230891#3r,"7.4294579,43.7386365",start,end,,,true
639357d932d42f2439e2,connect,157719646#1f,176576014#1r,"7.4216227,43.7399889",end,end,,,true
63a13335c03d111d2b26,connect,851991828#1r,851991828#2f,"7.4381839,43.7492902",start,start,,,true
63ab93cdd229f430d2d8,connect,1081601380#1f,446540017#1f,"7.4216562,43.7332637",start,end,,,true
63b30a68f95851c9c8cd,connect,177052163#1r,177189425#2r,"7.4169271,43.7263995",end,start,,,true
63c1e68f66bfd12aee29,connect,1086377399#1r,1086377399#2f,"7.4362704,43.7486428",start,start,,,true
63d308fa4037ba60f26e,connect,176321050#1r,176336114#4f,"7.4231469,43.7385008",end,start,,,true
63d33121c80dca423862,connect,177189425#1r,448186716#1r,"7.4166904,43.7264034",start,end,,,true
63de47d0c83ec830a3a4,connect,176477340#3f,176800137#1f,"7.4229295,43.7377667",start,end,,,true
63e03b1686112225b21a,connect,155085117#1f,155085117#2f,"7.4171706,43.7334316",end,start,,,true
63e07f6bbba41934fe74,connect,120113156#2f,120113156#2r,"7.4203651,43.7379469",start,end,,,true
63e2749ca298d98fb725,connect,24655134#3f,24655134#4f,"7.4296306,43.7423430",end,start,,,true
63fc24bb0716cdc6c87c,connect,182700002#1f,503462466#7f,"7.4328029,43.7464201",start,end,,,true
64012f37563901d57bb8,connect,158215184#2f,158215184#3f,"7.4187375,43.7279139",end,start,,,true
640275dbcb83cf77664f,connect,35092475#1r,35092475#2r,"7.4262495,43.7387673",start,end,,,true
64033a54e7ede16caea2,connect,1082312612#1r,92627406#3f,"7.4195101,43.7276397",end,start,,,true
641374cf2ffbd5a518de,connect,159170465#4f,67923338#2f,"7.4184263,43.7367055",end,end,,,true
64139a7a4ab31f2f6aae,connect,92627406#2r,92627406#3r,"7.4195101,43.7276397",start,end,,,true
641a0a848deb29de9067,connect,176293207#2f,850261594#1f,"7.4212004,43.7344144",end,start,,,true
641d393920de4e8c8ba9,connect,503462464#1f,93137576#1f,"7.4305032,43.7428351",start,end,,,true
6428fae693dd1875c81a,connect,1081601380#1r,1081601380#2f,"7.4217052,43.7333985",start,start,,,true
642afa624eb04dfbaf4c,connect,176333307#2f,176333307#2r,"7.4286809,43.7437975",start,end,,,true
642d7a74842fe0198ccc,connect,182700002#3f,182700002#4f,"7.4324484,43.7461308",end,start,,,true
6432dc6664bf17720f54,connect,317925725#1r,317925725#2r,"7.4144363,43.7338298",start,end,,,true
6435336364245b7932da,connect,850261601#1f,850261601#1r,"7.4294240,43.7393375",end,start,,,true
643dada660eb04ea6d0c,connect,503475643#1f,503475643#1r,"7.4220901,43.7351390",end,start,,,true
643f2d0a22fb5ae4908e,connect,1443764724#2f,1443870918#1f,"7.4357049,43.7490716",end,start,,,true
6440ec7b5671f1482926,connect,157719649#3f,334367775#1r,"7.4227856,43.7399258",start,end,,,true
64424c3299164702f962,connect,1443764724#2f,1443870918#1r,"7.4357049,43.7490716",end,end,,,true
644ba3c8fd5424003cea,connect,317925725#1f,317925725#2r,"7.4144363,43.7338298",end,end,,,true
644ce9cef284459f5a99,connect,176333307#1r,176333307#2f,"7.4286809,43.7437975",start,start,,,true
6458c36f6bf2c4814e1e,connect,503633032#4f,503633032#5f,"7.4361604,43.7486422",end,start,,,true
645b416bd5b9c4106b79,connect,155085119#3f,67923339#1r,"7.4150328,43.7351033",end,end,,,true
645dbdaa594a790bdeb4,connect,1233853668#3r,181479771#1r,"7.4150835,43.7344132",start,end,,,true
64747a69c4bb9a7ecde2,connect,850261592#1f,850261592#2f,"7.4206344,43.7344142",end,start,,,true
6477c4f7e7e94db1e3ce,connect,214636589#3f,214636589#3r,"7.4223501,43.7345465",start,end,,,true
648380e5378f4d839d2d,connect,167625727#8f,167625727#9f,"7.4185197,43.7293154",end,start,,,true
6489eb7096360ca119fc,connect,1019360050#1f,1019360050#2f,"7.4167683,43.7319457",end,start,,,true
648bab9b31efba593aed,connect,1549110516#5f,1549110527#1r,"7.4125938,43.7302884",start,end,,,true
649d4bc7824537998530,connect,360063232#1f,360063232#1r,"7.4125925,43.7302403",start,end,,,true
649dd812279b7d89e8d7,connect,158215191#1r,503462475#3f,"7.4179107,43.7282998",end,start,,,true
64a7f338811d1573c7b2,connect,503475642#3r,503475643#1f,"7.4217790,43.7355741",start,start,,,true
64a97b8950c26b877287,connect,158215184#5r,158215184#6f,"7.4182340,43.7282731",start,start,,,true
64b9c86c5ff3a8cb34ea,connect,176336376#1f,334368566#2f,"7.4227385,43.7408527",end,end,,,true
64baf67372fc6ecd2afc,connect,1365041486#2r,4230891#2r,"7.4294579,43.7386365",start,start,,,true
64be271828cdb66d0f0d,connect,92627425#1f,943330854#1f,"7.4104678,43.7292641",end,start,,,true
64d6d00a7b9bfaaae5ea,connect,159170458#1f,159170458#1r,"7.4171323,43.7329167",start,end,,,true
64dde6d15ce760408614,connect,1131276187#1f,120114108#1f,"7.4181118,43.7343425",end,end,,,true
64e47019f5c8472b071d,connect,177189425#1f,448186716#1r,"7.4166904,43.7264034",end,end,,,true
64e8f43b69ffd963ce39,connect,214635117#3f,214635117#4f,"7.4179149,43.7259119",end,start,,,true
64e94a82c65cda44405e,connect,161887490#1f,161887492#2r,"7.4271154,43.7332555",end,start,,,true
64ec2a9cf6f21daefe8c,connect,360063233#1f,360063233#2f,"7.4128541,43.7299988",end,start,,,true
64f03dc7a46d8aff2096,connect,176334441#1f,176334441#1r,"7.4140217,43.7303195",end,start,,,true
64f05efbfa7032cbde6d,connect,503783373#1r,93137558#1f,"7.4319668,43.7465094",start,start,,,true
64f90bc5b33d5fefde13,connect,850261602#2f,850261602#2r,"7.4292983,43.7400304",start,end,,,true
64fa50c1086c5ae8bef1,connect,4227216#3f,4227216#3r,"7.4251026,43.7330219",end,start,,,true
6500b48fad6ed6cdca75,connect,167625739#2r,167625739#3f,"7.4157416,43.7299772",start,start,,,true
650249721927aa906b9b,connect,159170517#1f,159170517#2f,"7.4194912,43.7351225",end,start,,,true
6502570b289bac48c051,connect,92627426#1r,92627426#2r,"7.4225745,43.7274186",start,end,,,true
6505688cdc25c8e45f2a,connect,168104483#2f,176336113#1r,"7.4228529,43.7390946",start,end,,,true
650bea06f5f8aa726992,connect,1342546111#2r,254596488#1f,"7.4301941,43.7443870",start,start,,,true
650eaa34e6cf066624f9,connect,166399478#1r,166399478#2f,"7.4176125,43.7294974",start,start,,,true
65161b9a1f3b0515380e,connect,92627418#1f,92627418#1r,"7.4273068,43.7376640",start,end,,,true
65175c56a3d9aa2c61de,connect,93091320#1r,93091320#2r,"7.4235688,43.7326347",start,end,,,true
651859fe43d90da4a1ec,connect,166399478#5r,166399478#6f,"7.4179020,43.7288018",start,start,,,true
651f6c71dff50eb250d5,connect,167625737#2f,167625737#3f,"7.4212966,43.7324164",end,start,,,true
652ca3f29ecf2f89c170,connect,448186736#3f,448186736#4r,"7.4176540,43.7256176",end,end,,,true
6534b229cc2f16b8e83a,connect,334511470#1r,67923339#3f,"7.4150001,43.7362968",end,end,,,true
653b94a67637f9f5ed1a,connect,766768153#4f,766768153#4r,"7.4224070,43.7337299",start,end,,,true
653e7c6f9367cfdea49c,connect,176760116#2r,176760116#3f,"7.4353822,43.7485009",start,start,,,true
654cc120ae054680c10d,connect,214636589#2r,31900611#1f,"7.4223501,43.7345465",start,start,,,true
65517f5065d4a86f4494,connect,41929969#1f,4230891#4f,"7.4303262,43.7403619",start,end,,,true
65663ab69c580f26139c,connect,182692350#1r,318654737#1f,"7.4148737,43.7284100",start,start,,,true
656e28c85c8c4483a7b2,connect,4230105#3r,4230105#4f,"7.4334951,43.7488339",start,start,,,true
657db9ae62cd4f5cc009,connect,4229537#1f,4229537#2f,"7.4256230,43.7385382",end,start,,,true
65864bba30099533d52e,connect,166399488#1f,67923338#2r,"7.4184263,43.7367055",start,start,,,true
6587cbf2be3711241748,connect,4227208#2f,834185366#2f,"7.4262064,43.7317676",start,end,,,true
6588a86c0b53a3e372cc,connect,176774211#1r,176774263#2f,"7.4220781,43.7322379",start,end,,,true
658cfae3204500526e1f,connect,1238339144#2f,93137589#1f,"7.4316697,43.7450773",start,start,,,true
65948dad042546019c46,connect,1099877048#2f,1342546092#1f,"7.4371163,43.7499913",start,start,,,true
659ba9c38d7ab9e2bd02,connect,690914542#1r,690914543#1f,"7.4143084,43.7277512",end,start,,,true
65a0f3f0f69f2833fc4f,connect,214635115#1r,833538179#2r,"7.4173406,43.7264722",start,start,,,true
65a5df85d9ad525c91be,connect,156780348#1r,689855606#1f,"7.4191759,43.7388562",start,start,,,true
65a9493796cf8e029595,connect,158189830#1f,158189830#1r,"7.4104470,43.7291430",end,start,,,true
65b86fa3ebe06085f651,connect,169297863#1r,177045624#1r,"7.4228153,43.7321967",end,start,,,true
65ca415437bfbcd3f03c,connect,1443764723#2f,176334442#1f,"7.4334983,43.7484416",end,start,,,true
65d2be7d7636d937d152,connect,155085120#1f,155085120#1r,"7.4155251,43.7319401",start,end,,,true
65d34bb5655401bfaa43,connect,850261602#4r,850261602#5r,"7.4291001,43.7402906",start,end,,,true
65d37664072450e0f287,connect,156772047#7f,156772047#8f,"7.4291221,43.7389623",end,start,,,true
65e05a113cbdad4a58d3,connect,1202747622#1r,1202747623#2f,"7.4183021,43.7272339",end,start,,,true
65f6ed31a691f7a2d16e,connect,176674530#3f,4229537#3f,"7.4242857,43.7383814",start,end,,,true
65f923ac9295cd78fb86,connect,212766110#3f,690914539#1r,"7.4137705,43.7273459",start,end,,,true
65fe9b773c52227644ba,connect,835382435#1f,835382435#1r,"7.4212966,43.7324164",end,start,,,true
66039370e402e5d84efc,connect,1342546064#2f,1342546064#3f,"7.4326371,43.7470140",end,start,,,true
660a6af2cd2546b1436c,connect,448186716#1r,448186716#2r,"7.4166871,43.7263616",start,end,,,true
660b85fac4be1c559fd2,connect,24668173#1f,24668173#2f,"7.4267118,43.7427869",end,start,,,true
660e7a4fa0b0e85adcad,connect,177045626#1f,67923338#1f,"7.4178699,43.7372793",end,start,,,true
6619c352045127b7ce2d,connect,693487406#1f,693487406#2r,"7.4330493,43.7466827",end,end,,,true
66274e68d3e153a3989a,connect,503813542#1f,503813546#1f,"7.4178089,43.7318525",start,start,,,true
66281b00ee62b8257bf3,connect,155085121#2f,155085121#3f,"7.4147251,43.7327364",end,start,,,true
66534b1205983219dc13,connect,1365209993#1f,1365209993#1r,"7.4224687,43.7274114",end,start,,,true
6661c6a0547c526fa98f,connect,503559464#4r,503559464#5f,"7.4286575,43.7340395",start,start,,,true
66683d2a625498f5f16e,connect,167625727#14f,833633729#2r,"7.4194061,43.7285766",end,start,,,true
6669f0f40087d9a32d4d,connect,1174006400#1f,93137560#2f,"7.4307503,43.7455581",end,end,,,true
668da4d788f5cd57ed95,connect,690914541#1r,690914542#2f,"7.4140299,43.7275634",end,end,,,true
669821b46f9345dc0146,connect,158189831#1f,158189831#2f,"7.4105432,43.7291125",end,start,,,true
669a830b2340cf048fbe,connect,4227214#2f,4227214#3f,"7.4218743,43.7303857",end,start,,,true
669e580ffcb4ac1e3162,connect,1365041523#1r,176577460#4f,"7.4139233,43.7293508",end,start,,,true
66a2b2d628719f6bf935,connect,165636031#4f,165636031#5f,"7.4272752,43.7324382",end,start,,,true
66b2b17ecfaba2f42bf3,connect,159170522#3f,164338230#5f,"7.4196441,43.7342962",end,end,,,true
66b894e5777feacc456f,connect,158189826#2f,220547252#1r,"7.4132997,43.7274216",end,end,,,true
66c34c0d1b33114f4b2e,connect,1549110518#1f,1549110518#1r,"7.4125571,43.7303843",start,end,,,true
66d3185616b8315557a7,connect,1019174509#7f,1019174509#8f,"7.4188947,43.7327273",end,start,,,true
66e6fe9cd6b3507269dc,connect,166399501#1r,4230011#7r,"7.4277541,43.7401666",end,start,,,true
66febb1578bc8d530ab7,connect,8352246#2f,8352246#3f,"7.4209318,43.7365850",end,start,,,true
670ab31313da6c414df2,connect,1233828725#2f,165636047#1f,"7.4292417,43.7449588",end,start,,,true
670f0944c810ef6576c2,connect,176577460#6f,176577460#7f,"7.4150820,43.7303520",end,start,,,true
6723dda16fec42996125,connect,1388331350#2f,166399484#1f,"7.4217683,43.7369071",start,end,,,true
672dff71a0075577d265,connect,176334442#1f,176334442#1r,"7.4338201,43.7486357",end,start,,,true
673429b6e9b3fb2598f9,connect,157719653#1r,254596487#1f,"7.4298880,43.7402056",end,end,,,true
673ce80feb90a4defb15,connect,176321050#2f,176321050#2r,"7.4236422,43.7386370",end,start,,,true
6740e5d30168714fb52b,connect,203711531#1f,226201294#1f,"7.4268130,43.7371633",end,start,,,true
675f3781de5066948057,connect,25082741#2f,25082741#2r,"7.4233732,43.7370100",start,end,,,true
67605b366fcbd92b1bec,connect,157719652#2f,157719652#3r,"7.4255076,43.7403015",end,end,,,true
676ba8890d9ed45add87,connect,503550472#1f,503550472#1r,"7.4181048,43.7375494",start,end,,,true
67739e76fa5bc6eca034,connect,4227216#1r,4227216#2f,"7.4235413,43.7326981",start,start,,,true
678d203f771110dfd2d3,connect,157719645#11f,157719645#12f,"7.4305027,43.7453643",end,start,,,true
6794604efac84e64d679,connect,766768153#4f,766768153#5f,"7.4227984,43.7331475",end,start,,,true
679a6669ecccae83d102,connect,863835496#1r,863835496#2f,"7.4179059,43.7326892",start,start,,,true
679f7251e7d45228d788,connect,92627426#1f,92627426#2r,"7.4225745,43.7274186",end,end,,,true
67a134b2df015c9dfd01,connect,167625739#1f,167625739#1r,"7.4160245,43.7301706",end,start,,,true
67b27897bdc0ece5806d,connect,4230113#1f,981971425#2r,"7.4310609,43.7481020",start,start,,,true
67b91b80f97c8bc282ad,connect,158215184#5f,158215184#5r,"7.4182340,43.7282731",end,start,,,true
67b9617fc960a12179fc,connect,1549110516#3f,1549110516#4f,"7.4127305,43.7303411",end,start,,,true
67b99b32c243eab7e977,connect,166399487#3r,166399487#4r,"7.4160425,43.7339478",start,end,,,true
67bd5d9a580791ff2f2f,connect,1086377399#3r,503633032#6f,"7.4362390,43.7486766",end,start,,,true
67c3452eee6808b574c6,connect,1081601380#1r,176776353#1r,"7.4217052,43.7333985",start,start,,,true
67c74f6768f360e88b84,connect,226201294#1f,446542427#3f,"7.4268130,43.7371633",start,end,,,true
67e11a9e6020635a94ca,connect,1551240829#1f,35092475#3f,"7.4267039,43.7379518",start,end,,,true
67e1d3b98bab1c6dea52,connect,503559464#3f,503559464#3r,"7.4277815,43.7335806",start,end,,,true
67f778523c185008055b,connect,94399600#1f,94400151#1f,"7.4167605,43.7358560",end,start,,,true
67f7c2f1a12360bbf62a,connect,159175448#2r,664388472#1f,"7.4383730,43.7492178",start,end,,,true
6806875fe5c69701e3fd,connect,1238339145#3f,93137564#1f,"7.4318453,43.7451179",end,start,,,true
6807c774ad8368e2e63c,connect,92627406#3f,92627406#3r,"7.4197143,43.7276077",end,start,,,true
680c7768e4d6a5b79a46,connect,690914551#1r,804900034#1f,"7.4163655,43.7295806",end,end,,,true
681223ee0d63719af32d,connect,157719652#2f,157719652#3f,"7.4255076,43.7403015",end,start,,,true
6816d85a392c50a5a3ad,connect,164338242#1f,164338242#2f,"7.4252215,43.7412760",end,start,,,true
681e0fc6817cb4c2da15,connect,166399491#1f,261740027#1f,"7.4155620,43.7285809",start,end,,,true
6821a92596a70c69c180,connect,35092475#4f,35092475#5f,"7.4266414,43.7379299",end,start,,,true
68267216bdfeb311aca0,connect,156242241#1f,503783368#1f,"7.4297948,43.7435479",end,start,,,true
682955804be8ade8de63,connect,200998962#1f,423632264#1r,"7.4175483,43.7317451",end,end,,,true
6830d938f82fbfa01f8e,connect,166399488#2f,166399488#3r,"7.4189151,43.7370478",end,end,,,true
6839ba50acbf46272099,connect,448186736#2f,448186736#2r,"7.4178687,43.7258772",start,end,,,true
683e22c1991a45b4bb61,connect,159170517#2f,159170517#3f,"7.4195047,43.7350402",end,start,,,true
68439eb34885e09bbff4,connect,176333307#2f,176333307#2r,"7.4289397,43.7443005",end,start,,,true
6849009f467eed124e4e,connect,1230398878#1f,503783378#1r,"7.4386022,43.7499111",end,end,,,true
685b9444aee014f6694a,connect,176577460#7f,176577460#7r,"7.4150820,43.7303520",start,end,,,true
686903fb28ce8a50aaac,connect,423632269#1f,503462470#1r,"7.4173897,43.7316435",end,end,,,true
687668c9bed08c8d43e6,connect,308214646#1r,778494662#1f,"7.4269356,43.7394178",start,end,,,true
68772b929d93668e1ce1,connect,158215191#2f,158215191#3r,"7.4175433,43.7282122",end,end,,,true
687dbca7eb078a46797c,connect,834313093#3f,834313093#4f,"7.4275855,43.7325839",end,start,,,true
688259d70c2e3d6c13db,connect,4227277#1f,93091319#1f,"7.4178064,43.7323416",end,start,,,true
6888558961d722312a68,connect,1034851195#2r,161752641#1r,"7.4290896,43.7424355",start,end,,,true
6894ffed239b66681ceb,connect,177425460#1f,177429338#1f,"7.4186520,43.7354395",end,end,,,true
6898242ee38652744be1,connect,503462466#5f,693487406#1r,"7.4331276,43.7466684",end,end,,,true
68a4588ea637ec79bafc,connect,176577460#7f,80377817#2f,"7.4158156,43.7307906",end,end,,,true
68b844f165570b7d92e7,connect,166009795#1f,943188283#1r,"7.4193334,43.7381654",start,start,,,true
68ba79186b530af4e675,connect,177396440#1r,4229298#1f,"7.4294380,43.7456071",end,end,,,true
68c53e798b88fad6110d,connect,261740025#1f,446530365#4f,"7.4141701,43.7280669",end,end,,,true
68c91451a42ad95940ef,connect,168890950#1r,687577826#1f,"7.4224586,43.7298939",start,start,,,true
68c9dade27f97fa2cfd3,connect,851991828#2f,851991828#2r,"7.4381839,43.7492902",start,end,,,true
68cb9277cd91c68e84d1,connect,4230099#2f,4230099#3r,"7.4366445,43.7504507",end,end,,,true
68e076096ed70fca9dd5,connect,166399478#4f,849737746#2r,"7.4178449,43.7290513",start,start,,,true
68e7b1ea827f6c9b6740,connect,158215191#1f,158215191#2r,"7.4177413,43.7282457",end,end,,,true
68f5b51f0b6ef508af69,connect,166399478#5f,166399478#5r,"7.4178639,43.7289802",start,end,,,true
68fe2b908a5bbcb5ee03,connect,176333306#1f,503434396#1f,"7.4267444,43.7415707",start,end,,,true
690ecba78a2e2be61fa7,connect,177396440#1f,4229298#1f,"7.4294380,43.7456071",start,end,,,true
690f11bda5b3777fa7c4,connect,1342546088#1r,4230099#8r,"7.4362389,43.7497178",start,start,,,true
6912cb6fae7934024f0e,connect,850261602#6f,850261602#7r,"7.4282679,43.7403863",end,end,,,true
69198bc3da628d251ebc,connect,176760116#1f,176760116#2f,"7.4352112,43.7484063",end,start,,,true
692afa56eed90826f2fb,connect,176477342#4f,4097656#1f,"7.4259881,43.7389156",end,start,,,true
694d25d488ecb47765a2,connect,166399501#1f,166399501#1r,"7.4278912,43.7403036",end,start,,,true
6953a78aed6f59753039,connect,1549110517#2f,1549110517#3f,"7.4128290,43.7307614",end,start,,,true
6957c0313a99998e7d97,connect,201009264#1f,201009264#1r,"7.4131231,43.7301135",end,start,,,true
6960547954943a7c9c8a,connect,1019174508#1f,1081601380#3f,"7.4217098,43.7335584",end,end,,,true
696a9ee0a27a15d0473e,connect,4227158#1f,4227209#2r,"7.4241358,43.7312799",start,start,,,true
6971be3a700190716f25,connect,150050283#1f,167625727#3f,"7.4173816,43.7298765",start,start,,,true
6979364e5fe0a33c8a3f,connect,4229539#2r,4229539#3f,"7.4255911,43.7386159",start,start,,,true
6980f8e3691c5536f7c3,connect,1449972072#1f,503559460#1f,"7.4372440,43.7491569",start,start,,,true
6981b17dbc61f9e11bd7,connect,177396034#1f,177396049#2f,"7.4295550,43.7344862",start,end,,,true
698708ce3fdd31a83bd7,connect,766768153#3f,766768153#3r,"7.4224070,43.7337299",end,start,,,true
698af2a62e27261fb52a,connect,200507331#2r,690914542#1r,"7.4143084,43.7277512",start,end,,,true
698cc11d06bc7b049241,connect,164338241#1f,176576014#1f,"7.4218357,43.7398553",start,end,,,true
69970e048d7ea5d9a2fa,connect,212764303#2f,423652238#1f,"7.4120155,43.7281181",end,end,,,true
699726b550eef382717a,connect,809470170#1r,809470170#2f,"7.4277379,43.7391243",start,start,,,true
699afdb6e60147f0c7ff,connect,182700002#1f,182700002#2f,"7.4327882,43.7464088",end,start,,,true
69a0bf29b9d757ecf1c5,connect,317925725#1f,990669429#1f,"7.4137621,43.7334251",start,start,,,true
69a60a36e884f20f6eda,connect,177396440#1f,177396440#1r,"7.4293189,43.7453936",end,start,,,true
69c2a02e0c57a67f17fe,connect,157719668#2f,164338243#1r,"7.4236490,43.7403378",end,end,,,true
69ce433166bc34926d84,connect,164338236#2f,164338236#3f,"7.4210872,43.7383242",end,start,,,true
69cf7a090c066c9da532,connect,849737746#1f,849737746#1r,"7.4179321,43.7290643",start,end,,,true
69d505c57d1c88a428ad,connect,448186730#1f,448186730#2f,"7.4181283,43.7282407",end,start,,,true
69deff0315f814dd9a70,connect,157719652#1f,157719652#1r,"7.4251499,43.7397216",start,end,,,true
69e29f028ec57abbd720,connect,1019174509#6f,1019174509#7f,"7.4187615,43.7330610",end,start,,,true
69f05bc0975d93e04119,connect,157719669#2f,176336377#1r,"7.4233784,43.7414254",start,end,,,true
6a058aeecb51d3d6785c,connect,1342546064#2f,1342546065#1r,"7.4326371,43.7470140",end,end,,,true
6a088fd248b444bbde50,connect,159170509#3f,176776331#7f,"7.4211295,43.7354300",start,start,,,true
6a0e6b4e6687d831c638,connect,31900611#3r,31900625#1r,"7.4225136,43.7346600",end,end,,,true
6a11b9bccb88c50c3cf8,connect,501241476#2f,503462472#4f,"7.4139956,43.7272676",end,end,,,true
6a1a219a5d7a9ca5f0b2,connect,196538402#1f,4230118#2r,"7.4305927,43.7474010",end,start,,,true
6a1e6cbc08f0b4e435d4,connect,160004399#1r,4229536#1r,"7.4261726,43.7373162",end,start,,,true
6a1f033ef245ad995929,connect,158215180#5f,177049248#1f,"7.4188291,43.7253728",end,start,,,true
6a433e0f0094338926d0,connect,92627405#1f,92627405#1r,"7.4297212,43.7427919",start,end,,,true
6a594fe6f9f680ecb641,connect,353889383#2f,93207288#1f,"7.4378163,43.7514811",start,end,,,true
6a6105ef5fe3c2f9c8fd,connect,1388331349#1f,1388331350#1f,"7.4220043,43.7368716",end,start,,,true
6a741bd0ba17dd7cd271,connect,1443764722#1r,423873046#1f,"7.4301052,43.7459324",end,end,,,true
6a757882c5e3cdd92ab7,connect,1024523796#1f,78141881#1r,"7.4285870,43.7333887",start,start,,,true
6a7d1d77a42fba57a444,connect,158007921#1f,78147639#2f,"7.4274432,43.7317538",start,end,,,true
6a7e1e4016662e92aeb2,connect,1365041523#1r,176577460#3f,"7.4139233,43.7293508",end,end,,,true
6a7ff4a5c3c6688459d7,connect,4230006#1r,809470168#3f,"7.4272971,43.7397122",end,end,,,true
6a9ab3f9a9531a02e86d,connect,214635117#4f,448186736#1r,"7.4179149,43.7259119",start,end,,,true
6aa4a23c41535d491b97,connect,158189830#2f,257071645#1r,"7.4101838,43.7290311",end,end,,,true
6ad36ae4f72f75328ff5,connect,158007923#1r,78147639#2r,"7.4274432,43.7317538",end,start,,,true
6af41dbd9fc1f598c5cc,connect,1212029943#1f,176974531#1f,"7.4157070,43.7312415",end,start,,,true
6af65c44c4b3770e05c5,connect,157719669#2f,334364604#1f,"7.4226229,43.7409189",end,start,,,true
6b00d42c1e36e586f75d,connect,166399478#7r,166399478#8r,"7.4179191,43.7284751",start,end,,,true
6b0f1e42d5ececcee0a9,connect,1034851195#1r,1034851195#2r,"7.4289583,43.7421789",start,end,,,true
6b172256b2b41d64190b,connect,176760116#3f,503783377#1r,"7.4355176,43.7485686",end,end,,,true
6b2773a5ad430b0338ef,connect,699218006#1r,699218006#2f,"7.4229954,43.7369734",start,start,,,true
6b3d1071a5ea113cc305,connect,120113155#3f,120113155#4f,"7.4180884,43.7344498",end,start,,,true
6b4736d280e1f829346e,connect,503447059#1f,503447059#2f,"7.4193306,43.7323746",end,start,,,true
6b514bf738cac7fc88ff,connect,1019646822#2f,503434396#1f,"7.4267444,43.7415707",end,end,,,true
6b556dde27d480888c6a,connect,1034851195#1f,161752639#1f,"7.4289072,43.7416370",start,start,,,true
6b6500ce04fe7ac1a495,connect,503434403#1f,503559459#1f,"7.4254766,43.7315852",end,start,,,true
6b6536ed65061e85f5a1,connect,177590093#2f,177590093#2r,"7.4347011,43.7481900",end,start,,,true
6b76aefd3829d6c98456,connect,463430038#1f,503090216#1f,"7.4106015,43.7310737",start,start,,,true
6b95cb23b9f2ae4b66f6,connect,568187257#4r,568187257#5r,"7.4289249,43.7410938",start,end,,,true
6ba5336c3ea8be0ac936,connect,166149556#1f,4229327#1f,"7.4193491,43.7378381",end,start,,,true
6bbbd5af87bc2a21c43a,connect,503783369#1f,503783369#1r,"7.4299866,43.7440127",end,start,,,true
6bbd3a4ea7a82fae5ccb,connect,1449972072#1f,93137562#1f,"7.4372440,43.7491569",start,end,,,true
6bc20a07c3d8c454bac8,connect,201009264#2f,201009264#2r,"7.4131231,43.7301135",start,end,,,true
6bc5f9272b1de60a3fad,connect,1000930351#1f,24655134#6f,"7.4296808,43.7416412",end,start,,,true
6bc9f7cc286d5eb60c6e,connect,158215184#4f,158215184#4r,"7.4187182,43.7279531",start,end,,,true
6bcac72d3c72ee6d2564,connect,1365209993#1f,1365209993#1r,"7.4222370,43.7274310",start,end,,,true
6bcdb4501028a0befa3c,connect,1238339144#1f,1238339144#2f,"7.4316697,43.7450773",end,start,,,true
6bd325bf3e26caa8a46f,connect,168681959#1f,60767229#1f,"7.4222840,43.7327621",end,start,,,true
6bd57d9e5957b3b1d494,connect,1148675745#2f,25103769#1f,"7.4297697,43.7410018",end,start,,,true
6bd6881f9aadc22c6fa1,connect,158189827#3f,446530366#1r,"7.4139742,43.7286918",start,start,,,true
6bdbbb7058f9154299b1,connect,157719652#3f,166009791#1r,"7.4256003,43.7404449",end,end,,,true
6bdfc00c00126cd2f03e,connect,1082312613#1f,1082312613#1r,"7.4198425,43.7275973",end,start,,,true
6be94ba14b4666db6356,connect,50501897#2f,50501897#3f,"7.4346960,43.7476853",end,start,,,true
6bfcbf05e4e6af38b964,connect,155085119#1f,990669429#1f,"7.4136598,43.7334433",start,end,,,true
6c0026f88c99c17185d7,connect,879995943#1f,879995943#1r,"7.4261576,43.7376141",end,start,,,true
6c009849eb54921f9634,connect,4230099#1r,4230100#1r,"7.4359741,43.7503615",end,start,,,true
6c07814e9e130268d9e1,connect,158007891#2f,158007891#2r,"7.4091260,43.7300896",start,end,,,true
6c1051130294ae00c540,connect,166558488#1f,166558488#1r,"7.4279580,43.7328122",end,start,,,true
6c113d7fd562c7fe913c,connect,1238339144#1f,93137575#1f,"7.4316697,43.7450773",end,start,,,true
6c1424f0f4bdfabf38d8,connect,1203849334#1f,1203849334#2r,"7.4201329,43.7348777",end,end,,,true
6c1c2986b80c22ca25f7,connect,176974531#1f,176974531#2f,"7.4159213,43.7313575",end,start,,,true
6c2fc5987c54999c9242,connect,1058067232#1f,158189831#1r,"7.4105756,43.7292018",start,end,,,true
6c346865d02c738a8ded,connect,1451501763#1f,25082741#6f,"7.4254806,43.7372286",start,end,,,true
6c39bb2bf4dc75cd858f,connect,164338218#1f,850261577#1r,"7.4236192,43.7303334",start,end,,,true
6c3d2cca39c2f8a98c81,connect,690653921#1f,690653921#2f,"7.4175115,43.7319332",end,start,,,true
6c3f748df678ee71d340,connect,156772047#6r,156772047#7f,"7.4289548,43.7388035",start,start,,,true
6c4fe955a50550c6b7c9,connect,1197885780#1r,1197885781#1f,"7.4261980,43.7316703",start,start,,,true
6c520e5c07ae10bf472f,connect,503434354#1f,503434355#1f,"7.4150762,43.7330950",end,start,,,true
6c5394f5354dc46b46a2,connect,176337648#1f,176337650#1f,"7.4158802,43.7368238",start,start,,,true
6c549e03642e25181c20,connect,1361685182#1f,1361685182#1r,"7.4189559,43.7357897",end,start,,,true
6c5bd56dbb1107f5c033,connect,766768153#3r,766768153#4r,"7.4224070,43.7337299",start,end,,,true
6c60205eaa2f89bd770f,connect,177396046#1f,177396049#1f,"7.4295985,43.7344607",start,end,,,true
6c6869338af98a13d88e,connect,503475643#3f,503475643#3r,"7.4221934,43.7350629",start,end,,,true
6c821eb8962b1f015a8b,connect,1388331345#2f,78141882#2f,"7.4215509,43.7369680",start,end,,,true
6c85da22475a03a5b797,connect,164338247#4r,164338247#5r,"7.4286447,43.7430751",start,end,,,true
6c880fb7e03cf4f28733,connect,158215184#7f,158215184#7r,"7.4180060,43.7283180",end,start,,,true
6ca26cbed6eb2c2c17d1,connect,182692350#1r,503462461#2f,"7.4151640,43.7286126",end,end,,,true
6cb1e840b13390133e67,connect,25179329#1f,25179329#1r,"7.4288786,43.7413316",start,end,,,true
6cb24e7a0eaaca9bce98,connect,157719661#3f,294081875#1f,"7.4219622,43.7404924",end,start,,,true
6cb564eed37b51faffb4,connect,1549110516#4f,1549110516#5r,"7.4125938,43.7302884",end,end,,,true
6cb6340011544430b17b,connect,503702169#1f,804900034#2f,"7.4164568,43.7296438",end,end,,,true
6cbf56c4c58b4bc28d14,connect,165636047#4r,423873046#1r,"7.4295803,43.7455897",start,end,,,true
6cd94f589e7356f32546,connect,1203522177#1f,4230099#7f,"7.4365835,43.7500356",start,end,,,true
6cee5a366d330fd196d1,connect,161752639#1r,161752639#2r,"7.4288570,43.7416412",start,end,,,true
6cee953c6fbd5062076f,connect,93137591#1f,93137591#2f,"7.4306594,43.7454678",end,start,,,true
6cef965e453f5cb5c4ce,connect,161752641#1f,161752641#1r,"7.4290896,43.7424355",start,end,,,true
6cf13b3313c91ee7d202,connect,176674530#1f,176674530#2f,"7.4245768,43.7387969",end,start,,,true
6cf80949069cb6edafab,connect,159170458#3f,166149542#1r,"7.4172340,43.7342644",end,end,,,true
6cfb1e091db61bfdd57e,connect,176336377#1f,176336377#2f,"7.4222326,43.7411456",end,start,,,true
6cfd5c332e20e787763d,connect,93137573#1f,93137614#1f,"7.4343823,43.7473934",start,start,,,true
6d0b60bce7b73b3a8330,connect,165636047#2r,165636047#3r,"7.4292849,43.7450455",start,end,,,true
6d106d905bfda1797f8d,connect,164338247#5f,164338247#5r,"7.4286447,43.7430751",start,end,,,true
6d15f539927f7c4e2123,connect,448186736#1f,448186736#2r,"7.4178687,43.7258772",end,end,,,true
6d249b6e83b0fdbce20e,connect,1131276186#1f,1327492346#1f,"7.4167329,43.7320466",start,end,,,true
6d24eaedc5cdba3ff143,connect,690914542#2r,690914542#3r,"7.4140299,43.7275634",start,end,,,true
6d320c981b1a691bc037,connect,181479771#7f,686878369#1r,"7.4168696,43.7371118",end,start,,,true
6d34b2b41fc08b418c6e,connect,1099877048#1f,1099877048#2f,"7.4371163,43.7499913",end,start,,,true
6d3ef115be7cc051358f,connect,4227208#1f,834185366#2f,"7.4262064,43.7317676",end,end,,,true
6d47438b367f43b2d622,connect,158215196#2r,833633729#1f,"7.4194137,43.7284996",start,start,,,true
6d56d56b459adc1b85b4,connect,835609340#1r,835609340#2r,"7.4155989,43.7291637",start,end,,,true
6d62f26ee39de74f73a7,connect,503559464#4f,503559464#5r,"7.4286575,43.7340395",end,end,,,true
6d744635c7af23ad5d64,connect,164338247#2f,164338247#2r,"7.4282753,43.7422914",end,start,,,true
6d7604b591615fe0cb07,connect,1551240830#1f,35092475#5r,"7.4266414,43.7379299",start,end,,,true
6d77395f3a84c3975f62,connect,4230117#1f,4230117#1r,"7.4305927,43.7474010",start,end,,,true
6d814ad1bf0fd3cf57cb,connect,1365041529#1r,1365041529#2f,"7.4155500,43.7291265",start,start,,,true
6d81aa5c63a23da354ad,connect,94399455#1r,94399600#1f,"7.4168678,43.7359375",end,start,,,true
6d94bd7b4ee1a3b32b12,connect,168959165#2f,33749607#1r,"7.4175017,43.7349718",end,end,,,true
6d9b24936dd31161de46,connect,167625727#3f,167625727#4f,"7.4177365,43.7299155",end,start,,,true
6d9deba64bd7db2c24c5,connect,35092475#2f,35092475#3f,"7.4265116,43.7386376",end,start,,,true
6dad0eb5963e7c62e120,connect,157719644#1f,157719644#2r,"7.4234970,43.7372395",end,end,,,true
6db428b61beebbc5d129,connect,176477342#2r,95825511#1f,"7.4256981,43.7386253",end,start,,,true
6dbee7fc784d276c603c,connect,157719649#2f,334367775#1r,"7.4227856,43.7399258",end,end,,,true
6dc97a5e502f213eccd7,connect,166149571#3f,182692350#1r,"7.4148737,43.7284100",end,start,,,true
6dccdf858ac5bb351d8c,connect,93137575#1r,93137575#2f,"7.4316271,43.7450912",start,start,,,true
6e0e78eb84f54b0bd877,connect,157719647#1f,157719647#2f,"7.4251233,43.7396877",end,start,,,true
6e1325f45e79f2f6d518,connect,687577826#2f,687577826#2r,"7.4226229,43.7299232",start,end,,,true
6e2b423ead55a5993747,connect,157719669#1f,176336377#1r,"7.4233784,43.7414254",end,end,,,true
6e2e2e37f60d25b34c66,connect,24668173#1f,840345537#1f,"7.4267118,43.7427869",end,end,,,true
6e361f3b5efc1d01c344,connect,4229326#1r,95449780#1f,"7.4194711,43.7377612",start,start,,,true
6e3709543d02cd216955,connect,166399487#2f,166399487#3r,"7.4157229,43.7336596",end,end,,,true
6e385c26fb3c58f92f50,connect,155085108#1r,688731299#1r,"7.4145706,43.7317902",start,end,,,true
6e3e127a58b18bbdf226,connect,176577460#7r,4229292#1f,"7.4158156,43.7307906",start,start,,,true
6e401986c8eea7763675,connect,4230099#3f,4230099#4r,"7.4367151,43.7504595",end,end,,,true
6e42cb6c6bb8a3ab0896,connect,850261602#4f,850261602#5r,"7.4291001,43.7402906",end,end,,,true
6e44286c1490dd2653bc,connect,1099877048#1r,503638814#3f,"7.4370757,43.7499485",end,end,,,true
6e471352abba0bb99150,connect,176510135#1f,335740509#1f,"7.4178730,43.7342604",end,start,,,true
6e49d9dd093b32494824,connect,1086377399#2f,1086377399#3r,"7.4362390,43.7486766",end,end,,,true
6e5b9e2911ef3c5ff2a0,connect,1174006400#1f,93137578#1f,"7.4308480,43.7454979",start,start,,,true
6e65a0472568db5933e0,connect,176337641#1f,176337641#2r,"7.4158534,43.7365344",end,end,,,true
6e771ddf28b122df674a,connect,164338241#4f,166009792#5r,"7.4224194,43.7394287",end,end,,,true
6e848c209d6270b46eb0,connect,181479771#2f,181479771#2r,"7.4154628,43.7349466",start,end,,,true
6e866618771952570b0d,connect,176337650#1f,176337650#1r,"7.4156760,43.7367069",end,start,,,true
6e88a55ee9527282aead,connect,1082281160#2r,214635117#4r,"7.4179643,43.7258768",start,start,,,true
6e958ebe4f8ed7bb202a,connect,1342556413#2r,93137558#4r,"7.4344177,43.7479471",start,start,,,true
6ea8aaa2db2a535057bf,connect,731585432#1f,774751108#1f,"7.4147839,43.7306609",start,end,,,true
6eaac52ade8ab7a6297d,connect,166856356#1f,166856356#1r,"7.4296109,43.7466980",end,start,,,true
6eacfc5733382fad92a2,connect,4229329#1f,4229329#2f,"7.4192151,43.7383443",end,start,,,true
6eb17de5ba8cf17970b8,connect,93091320#1f,93091320#2f,"7.4235688,43.7326347",end,start,,,true
6ebbbfc6097490a98b2d,connect,164338241#1f,176576014#1r,"7.4218357,43.7398553",start,start,,,true
6ec45025d1a8a4c46c0b,connect,1019174509#2f,1019174509#3f,"7.4184938,43.7341445",end,start,,,true
6ed1c5ccaf2ad8d8e623,connect,212766110#3f,503462472#1f,"7.4137537,43.7273121",end,start,,,true
6ed2bfe95689b24f8eea,connect,850261577#2f,850261577#2r,"7.4228675,43.7300967",end,start,,,true
6ed84c16b13aab7b6e8f,connect,161887494#2f,4227216#4f,"7.4251814,43.7330313",end,end,,,true
6ee3466d96e08f63f554,connect,1453165195#1f,239592573#1f,"7.4113743,43.7312682",start,end,,,true
6ee5816452c2f718e3ad,connect,693487406#4f,693487406#4r,"7.4327848,43.7468236",end,start,,,true
6ee6b32eee3dab716b8b,connect,159170509#1f,262902069#2f,"7.4204025,43.7353708",start,end,,,true
6ee91d05c0f77a053d39,connect,1174009934#1f,176800018#1f,"7.4228185,43.7374352",start,start,,,true
6eebb164c0660c32a7f6,connect,166399478#5f,166399478#5r,"7.4179020,43.7288018",end,start,,,true
6eee321e265b6a251e88,connect,448186736#2f,448186736#3f,"7.4177116,43.7257629",end,start,,,true
6ef3c90936354817e222,connect,161882805#1f,168890943#1f,"7.4250635,43.7307735",start,end,,,true
6efcb871d44264c29454,connect,1019646823#1f,158007891#2r,"7.4104982,43.7310528",start,start,,,true
6f19c144e0113f8c4800,connect,166399487#3r,177231047#1f,"7.4157229,43.7336596",end,start,,,true
6f35ae96270fbb092cdd,connect,176337641#2r,176337641#3r,"7.4158380,43.7358009",start,end,,,true
6f36bd066e37f791ac07,connect,182694289#1r,4227233#1r,"7.4275506,43.7329977",end,start,,,true
6f52d3117b306282e61b,connect,4229325#1f,4229325#1r,"7.4201113,43.7373194",start,end,,,true
6f5b54bc9b29bb5449e2,connect,164338240#3f,164338240#4f,"7.4220982,43.7396064",end,start,,,true
6f5f4b9a06e844fef1ba,connect,165636064#1f,165636064#2f,"7.4216425,43.7369767",end,start,,,true
6f6abcfb8430c1ee7f22,connect,166149542#5r,166149542#6r,"7.4197104,43.7369463",start,end,,,true
6f994964b28bb64aaad5,connect,166399479#1f,166399479#2f,"7.4213722,43.7344802",end,start,,,true
6f9ba4181fad2536d883,connect,166399500#3f,166399500#4f,"7.4156689,43.7291127",end,start,,,true
6f9e9542ea0166fd9206,connect,226201294#1r,446542427#3f,"7.4268130,43.7371633",end,end,,,true
6fa306be02d52a369ecb,connect,4229274#1f,503462476#1f,"7.4169050,43.7298255",start,start,,,true
6faf6baa7f200a4b383b,connect,39839529#3r,93091320#1f,"7.4234851,43.7326198",end,start,,,true
6fb4d0d7e58ec319798e,connect,278143571#1f,297420990#1f,"7.4165986,43.7296054",end,start,,,true
6fb5ca91d8550224c9e6,connect,1086377399#3f,503633032#5f,"7.4362390,43.7486766",start,end,,,true
6fba3c33d3c189b9d6da,connect,851792658#1r,851792658#2f,"7.4123300,43.7311960",start,start,,,true
6fc985235351a32a0d18,connect,166399487#3r,177231047#1r,"7.4157229,43.7336596",end,end,,,true
6fca78e0a59e9d200f7f,connect,1283578082#1f,166149542#3r,"7.4195128,43.7367973",start,start,,,true
6fcc32a854b8c333c3cc,connect,176774211#2r,176774263#3f,"7.4220781,43.7322379",end,start,,,true
6fd85832e6caba72689c,connect,503633032#7f,503633032#8f,"7.4370746,43.7490405",end,start,,,true
6fd8e40f3680ad354a85,connect,159170498#1f,176337648#1f,"7.4158802,43.7368238",end,start,,,true
6fda198972b0de23f396,connect,503434369#2f,990669429#1f,"7.4137621,43.7334251",end,start,,,true
6fe45958dde6fc09e8ec,connect,353889165#1f,93207286#1f,"7.4382463,43.7513515",start,end,,,true
6fef8d32212e0db8528a,connect,1079489489#1f,121378297#3f,"7.4181253,43.7351240",start,end,,,true
6ff2ee4fe17f461307dc,connect,688731299#3r,688731299#4r,"7.4146411,43.7327438",start,end,,,true
6ff4ccbf305788bf8b6c,connect,1549110516#3r,1549110516#4f,"7.4127305,43.7303411",start,start,,,true
6ffdc45a00e4b3ae85d8,connect,166399496#1r,4229326#1r,"7.4196126,43.7376408",start,end,,,true
7006345f1907bdecf4f2,connect,165636046#1r,166009791#1r,"7.4256731,43.7405657",end,start,,,true
700911faaa3f734e211e,connect,166149542#1f,166149542#2r,"7.4170825,43.7348242",end,end,,,true
700b3f4890ffb319063c,connect,214636589#2f,214636589#3r,"7.4223501,43.7345465",end,end,,,true
701291f965f032fff65b,connect,157719664#1f,157719664#2f,"7.4249329,43.7406688",end,start,,,true
702410ca102d25f9020d,connect,850230914#1f,850230914#2f,"7.4214009,43.7309652",end,start,,,true
7024b37f2bda60c8f597,connect,1000930351#1f,24655134#5f,"7.4296808,43.7416412",end,end,,,true
7025741fb373460b1d47,connect,1443764724#1r,1443764724#2r,"7.4351531,43.7490673",start,end,,,true
7029777c9351e498c43d,connect,166399489#1f,686878366#1f,"7.4173296,43.7371626",start,end,,,true
702af05065e369f3f4c6,connect,686878366#1f,686878369#1f,"7.4171314,43.7372002",start,start,,,true
702e64b761523d2a3646,connect,155085120#1f,854880221#2f,"7.4155251,43.7319401",start,start,,,true
7037bfcc96d687935b5e,connect,167625743#1f,4229273#1f,"7.4172044,43.7298528",end,start,,,true
705595bd48ffe2c2c793,connect,1202747622#1f,1202747623#2r,"7.4183021,43.7272339",start,end,,,true
706b59c4e685d38f6450,connect,164338222#2r,4227233#1f,"7.4275506,43.7329977",start,end,,,true
706c3367bafd9099b42b,connect,164338222#2r,182694289#1r,"7.4275506,43.7329977",start,end,,,true
70887bed49f9b5d447f7,connect,176321050#1r,176510133#1f,"7.4236117,43.7386150",start,start,,,true
70926b513496c71af795,connect,214635117#3r,214635117#4r,"7.4179149,43.7259119",start,end,,,true
70a2aaae9f1dca66b95b,connect,4097656#2r,4097656#3r,"7.4257668,43.7390784",start,end,,,true
70a7e776c326cc5df62f,connect,1470365904#1f,353889272#1f,"7.4300330,43.7411033",start,end,,,true
70ad114c93be31f96d4b,connect,4230007#2f,568187257#1f,"7.4297349,43.7403489",end,start,,,true
70af9fca9149716811f2,connect,1238339144#1f,93137564#1f,"7.4317125,43.7451533",start,end,,,true
70afb6f300a6f68ee7eb,connect,850261612#1f,850261612#2f,"7.4311699,43.7439165",end,start,,,true
70afc03609e1d0b671ba,connect,167625739#3f,167625739#3r,"7.4157049,43.7299405",end,start,,,true
70b3721c1259b08177ec,connect,8056051#3f,851991828#2f,"7.4381871,43.7493230",start,end,,,true
70b9e635ddccb6659eea,connect,166009792#2f,166009792#3f,"7.4229579,43.7396013",end,start,,,true
70c3664d5a526c596006,connect,158215184#1f,503462474#1f,"7.4188008,43.7277330",start,start,,,true
70ca24bd2165b6447c4d,connect,93137575#1f,93137575#1r,"7.4316271,43.7450912",end,start,,,true
70dea9b8449423073e59,connect,1212029941#1f,176334441#1f,"7.4131027,43.7299349",end,start,,,true
70e739f22d9ef1bc6ccd,connect,4229325#1f,4229325#1r,"7.4197492,43.7376941",end,start,,,true
70f096ea6526f5e8b81a,connect,1099877048#1r,1099877048#2f,"7.4371163,43.7499913",start,start,,,true
70f73230e0b11e68c119,connect,166009792#4r,166009792#5f,"7.4224194,43.7394287",start,start,,,true
70f91e8c06b7b4803972,connect,166009792#4f,168104483#3f,"7.4224194,43.7394287",end,end,,,true
710aed3dd4787c3a93b1,connect,155085108#1f,155085108#1r,"7.4146056,43.7311246",start,end,,,true
7130a0881023ae19012b,connect,177590090#2r,177590092#1r,"7.4284206,43.7424626",start,end,,,true
713a277ce2cdf057d34e,connect,177588308#1r,177588308#2f,"7.4269295,43.7420877",start,start,,,true
71483c45b01b8acc618c,connect,181479774#2f,181479774#3f,"7.4161292,43.7330968",end,start,,,true
71508efe67b32a8a4177,connect,159170535#1f,164338230#3f,"7.4197084,43.7340051",start,end,,,true
7150d41badf59190fe5d,connect,93137615#1f,93137630#1f,"7.4304898,43.7427540",start,start,,,true
715b9b50f6564ab0e644,connect,1451501763#1f,4229536#1f,"7.4258188,43.7372699",end,start,,,true
715c86de17748d39d7de,connect,212764300#2f,212764302#1f,"7.4121538,43.7281567",end,start,,,true
7163729fec9d601c63ac,connect,1549110515#2r,1549110515#3f,"7.4111145,43.7296599",start,start,,,true
716a49aae02bc2a87ac4,connect,1079489483#2f,1079489484#2f,"7.4181033,43.7352952",start,end,,,true
718b3ed075e18b1c22c6,connect,161769679#2f,161769679#3r,"7.4277645,43.7386667",end,end,,,true
718eb32ac7d05185e0b1,connect,155085119#2f,155085119#2r,"7.4150714,43.7350030",end,start,,,true
719082ef81c363f335f2,connect,93137573#1f,93137573#1r,"7.4343823,43.7473934",start,end,,,true
719598b2dca174558e74,connect,158007891#2f,158007891#2r,"7.4104982,43.7310528",end,start,,,true
71a257a3d1425cb4e70b,connect,334367775#1f,334367775#1r,"7.4227856,43.7399258",start,end,,,true
71b89b5f8a33438af74c,connect,503462464#2f,93137630#1f,"7.4304898,43.7427540",start,start,,,true
71c1eeb64efbd0b5118c,connect,155085119#4f,67923339#1r,"7.4150328,43.7351033",start,end,,,true
71c9e0a0c1bf5602a25f,connect,155085109#1f,990669428#1f,"7.4136512,43.7333427",end,end,,,true
71cd0b444ca7291237e7,connect,155085108#1r,92627433#1f,"7.4146056,43.7311246",end,end,,,true
71d2ae05860d3d544da6,connect,176682382#4f,176682382#4r,"7.4132672,43.7294251",start,end,,,true
71d93f95dc4ca3f83055,connect,176477342#4r,35092475#1r,"7.4259881,43.7389156",start,end,,,true
71dcfcd9a5d6c68d1c84,connect,503462464#2f,503633033#1f,"7.4302867,43.7418185",end,start,,,true
71e179c7ebc0da242e43,connect,690653919#1f,690653919#2f,"7.4174501,43.7319461",end,start,,,true
71e4db4d50494f792d67,connect,778744698#2f,778744698#2r,"7.4290554,43.7392537",end,start,,,true
71e7bbc8dcfa8c268b68,connect,93137615#4f,93137615#5r,"7.4300849,43.7439776",end,end,,,true
71eb670a7be0c742464e,connect,166399487#4r,166399487#5r,"7.4162427,43.7343930",start,end,,,true
71f436ae2ec2f79fdd9b,connect,164338230#2f,164338230#3f,"7.4197164,43.7339650",end,start,,,true
72013b088d18c4c95e64,connect,503559464#2r,503559464#3r,"7.4277815,43.7335806",start,end,,,true
72024c5ca133ca5cc018,connect,766768153#3f,766768153#4f,"7.4224070,43.7337299",end,start,,,true
720f35b7e61b87882a7f,connect,157719645#10r,157719645#11f,"7.4297334,43.7447533",start,start,,,true
7210643b97f1bd77101e,connect,503783373#1r,503783375#1r,"7.4316525,43.7463288",end,start,,,true
72264538af37c9ec8350,connect,1342546111#2r,503783369#1f,"7.4301941,43.7443870",start,start,,,true
722b6f2ecf07dd996cb7,connect,166009792#5f,168104483#3f,"7.4224194,43.7394287",start,end,,,true
722cd7950fa703ede730,connect,155085119#4f,67923339#1f,"7.4150328,43.7351033",start,start,,,true
722e9f3cbde8fe965d9b,connect,1452797915#1r,1452797915#2f,"7.4321230,43.7459177",start,start,,,true
7239f75c8075efb80061,connect,164338218#1f,850261577#1f,"7.4236192,43.7303334",start,start,,,true
723ef022938f6088eff2,connect,1443764724#1r,176334442#2f,"7.4346497,43.7490410",end,end,,,true
7244db229827b2e7e7f9,connect,166399477#3f,278143579#1f,"7.4145611,43.7268525",end,start,,,true
724708882ec0f8cd465d,connect,778744698#3f,778744698#3r,"7.4292809,43.7394338",end,start,,,true
72495bb5f363c985a22d,connect,157719653#1f,92627427#1r,"7.4279687,43.7379148",end,end,,,true
72498a40bff219425d32,connect,1233853668#1f,1233853668#2f,"7.4149386,43.7342219",end,start,,,true
725fe5546ca4fa40572f,connect,176674530#2f,176674530#3r,"7.4242857,43.7383814",end,end,,,true
72653c0174a1d9f4c128,connect,1449972054#1f,181479772#2f,"7.4136415,43.7315600",end,end,,,true
726bc3888b620c16c639,connect,182700005#1f,93137635#1f,"7.4335693,43.7469171",end,start,,,true
726f1c1e3420989feb0f,connect,166399478#6f,166399478#6r,"7.4179020,43.7288018",start,end,,,true
7274f66257489d920f50,connect,317925725#2f,688744912#1f,"7.4144363,43.7338298",start,start,,,true
7282afc9c1c1078a8597,connect,161775593#1f,25082741#1r,"7.4231173,43.7369871",start,end,,,true
72844a378e46ec3f9f2a,connect,1549110517#2r,1549110517#3r,"7.4128290,43.7307614",start,end,,,true
728e29c43b4e5293790b,connect,1283578084#3f,1361685182#1f,"7.4188428,43.7358779",end,start,,,true
7292226377a1c08b794e,connect,1365041486#1f,1365041486#2r,"7.4294832,43.7385662",end,end,,,true
72977fff915671933e36,connect,503550460#1f,503550462#1f,"7.4187942,43.7275546",start,end,,,true
729b78379dfb9d206dc0,connect,159175448#1r,159175448#2f,"7.4383615,43.7492826",start,start,,,true
729eacfe9562985eb8db,connect,35092475#3f,35092475#3r,"7.4265116,43.7386376",start,end,,,true
72c1f2fd4780fa02feae,connect,158189819#1f,318654737#1f,"7.4144690,43.7280561",start,end,,,true
72c5310fdb7594bb669c,connect,503434363#1f,503434363#2f,"7.4168138,43.7358114",end,start,,,true
72c8e0be1fbe8fda079e,connect,182694289#1r,78147640#1r,"7.4276947,43.7329804",start,end,,,true
72d6325b0a3f03e7c521,connect,203711531#1f,226201294#1r,"7.4270539,43.7371553",start,start,,,true
72de877d3705c0303d35,connect,688731299#4r,688731299#5f,"7.4150227,43.7330547",start,start,,,true
72ed3980c31fbd71656d,connect,176334445#3f,4098197#4r,"7.4321389,43.7478505",end,start,,,true
72f3eb6834349d863070,connect,166399487#5f,166399487#6f,"7.4163510,43.7350811",end,start,,,true
72f95e7fa6a603259766,connect,155085119#2f,155085119#2r,"7.4144288,43.7343738",start,end,,,true
730a0eababac15fcd71c,connect,177045624#1f,177045624#1r,"7.4228153,43.7321967",end,start,,,true
730f4253f0f408dcabf0,connect,278143571#1r,297420990#1f,"7.4165986,43.7296054",start,start,,,true
7318d15a5fce41d5ef87,connect,177189425#3f,177189425#4f,"7.4170823,43.7263970",end,start,,,true
732b6fae58f09a4d1bc8,connect,1449972040#1f,166399500#1f,"7.4153137,43.7287594",end,start,,,true
732c83e73bd6224f4a6b,connect,165636046#3f,165636046#4r,"7.4259510,43.7409504",end,end,,,true
732eb537f8bba2d6acde,connect,155085120#1f,155085120#2r,"7.4153902,43.7320364",end,end,,,true
734541ee2332c9500551,connect,157719649#3f,334367775#1f,"7.4227856,43.7399258",start,start,,,true
73586f9909e6725a734d,connect,150050283#2r,450454878#1r,"7.4175592,43.7300775",start,end,,,true
7359fb158b297ade501d,connect,156242237#2f,182699444#1f,"7.4307637,43.7417702",end,start,,,true
73714d2b5e6a116240d7,connect,157719645#6r,164338247#1r,"7.4284853,43.7421636",end,end,,,true
738254f2b7418d226f3c,connect,4230891#2f,4230891#2r,"7.4294579,43.7386365",end,start,,,true
738820cbf31bc9af1b86,connect,167625739#3r,503702168#2f,"7.4157049,43.7299405",start,end,,,true
7397073da20a544be0f6,connect,1453165194#1f,1453165194#1r,"7.4129553,43.7308481",end,start,,,true
7397cb6334cde7c02144,connect,503559464#3r,503559464#4r,"7.4284596,43.7339317",start,end,,,true
7399e6e12ef35e98b4c1,connect,1148675745#2f,51691775#1f,"7.4297697,43.7410018",end,end,,,true
739a77249ae5a1f93079,connect,1449972061#1r,155085119#5f,"7.4145356,43.7348870",end,end,,,true
73a21951125cf79ee272,connect,353889275#1f,503633033#1f,"7.4301626,43.7417650",end,end,,,true
73a63ef84418e9d6681e,connect,176577460#7f,4229292#1f,"7.4158156,43.7307906",end,start,,,true
73a942915d1a5f0e2da2,connect,1342546060#1f,693487406#4r,"7.4329682,43.7466976",end,end,,,true
73aa935a4e287c470f23,connect,1019646822#2f,176333306#1f,"7.4267444,43.7415707",end,start,,,true
73aad955b445f4a333d0,connect,850261601#2f,850261601#3f,"7.4293375,43.7394790",end,start,,,true
73ae6ef6f8547f27be0e,connect,4229243#1f,503434368#1f,"7.4125268,43.7287070",start,start,,,true
73af2e83b20735b5705b,connect,166399487#2f,166399487#3f,"7.4157229,43.7336596",end,start,,,true
73af36c282e4cb837ed5,connect,1000930351#1f,353889276#2f,"7.4298272,43.7416532",start,end,,,true
73b47a9bbf35da78180d,connect,167625739#1f,167625739#1r,"7.4160562,43.7301923",start,end,,,true
73ca6adfef409b24324e,connect,166643408#2f,854880222#1r,"7.4171323,43.7329167",end,start,,,true
73cfa9f40e7e82799c22,connect,1449972043#1r,4227208#2r,"7.4261146,43.7317410",end,start,,,true
73d140e124e2f477c302,connect,1019646822#1r,165636046#4r,"7.4259854,43.7409847",end,start,,,true
73d1453f3c5fddefa62d,connect,1082281160#2r,214635117#5r,"7.4179643,43.7258768",start,end,,,true
73dfd8ebbb78ebfdfdb9,connect,164338230#3f,164338230#4r,"7.4197084,43.7340051",end,end,,,true
73dfe59460c4e8de059b,connect,158215180#6f,177049248#1f,"7.4188291,43.7253728",start,start,,,true
73e137880d985f739bf5,connect,1342556412#1f,1342556412#2f,"7.4342287,43.7480954",end,start,,,true
740842f93521f570f1a2,connect,1024523798#1r,177396034#2f,"7.4289837,43.7339747",end,end,,,true
740c4ff8d8398d615340,connect,92627406#5f,92627406#5r,"7.4197532,43.7275894",start,end,,,true
7413a1bff6fc13829a1a,connect,177590093#1f,503783376#1r,"7.4347588,43.7481430",start,start,,,true
7418e90b0ba684f88006,connect,157719647#1f,157719652#1f,"7.4251499,43.7397216",start,start,,,true
741cf1b5be8866bc9019,connect,39839530#2f,93091311#1f,"7.4223378,43.7319816",end,start,,,true
741f8d7cdb7bc318c194,connect,166399486#2f,166399486#2r,"7.4130230,43.7308297",end,start,,,true
742183f3c23c5f90c236,connect,766768153#3f,766768153#3r,"7.4223250,43.7339783",start,end,,,true
74249e187331576b15f3,connect,157719645#4f,157719645#5f,"7.4283093,43.7418409",end,start,,,true
7431849de52b46e2baf2,connect,1230247123#1r,4230891#1f,"7.4280368,43.7378020",start,start,,,true
743953b394dca5086346,connect,157719661#3f,157719669#4f,"7.4220068,43.7404626",start,end,,,true
7439f6ae5e1fc4322bfc,connect,1019646822#1r,1019646822#2r,"7.4265803,43.7414196",start,end,,,true
743d37decc31a1c6bcc4,connect,159175448#2r,159175448#3r,"7.4383730,43.7492178",start,end,,,true
74425f533a063368accf,connect,161775592#2f,93137627#1r,"7.4278737,43.7384786",start,end,,,true
7450cd0e663235b48ce9,connect,1452797914#2f,1452797914#2r,"7.4316187,43.7459440",start,end,,,true
7454cbce003327ad6590,connect,128273232#1r,4230099#9f,"7.4362781,43.7494769",start,end,,,true
745cebfce7a1afbd83ed,connect,93137575#1f,93137575#2r,"7.4316271,43.7450912",end,end,,,true
746bbd307442b973934e,connect,164338247#2f,164338247#3f,"7.4282753,43.7422914",end,start,,,true
746cba463003414e6e3f,connect,159175448#1r,8056051#5f,"7.4383556,43.7493162",end,start,,,true
7482767f6b8233b27435,connect,156772047#2r,156772047#3f,"7.4279357,43.7381225",start,start,,,true
749402ffe07e9f6b6463,connect,155085119#4f,155085119#4r,"7.4145808,43.7349185",end,start,,,true
749804180837941713f5,connect,766768153#4f,766768153#4r,"7.4227984,43.7331475",end,start,,,true
749f0339e8b69c074eae,connect,177590093#1f,177590093#2f,"7.4347165,43.7481775",end,start,,,true
74aad8ad93fe0f4a7043,connect,176257197#2f,176257197#3f,"7.4164608,43.7297420",end,start,,,true
74c645afa658657aca73,connect,157719645#1f,157719645#1r,"7.4271661,43.7406985",end,start,,,true
74d11c1341550239ec24,connect,446530366#1f,690915731#1r,"7.4145009,43.7283086",start,start,,,true
74d25c005edd42c98318,connect,93137615#2f,93137615#3r,"7.4300559,43.7428136",end,end,,,true
74d859e3cf4dedc9efc0,connect,24655134#2f,24655134#3f,"7.4295824,43.7427161",end,start,,,true
74f34715782e1e3ac3e2,connect,93137615#1f,93137615#1r,"7.4304368,43.7427556",end,start,,,true
74f6eec305bcfb877460,connect,166643408#2r,854880222#1r,"7.4171323,43.7329167",start,start,,,true
74fe08afe8545188b9ac,connect,166399501#4f,166399501#4r,"7.4280619,43.7404648",start,end,,,true
75021d9de9bb8407096a,connect,1079492040#1f,1079492040#1r,"7.4208283,43.7340754",end,start,,,true
750b500f8664daa69378,connect,155085119#3r,67923339#1f,"7.4150328,43.7351033",start,start,,,true
750d1ee17aa8299ae5a7,connect,317925725#1f,688744912#1f,"7.4144363,43.7338298",end,start,,,true
75106856bd7e01a92fb0,connect,157719645#1f,4230011#2r,"7.4270609,43.7406136",start,start,,,true
7512de7070a357067118,connect,1082281160#1f,1082281160#2f,"7.4179173,43.7258428",end,start,,,true
751323c5f6d88db4c8b5,connect,1549110515#1f,1549110515#2f,"7.4112609,43.7297615",end,start,,,true
75170094fac10b45343e,connect,503559464#3f,503559464#4r,"7.4284596,43.7339317",end,end,,,true
752207b76a38ec49470b,connect,158215178#1f,158215178#1r,"7.4182475,43.7271739",end,start,,,true
753e39172837e244ed75,connect,4230105#4f,4230106#1r,"7.4334931,43.7488563",end,end,,,true
7543546294334688d997,connect,158215205#4f,92627422#2f,"7.4205873,43.7266442",start,end,,,true
75441a6233eeca0a0bb3,connect,158007914#1f,158007920#1f,"7.4271083,43.7312758",end,end,,,true
754cd0865675d8181ec7,connect,4230113#4f,4230114#1r,"7.4307478,43.7476953",end,end,,,true
755792f749ad671319a1,connect,94399455#1f,94399877#1f,"7.4168678,43.7359375",start,end,,,true
755ac67a664de4bf77d2,connect,157719644#3f,254596486#1r,"7.4240136,43.7373476",end,end,,,true
755e8c4fd902ce8f9f0b,connect,503434363#1f,94399553#1f,"7.4167153,43.7357151",start,end,,,true
756d4fab974e164a171c,connect,1451606759#1f,158215190#1f,"7.4161758,43.7294823",start,start,,,true
757a133cd3cf977ffbf2,connect,1203843643#1f,448286547#1f,"7.4129686,43.7295886",end,end,,,true
757f6758981ec2f04dd6,connect,1551240829#1f,35092475#4f,"7.4267039,43.7379518",start,start,,,true
757f9da231180eee5908,connect,446530365#2f,690915731#1f,"7.4145009,43.7283086",end,end,,,true
757fed010c477dd59287,connect,4229292#1f,4229292#2f,"7.4160071,43.7308906",end,start,,,true
75809bb226c4db5ceb4a,connect,94399455#1r,94399877#1f,"7.4168678,43.7359375",end,end,,,true
7582d1d23e52d1ac26ce,connect,850261602#3f,850261602#4r,"7.4292591,43.7401434",end,end,,,true
758d0efed2ca8de6b859,connect,128273233#2f,128273233#3f,"7.4339528,43.7490554",end,start,,,true
75989b919f0d25798e02,connect,572941874#1f,93137627#2r,"7.4280638,43.7386121",end,start,,,true
75a2001c6ea78b3193ce,connect,766768153#1f,766768153#1r,"7.4223636,43.7341605",end,start,,,true
75ae81a1d6adcb2f40fb,connect,158215190#1f,503702168#1f,"7.4161795,43.7296048",end,start,,,true
75b67c40dfd52921b685,connect,1365041523#1f,176577460#2r,"7.4141458,43.7291795",end,start,,,true
75be241216a004ab065d,connect,92627418#1r,92627427#1f,"7.4273068,43.7376640",end,end,,,true
75c13ccdc933a15dac54,connect,690914551#1r,690914551#2f,"7.4164206,43.7295679",start,start,,,true
75d5b47df330d97e96a0,connect,503783373#1f,93137558#1f,"7.4319668,43.7465094",end,start,,,true
75dfebf12aeb9329702d,connect,166009792#6f,851792660#1f,"7.4200043,43.7387594",end,start,,,true
75eb2b64810e931b6f01,connect,166399479#2f,166399479#3f,"7.4212403,43.7352623",end,start,,,true
75f04508eb6e32b58af2,connect,120062666#1f,177429339#1f,"7.4198297,43.7365726",start,end,,,true
75f58337bfa93ba19d37,connect,4098197#1f,4098197#2r,"7.4317445,43.7472776",end,end,,,true
75f8bf3dcf5318f822c1,connect,93137627#2f,93137627#2r,"7.4280638,43.7386121",end,start,,,true
75fdf2f60fa7f8e34a7a,connect,503633032#1f,503633032#2f,"7.4355046,43.7483485",end,start,,,true
7616ed078e7ee711f7c4,connect,1342546092#3f,503638814#2r,"7.4369557,43.7498418",end,start,,,true
7617d7f73557aff8cbab,connect,176682384#1f,176682384#1r,"7.4124812,43.7281388",end,start,,,true
761dc48effa554ce083b,connect,1297328848#1r,155085119#5r,"7.4145808,43.7349185",start,end,,,true
7621df1d35a762565532,connect,93137569#1f,93137569#2f,"7.4307513,43.7452904",end,start,,,true
762bcea7f8d872b982c4,connect,159175448#2f,159175448#3f,"7.4383730,43.7492178",end,start,,,true
762d3b80677fcade83dc,connect,39839529#3r,4227216#1f,"7.4234484,43.7326800",start,start,,,true
762e0ad3a93a24dd3887,connect,4227164#1f,503559455#1f,"7.4229689,43.7323271",start,end,,,true
763760bddb5a6e108642,connect,158215197#1r,214635117#8r,"7.4184894,43.7255194",end,end,,,true
763be10e37a9ad660d15,connect,166399501#5f,568187257#5f,"7.4288124,43.7411123",end,end,,,true
7641430c7d70f71c09e5,connect,158189817#2r,261740027#1f,"7.4155620,43.7285809",start,end,,,true
76541c592150aae3344b,connect,176577460#6f,176577460#6r,"7.4139142,43.7296684",start,end,,,true
76732347b65835c6a1c1,connect,176684623#1r,8352246#1f,"7.4209665,43.7366135",end,end,,,true
767784e493e05642233e,connect,155085119#1r,155085119#2r,"7.4144288,43.7343738",start,end,,,true
76781a655e55fc491ca0,connect,4229539#2r,4229539#3r,"7.4255911,43.7386159",start,end,,,true
7678672cf4815ba9c264,connect,176682382#1r,176682382#2f,"7.4125829,43.7285141",start,start,,,true
767ca4880666debd0532,connect,4227208#1f,4227208#1r,"7.4262064,43.7317676",end,start,,,true
76805870467e2ccb2a7f,connect,159170465#3f,159170465#3r,"7.4178943,43.7366780",end,start,,,true
76a34d8293781c5b455e,connect,176477342#2f,95825511#1f,"7.4256981,43.7386253",start,start,,,true
76a45e410000a163eed7,connect,157719645#1f,4230011#3r,"7.4270609,43.7406136",start,end,,,true
76a582f2a51091bf8d4d,connect,4230099#2f,4230099#2r,"7.4362936,43.7503054",start,end,,,true
76ac61f2ba93e7b227fc,connect,177232619#7f,308214646#3f,"7.4270648,43.7394705",end,start,,,true
76bba3b397558455824c,connect,157719652#1f,4229577#1f,"7.4251499,43.7397216",start,start,,,true
76c5bca86e73635558d8,connect,4097656#4r,4097656#5r,"7.4252293,43.7396860",start,end,,,true
76ce2d55b57b0b27d487,connect,168104492#1f,168104492#1r,"7.4274806,43.7404301",start,end,,,true
76d7970c33ad85be935a,connect,165636031#6f,4227208#1f,"7.4269610,43.7320141",end,start,,,true
76d8ec7b44d2cf97308a,connect,176577460#5f,176577460#6f,"7.4139142,43.7296684",end,start,,,true
76e3453dee434600ee48,connect,446542427#2r,446542427#3r,"7.4266982,43.7372385",start,end,,,true
76e428353914e41ecb54,connect,4230011#3f,4230011#4r,"7.4271043,43.7405915",end,end,,,true
76eb2c7778713640e940,connect,203711531#1f,226201294#1f,"7.4270539,43.7371553",start,end,,,true
76f0825ba87bd20bb041,connect,158215191#2f,158215191#3f,"7.4175433,43.7282122",end,start,,,true
76f651f8c324994d2280,connect,158215184#5f,158215184#6r,"7.4182340,43.7282731",end,end,,,true
76fbf34a5407d392b535,connect,766768153#1f,766768153#1r,"7.4224101,43.7343117",start,end,,,true
7719112d806226bd7323,connect,161769679#1r,161775592#3f,"7.4277976,43.7388340",end,end,,,true
772154e27698ea263f02,connect,1314186421#1r,166399478#7f,"7.4179056,43.7287625",end,start,,,true
772233ab788536eb3e7b,connect,1342556413#1r,1342556413#2f,"7.4343787,43.7479782",start,start,,,true
772448f3ca345390faf5,connect,1470365903#1f,353889280#1f,"7.4300925,43.7411040",end,start,,,true
77271620de0d7e73f61b,connect,176774263#1f,423632259#3f,"7.4216703,43.7320447",start,start,,,true
7734fa03dd7bc1d57005,connect,778744698#3r,778744698#4f,"7.4292809,43.7394338",start,start,,,true
773753264ba4ac9947d1,connect,158215178#1f,849737729#1f,"7.4177043,43.7265896",start,end,,,true
77375dc4683325726f17,connect,4230099#6f,4230099#7r,"7.4366261,43.7500705",end,end,,,true
7738acdec068850922fe,connect,4230007#2r,568187257#1r,"7.4297349,43.7403489",start,end,,,true
77419c92053d465b84f2,connect,157719662#3f,157719685#1r,"7.4235981,43.7407234",start,end,,,true
7763e1af764e45a96df2,connect,503434401#1f,503813534#1r,"7.4196227,43.7322971",start,end,,,true
776758a34836de80794d,connect,166558481#1f,166558481#2f,"7.4222734,43.7322074",end,start,,,true
777a608363fec12674ce,connect,166399478#2r,503702167#1f,"7.4176125,43.7294974",end,start,,,true
777c4647da0ab30bd5b8,connect,503462468#1f,503462468#2f,"7.4339575,43.7470554",end,start,,,true
777fa6ec0f5c09a3fe41,connect,1470365899#1f,1470365900#1f,"7.4301265,43.7411082",start,start,,,true
778b720e816f94ba9d06,connect,177052163#1r,177052163#2r,"7.4169133,43.7264472",start,end,,,true
779a5e4ec66269a67912,connect,78149827#1f,78149827#1r,"7.4237917,43.7375487",end,start,,,true
77b2cc9f5311e5627226,connect,1283578084#3f,1283578084#4f,"7.4188428,43.7358779",end,start,,,true
77bb7895afea566834c9,connect,503471323#1f,503471323#2f,"7.4167841,43.7320393",end,start,,,true
77c91057948dec4f7ba6,connect,338900930#2f,338900930#2r,"7.4352336,43.7493774",start,end,,,true
77c98d35c5c83f3e43f1,connect,93137558#3r,93137558#4r,"7.4331196,43.7471773",start,end,,,true
77cc238b81d47a8150b0,connect,25082741#3r,25082741#4r,"7.4247736,43.7371579",start,end,,,true
77d29fd22cd6e47f09b5,connect,334368435#1f,982061461#1r,"7.4246341,43.7409699",start,end,,,true
77da6ad4e4ccf94af597,connect,1203522177#1f,4230099#8r,"7.4365835,43.7500356",start,end,,,true
77e311f0a66c454a4b4d,connect,4230186#1f,4230186#2f,"7.4284337,43.7435506",end,start,,,true
77e4aa85edcbb79c956d,connect,503702168#1f,503702168#2f,"7.4157474,43.7299111",end,start,,,true
77fc1c5a202d22ab93e9,connect,1319454162#1f,155085116#1f,"7.4165016,43.7326972",end,start,,,true
78096e60b0f9283735a0,connect,214635117#5f,214635117#6f,"7.4180618,43.7258075",end,start,,,true
78192f676b6663e11886,connect,4230122#1f,4230122#2r,"7.4297607,43.7461300",end,end,,,true
781ac22028cbf255946c,connect,157719669#3f,157719669#4f,"7.4220308,43.7404755",end,start,,,true
782571ae4915be8e9196,connect,4230011#7f,434567309#2f,"7.4277541,43.7401666",end,end,,,true
7828750f06f2887f7e76,connect,1086377399#3f,1086377399#3r,"7.4362390,43.7486766",start,end,,,true
782edb34eb6599d68765,connect,161752639#1f,161752639#1r,"7.4288570,43.7416412",end,start,,,true
78317a4e4953511520ee,connect,1202361416#2f,157719647#6f,"7.4247735,43.7391242",end,start,,,true
78333a594932a1ac9f68,connect,157719668#2r,164338243#1f,"7.4236490,43.7403378",start,start,,,true
783559a7169c058312f3,connect,177189425#4f,503462473#1f,"7.4171764,43.7264037",end,end,,,true
78399b07f0884cc7f695,connect,165636047#3r,165636047#4f,"7.4294832,43.7454716",start,start,,,true
783d7562d516b106a61b,connect,317925725#2f,688744912#1r,"7.4144363,43.7338298",start,end,,,true
78461e5ca298af9ab115,connect,158189831#1f,158189831#2r,"7.4105432,43.7291125",end,end,,,true
784db65af99cad0011f7,connect,1410590314#1f,503434370#1r,"7.4140607,43.7345159",end,end,,,true
7861826be469829ef819,connect,159170465#4r,166399488#1f,"7.4184263,43.7367055",start,start,,,true
78633bd2f16beae6b761,connect,507581426#1r,507581429#1f,"7.4252664,43.7412557",end,end,,,true
7878762e19e511032396,connect,4229298#1f,423873046#1r,"7.4295803,43.7455897",start,end,,,true
7880202299774ca8cba5,connect,155085108#1f,92627433#1f,"7.4146056,43.7311246",start,end,,,true
78844bd69fa14aba8f81,connect,1233853668#1f,1410590317#1r,"7.4149069,43.7341833",start,start,,,true
78863abf91ecb199a013,connect,850261602#3f,850261602#3r,"7.4292741,43.7401071",start,end,,,true
788e6c0c8deb68cd326a,connect,166856355#1f,166856356#1f,"7.4296829,43.7467716",end,start,,,true
7891f06b3b97df9fe2e5,connect,158189831#1f,943330853#1f,"7.4105432,43.7291125",end,end,,,true
78972602742b605f84aa,connect,156188798#1f,156772047#7r,"7.4289548,43.7388035",end,end,,,true
78a0cc4e89b034d8748f,connect,503813541#1f,8056043#1f,"7.4226785,43.7321826",end,start,,,true
78ace64cc16a36b3ae4a,connect,200507331#1r,200507331#2f,"7.4144049,43.7278448",start,start,,,true
78b133024fbb2fbd4e5b,connect,128273233#1f,128273233#2r,"7.4336033,43.7488565",end,end,,,true
78b74b7e5987a3402aad,connect,689855606#1r,689855607#1r,"7.4191759,43.7388562",end,end,,,true
78c7589cfdd41e2995d1,connect,159170450#1r,254596870#1f,"7.4176139,43.7336615",start,start,,,true
78cb2aa75ba58f1bd825,connect,1342556412#2f,1342556413#1f,"7.4342287,43.7480954",start,start,,,true
78ccda62a9d8a114aeee,connect,157719661#1f,176576014#1f,"7.4218357,43.7398553",start,end,,,true
78ce4837fe80fc67345a,connect,155085119#2f,155085119#3f,"7.4150714,43.7350030",end,start,,,true
78d697354872ca04875f,connect,1342546064#3f,1342546065#1f,"7.4326371,43.7470140",start,start,,,true
78e4e77e8bd87b54f89f,connect,503447059#2f,503813534#1f,"7.4196227,43.7322971",end,start,,,true
78e8c069345750962768,connect,503638814#1f,503638814#1r,"7.4368691,43.7497821",end,start,,,true
78f037bbf8be461fccb8,connect,1058067233#1f,158189831#3r,"7.4104454,43.7289048",start,start,,,true
78f886356c29a5b6f0f0,connect,353889381#1f,941922152#1f,"7.4377449,43.7517526",end,start,,,true
790085cf1281f7747ab1,connect,93137615#3r,93137615#4r,"7.4299328,43.7429980",start,end,,,true
7903f94d70c557732bc7,connect,164338230#1f,164338230#2f,"7.4197593,43.7337483",end,start,,,true
7904f524de7862578d49,connect,1024393367#1f,177425460#1f,"7.4186520,43.7354395",start,end,,,true
79152532b66880d0c201,connect,78147639#2f,78147639#2r,"7.4274432,43.7317538",end,start,,,true
791cf8dc0bfdd22e4053,connect,177588306#1f,4230186#2f,"7.4277383,43.7429274",start,end,,,true
791f2d156858423580a8,connect,157719668#1r,166009792#1f,"7.4238573,43.7399010",end,end,,,true
791ffbe825be07ee7f9b,connect,690914543#1r,690914543#2r,"7.4143214,43.7277005",start,end,,,true
792161647b5020e4a69b,connect,176674531#1f,840101178#1f,"7.4212270,43.7331634",end,end,,,true
7926b54731cb8b54ef57,connect,4098197#2r,4098197#3f,"7.4317323,43.7475177",start,start,,,true
7939c93c56c1201169cb,connect,158189827#2f,278143566#1f,"7.4137509,43.7285262",start,end,,,true
7940363f3560f66d1fc6,connect,176757512#1f,503813544#1f,"7.4183455,43.7320769",start,end,,,true
7940e6925273d0d80030,connect,165636031#2f,165636031#3r,"7.4268692,43.7325168",end,end,,,true
794757ebabcfb6076c6d,connect,157719662#2f,157719685#1r,"7.4235981,43.7407234",end,end,,,true
79579e687cfc1434a869,connect,1019646823#2f,503090216#1f,"7.4106015,43.7310737",end,start,,,true
795f8a4b74fbf7427d06,connect,1001561438#1f,851792658#2r,"7.4124654,43.7311829",start,start,,,true
7966fa69e6223c7a1116,connect,4230105#2f,4230105#2r,"7.4325004,43.7480371",start,end,,,true
79720e9d2460b1552269,connect,176334445#2f,176334445#3f,"7.4321217,43.7479413",end,start,,,true
79729cd315a3057d2419,connect,25082741#1f,699218006#2r,"7.4231173,43.7369871",start,start,,,true
79769df818354d6336e9,connect,166399501#1f,166399501#1r,"7.4277541,43.7401666",start,end,,,true
7985883dc4d32cdc431b,connect,78141881#1f,78141881#1r,"7.4280458,43.7332532",start,end,,,true
7993cf2bac8872be1bab,connect,120062658#1f,78141884#1f,"7.4204901,43.7369253",start,end,,,true
7993d2855aecf0501fd8,connect,161775592#2f,93137627#1f,"7.4278737,43.7384786",start,start,,,true
79b7b422b7468112dc2d,connect,1203843643#1f,176682382#3r,"7.4132672,43.7294251",start,start,,,true
79ce90b3e95f1756be71,connect,850261601#1f,850261601#1r,"7.4294183,43.7393125",start,end,,,true
79d8d02d409ea2f971f3,connect,172533153#1f,503813546#1f,"7.4178089,43.7318525",start,start,,,true
79ef77f7a36b5e31fb69,connect,158189831#1f,158189831#1r,"7.4105756,43.7292018",start,end,,,true
7a0450a0b2f77e1fe2df,connect,128273233#1f,4230105#3f,"7.4334951,43.7488339",start,end,,,true
7a082c273e2b440956a4,connect,167625727#1f,4229273#1f,"7.4172044,43.7298528",start,start,,,true
7a082f4e27eb8cb9c9e4,connect,503471324#2f,503471324#3f,"7.4373434,43.7490649",end,start,,,true
7a108edd7a835604b1cb,connect,158189830#1f,158189830#2r,"7.4104470,43.7291430",end,end,,,true
7a109062a565fd5fe388,connect,160004399#1f,4229536#2r,"7.4261726,43.7373162",start,end,,,true
7a10c05a07f30eacfd3f,connect,720165108#1r,962525763#1r,"7.4233775,43.7407979",start,start,,,true
7a27ef2a9b9cd51723fe,connect,1314186421#1f,1314186421#1r,"7.4179056,43.7287625",start,end,,,true
7a28326b23a4613ed07d,connect,161733292#1r,568187257#3r,"7.4291921,43.7406247",start,end,,,true
7a2b09b2e02b481653f3,connect,156772047#1r,879995944#1f,"7.4267700,43.7377594",end,end,,,true
7a2d59b7b8c4d7e432f3,connect,4230114#2f,4230114#3r,"7.4325490,43.7491481",end,end,,,true
7a5186cd62adf5e517f9,connect,164338219#1f,503559459#1f,"7.4249790,43.7315062",start,end,,,true
7a518ac208ad4e21fda6,connect,200998962#1f,423632264#1f,"7.4175483,43.7317451",end,start,,,true
7a5193423f5b80eb0939,connect,1549110516#1f,1549110516#2f,"7.4128029,43.7303615",end,start,,,true
7a54af78647f9e7d3e17,connect,158215196#1r,158215196#2f,"7.4194392,43.7281402",start,start,,,true
7a54fdcb7b5cde02f255,connect,159170465#1f,159170465#1r,"7.4174522,43.7365916",end,start,,,true
7a5cbcd0a23eb607da4d,connect,158007908#1f,78147639#1f,"7.4274739,43.7318149",end,start,,,true
7a5e46b2e42185bd5983,connect,943188283#1r,95449778#1r,"7.4193710,43.7381177",end,start,,,true
7a62d31f3a59520f31d8,connect,503813544#1r,503813546#1f,"7.4182711,43.7320380",end,end,,,true
7a69b4a14840f5c74160,connect,690914541#1r,690914542#2r,"7.4140299,43.7275634",end,start,,,true
7a6bae08214b83c19a09,connect,167625737#3f,835382435#1f,"7.4212966,43.7324164",start,end,,,true
7a6edc38c229fec4e9d9,connect,168104492#1f,4230011#5r,"7.4274806,43.7404301",start,start,,,true
7a70406605d77ca102a9,connect,168104492#1r,168104492#2r,"7.4275105,43.7404621",start,end,,,true
7a79a044cf7d6db72a03,connect,166399478#6f,166399478#7f,"7.4179056,43.7287625",end,start,,,true
7a7ebace670c60f65f38,connect,166149542#1f,166149542#1r,"7.4170825,43.7348242",end,start,,,true
7a804c5b4caad1bef098,connect,156772047#9f,850261601#1r,"7.4294183,43.7393125",end,end,,,true
7a90519430d4f760c8e4,connect,166399489#2f,68814587#1f,"7.4176890,43.7371797",end,start,,,true
7a91819ff009e5cd7cae,connect,688731299#3r,688731299#4f,"7.4146411,43.7327438",start,start,,,true
7aaceb9609a0c816c628,connect,166856355#1r,166856356#1f,"7.4296829,43.7467716",start,start,,,true
7aada18808fddb04eb05,connect,177396034#1f,320117832#1f,"7.4291630,43.7341354",end,end,,,true
7ab939de7abf44058971,connect,182692350#1f,182692350#1r,"7.4151640,43.7286126",start,end,,,true
7ab943f311b73834e9dc,connect,1342546058#2f,1342546058#2r,"7.4319445,43.7461974",start,end,,,true
7ab9a9c608254fd26336,connect,308214646#2r,308214646#3r,"7.4270648,43.7394705",start,end,,,true
7abc516d677d4967d54a,connect,176531067#1f,201011053#1f,"7.4158798,43.7313961",end,end,,,true
7ac4b50e07edb2cd852a,connect,176257197#3f,503702169#1f,"7.4164608,43.7297420",start,start,,,true
7acb643adb0899ff97cc,connect,1086377399#2r,503633032#5f,"7.4362390,43.7486766",start,end,,,true
7acd593f71ac5f8f954a,connect,507581432#1f,944079970#2f,"7.4259025,43.7416736",start,end,,,true
7ad297dfa989b11b4fc1,connect,1148675745#2f,176334446#1f,"7.4297697,43.7410018",end,start,,,true
7ad551afcaa35d4ad8cf,connect,503783378#1f,503783378#1r,"7.4386022,43.7499111",start,end,,,true
7addfa7600968e4bb7ce,connect,143536261#3f,156780348#1f,"7.4193676,43.7388641",start,start,,,true
7ae14849a0654c0e1775,connect,156772047#9f,156772047#9r,"7.4294183,43.7393125",end,start,,,true
7af850083307b1610dce,connect,157719645#4f,157719645#4r,"7.4283093,43.7418409",end,start,,,true
7b001df3c869b5b6cbdc,connect,176760116#1r,503783376#2f,"7.4349290,43.7482407",end,end,,,true
7b0b8f7ad9432170147a,connect,128273231#1f,128273234#1f,"7.4323674,43.7489310",end,start,,,true
7b0e19471f295fcec132,connect,161887489#1r,503559464#2f,"7.4277815,43.7335806",end,end,,,true
7b1471b2899d98322947,connect,4227216#2f,4227216#2r,"7.4245672,43.7329107",end,start,,,true
7b1c763e3b3efebfe453,connect,182700005#1f,503462466#2f,"7.4338132,43.7471700",start,end,,,true
7b1e8e273d678bd3f9ee,connect,4230011#5r,4230011#6f,"7.4274806,43.7404301",start,start,,,true
7b2d6248410d0eac1266,connect,1019174509#5f,159170479#1f,"7.4186264,43.7335726",start,start,,,true
7b36118e1ff4b104d924,connect,167625740#1f,167625740#2f,"7.4243986,43.7311405",end,start,,,true
7b443bc453468a554771,connect,1342556412#1f,1342556412#2r,"7.4342287,43.7480954",end,end,,,true
7b55fff54ae5ee7ea854,connect,568187257#3f,568187257#3r,"7.4291256,43.7407531",end,start,,,true
7b577749c34310653f74,connect,35092475#3f,35092475#4f,"7.4267039,43.7379518",end,start,,,true
7b59129749fd450822e5,connect,503638814#2f,503638814#3f,"7.4369557,43.7498418",end,start,,,true
7b697dce5bbbbcd58a51,connect,25082741#3f,25082741#4r,"7.4247736,43.7371579",end,end,,,true
7b7c50683eac70941038,connect,1202747622#1r,1202747623#2r,"7.4183021,43.7272339",end,end,,,true
7b8297d1c8ad2e17f550,connect,1086377386#1r,1086377386#2r,"7.4388102,43.7493678",start,end,,,true
7b8cbef084478cfeec6b,connect,158189830#2f,257071645#1f,"7.4101838,43.7290311",end,start,,,true
7b9bd23552438bb54c2d,connect,1549110516#1f,1549110516#2r,"7.4128029,43.7303615",end,end,,,true
7b9e37a56eae19c62f44,connect,158215191#3r,158215191#4r,"7.4172435,43.7281684",start,end,,,true
7ba6ca366b13854561dc,connect,164338230#4f,164338230#5f,"7.4196565,43.7342503",end,start,,,true
7baf2ba8b34251673f05,connect,568187257#1f,568187257#2r,"7.4295996,43.7402054",end,end,,,true
7bbd5618f21d81b06d6c,connect,1451501763#1f,4229536#1r,"7.4258188,43.7372699",end,end,,,true
7bc7977e6fc1a35fea8e,connect,177189425#3r,177189425#4f,"7.4170823,43.7263970",start,start,,,true
7bdcf99a2958d4a8d792,connect,792884355#2f,792884355#3f,"7.4254845,43.7416231",end,start,,,true
7bdd2becb4b0c66ccd5b,connect,568187257#4f,568187257#4r,"7.4291256,43.7407531",start,end,,,true
7be1d0c9f4d2170bf9af,connect,92627426#1f,92627426#1r,"7.4224687,43.7274114",start,end,,,true
7be49a2fa8d3f4dd1afd,connect,1443764723#1r,1443764723#2r,"7.4326452,43.7478930",start,end,,,true
7bea78b854c0bf4a2ee8,connect,92627403#1f,92627418#1f,"7.4264707,43.7374911",start,end,,,true
7bf1c8daf52ed2319143,connect,159170522#4f,164338230#5r,"7.4196441,43.7342962",start,start,,,true
7bf8cf77d519af306d75,connect,360063233#2f,360063233#2r,"7.4128541,43.7299988",start,end,,,true
7c06e7bc2d80656f0e83,connect,503462466#2f,503462466#3f,"7.4338132,43.7471700",end,start,,,true
7c0d5adecbcfeca2087d,connect,120113157#1r,946562629#1f,"7.4204770,43.7383783",end,end,,,true
7c12bda60f0fcb5bed6c,connect,254596870#1f,254596870#1r,"7.4174145,43.7341601",end,start,,,true
7c14dff3d6221bb4b8a0,connect,176674531#1f,4227198#4f,"7.4200543,43.7330672",start,end,,,true
7c162342c1fed431b073,connect,39839529#1f,503559455#1f,"7.4229757,43.7323832",start,start,,,true
7c327daa9c288ac94af7,connect,157719661#2f,157719669#4f,"7.4220068,43.7404626",end,end,,,true
7c35a787f7d5ca736834,connect,165636047#1f,165636047#2f,"7.4292595,43.7449991",end,start,,,true
7c50c824444e806ff2e5,connect,164338230#1f,164338230#2r,"7.4197593,43.7337483",end,end,,,true
7c57d0aa5a8458bdab13,connect,1549110516#3f,1549110516#4r,"7.4127305,43.7303411",end,end,,,true
7c5cb4dfe89f9b9c0fc7,connect,167086183#1f,167086183#1r,"7.4193894,43.7356078",end,start,,,true
7c6475848d5368124219,connect,254596486#1r,93137566#2f,"7.4240136,43.7373476",end,end,,,true
7c90d4f71e73379182e1,connect,1174006400#1f,93137591#1f,"7.4307503,43.7455581",end,start,,,true
7c9e9183e36d54aaa48d,connect,4227214#1f,4227214#2f,"7.4217824,43.7304946",end,start,,,true
7ca3e0f95bcf20f7bfbd,connect,176577460#1f,176577460#1r,"7.4143369,43.7290323",end,start,,,true
7ca6ab778f1a89995826,connect,833633729#2f,833633729#2r,"7.4194109,43.7285315",start,end,,,true
7cb64ee8ffe3f7fc6165,connect,1082312612#2f,158215196#1r,"7.4195001,43.7277049",end,end,,,true
7cbed15d1e1a915864de,connect,503638814#3f,503638814#3r,"7.4370757,43.7499485",end,start,,,true
7cc397695c5987c9e47a,connect,503633031#4f,503633031#5f,"7.4331846,43.7465673",end,start,,,true
7ccb2257b8132594b280,connect,851991828#1f,851991828#1r,"7.4381839,43.7492902",end,start,,,true
7ccce84e4bb5f584458d,connect,156242241#1f,92627431#1r,"7.4297948,43.7435479",end,start,,,true
7cd34dec82c841b9a530,connect,1549110518#1f,92627436#1f,"7.4125571,43.7303843",start,end,,,true
7ce804dbe225e867c176,connect,158215180#1f,158215180#2f,"7.4186176,43.7254261",end,start,,,true
7cfb1e1d475fa215bfdd,connect,165636038#1f,176086161#2f,"7.4197171,43.7323987",start,end,,,true
7cfdd229a03916d8740b,connect,833633729#1f,833633729#2r,"7.4194109,43.7285315",end,end,,,true
7d0334c75c82d3e96068,connect,1082312612#1r,92627406#3r,"7.4195101,43.7276397",end,end,,,true
7d08643caf6470abeada,connect,446542427#2f,446542427#3f,"7.4266982,43.7372385",end,start,,,true
7d0f4aa5cf5952640377,connect,161887492#1r,161887492#2f,"7.4272940,43.7332957",start,start,,,true
7d112cb9c91171f3e76d,connect,120062665#1f,159170522#1f,"7.4185417,43.7342778",start,start,,,true
7d16bdd986dc2752f881,connect,503813534#1f,503813534#1r,"7.4197965,43.7322481",end,start,,,true
7d177bdd4ac7a2d87bd1,connect,1342556413#2f,93137558#4r,"7.4344177,43.7479471",end,start,,,true
7d1bb9ffffa1bc20bed1,connect,981971425#2f,981971425#2r,"7.4310609,43.7481020",end,start,,,true
7d1d1ece8bc1e6436124,connect,166399486#2r,851792659#1f,"7.4130230,43.7308297",start,start,,,true
7d2ab0a51efb8281fd26,connect,168890950#1f,168890950#1r,"7.4223806,43.7299372",start,end,,,true
7d2c63a17390f97c5dde,connect,95449778#1r,95449780#1r,"7.4193988,43.7379362",end,start,,,true
7d2fc7f3df0eb82b06b0,connect,93137615#3r,93137615#4f,"7.4299328,43.7429980",start,start,,,true
7d316778ca48771018b4,connect,4230007#1f,4230007#2r,"7.4295170,43.7405242",end,end,,,true
7d3be11eb6fe9ce6b765,connect,161882796#2f,176776331#4f,"7.4212806,43.7344740",start,end,,,true
7d6787afddee3f8e2706,connect,166009792#2r,166009792#3f,"7.4229579,43.7396013",start,start,,,true
7d68ecbaf2cd3b56afef,connect,939532441#1f,939532441#1r,"7.4292238,43.7451962",end,start,,,true
7d7fed9f95daf1777043,connect,158007921#1f,78147639#2r,"7.4274432,43.7317538",start,start,,,true
7d814d84192e81194c32,connect,8352246#4f,8352246#5f,"7.4194465,43.7352804",end,start,,,true
7d8e6907d47453cd974e,connect,176760116#1f,503783376#2f,"7.4349290,43.7482407",start,end,,,true
7d9dba385957a9821f96,connect,503434378#1f,503434396#1f,"7.4267074,43.7416333",end,start,,,true
7db403202da9bf6069e7,connect,161887494#2f,161887494#2r,"7.4267295,43.7331734",start,end,,,true
7ddf8d7b1f562bbadc9f,connect,176674530#2f,176674530#2r,"7.4245768,43.7387969",start,end,,,true
7de149f18822f02f48c2,connect,176577460#4f,176577460#4r,"7.4139032,43.7293663",end,start,,,true
7de5cb8207280b869460,connect,201009264#2f,201009264#3r,"7.4129275,43.7300768",end,end,,,true
7def6e5a025a08804109,connect,1549110514#1f,1549110514#1r,"7.4105187,43.7293128",start,end,,,true
7e01a9fdbb97cba11838,connect,164338222#2r,4227233#1r,"7.4275506,43.7329977",start,start,,,true
7e0b2e3bc8911cccc7d3,connect,214636589#1r,31900611#4r,"7.4223122,43.7346973",start,start,,,true
7e0f0b091d146154f87a,connect,161769679#1r,161769679#2f,"7.4277231,43.7387945",start,start,,,true
7e1303a7a3b425a90f18,connect,25082741#3r,25082741#4f,"7.4247736,43.7371579",start,start,,,true
7e16b3ca4f8dff9fc1ca,connect,686878369#1f,686878369#1r,"7.4171314,43.7372002",start,end,,,true
7e292afccd60bd0ff5cd,connect,4230099#6r,4230099#7r,"7.4366261,43.7500705",start,end,,,true
7e34ca57849a3d47b24e,connect,1243224906#1f,167625756#1f,"7.4288098,43.7459878",start,end,,,true
7e36a04943ae57d92dd8,connect,95449778#1f,95449780#1f,"7.4193988,43.7379362",start,end,,,true
7e3cb2ab6a060d1cf5b2,connect,214635117#1f,214635117#2f,"7.4173937,43.7262752",end,start,,,true
7e3f5c7ddac93e0c996f,connect,176682382#2f,176682382#2r,"7.4125829,43.7285141",start,end,,,true
7e4d49554ae96e946127,connect,166558481#2f,8056043#2f,"7.4223724,43.7323258",end,end,,,true
7e4ed420619832cc4bdb,connect,1034247204#2r,503638814#1r,"7.4368691,43.7497821",start,start,,,true
7e546d5048b42b00522f,connect,4230113#3f,4230113#4f,"7.4310725,43.7474358",end,start,,,true
7e55025044624b79a0a4,connect,4230099#8f,4230099#8r,"7.4365835,43.7500356",start,end,,,true
7e56b884859384fb89ed,connect,448285793#1f,448286547#1f,"7.4129686,43.7295886",start,end,,,true
7e577d3e6231539a273a,connect,166399487#2r,166399487#3f,"7.4157229,43.7336596",start,start,,,true
7e5ed06186c84065953b,connect,158007911#1f,158007914#1f,"7.4271083,43.7312758",start,end,,,true
7e71052ea06b865d9628,connect,1549110517#1f,1549110517#1r,"7.4126765,43.7307014",end,start,,,true
7e787fb2ff1d114240ee,connect,93137627#1f,93137627#2r,"7.4279512,43.7385330",end,end,,,true
7e8b41c4583cb0e06ae3,connect,157719653#1r,92627427#1r,"7.4279687,43.7379148",start,end,,,true
7e9ed70c307399a69bb4,connect,159170525#2f,159170525#3f,"7.4183584,43.7329596",end,start,,,true
7e9f9b83360807d4a1bf,connect,181479771#4f,336130958#1f,"7.4158135,43.7353199",start,start,,,true
7eaa73d4dcb3622f1d55,connect,1435532403#1f,1435973405#1f,"7.4379979,43.7496196",end,start,,,true
7eb77112eda664439cac,connect,176682382#3r,176682382#4f,"7.4132672,43.7294251",start,start,,,true
7eb8472db9ff44869509,connect,1452797915#2f,182700002#6f,"7.4322096,43.7458844",end,start,,,true
7ec03a52597662531011,connect,176477349#1f,254596489#1f,"7.4237917,43.7375487",start,start,,,true
7ecc103f2572fa315184,connect,778744698#1r,778744698#2f,"7.4286264,43.7388025",start,start,,,true
7ed3594f0f9ff77359cb,connect,159170525#3f,176510135#1f,"7.4181373,43.7340556",end,start,,,true
7ee33d7f7fbbb2bb3696,connect,201011053#1f,201011053#2f,"7.4158798,43.7313961",end,start,,,true
7ee41f8612d140cf63a0,connect,67923339#2f,67923339#2r,"7.4152338,43.7361081",end,start,,,true
7ee949add51f40590a28,connect,168959163#2f,168959163#3f,"7.4178209,43.7344422",end,start,,,true
7eeada637901657aa651,connect,688731299#2r,688731299#3r,"7.4143793,43.7324430",start,end,,,true
7ef6ab8797d3f9d611cb,connect,176334442#1r,176334442#2f,"7.4338201,43.7486357",start,start,,,true
7f09dd427fd36f762d56,connect,161885378#2f,161885378#2r,"7.4245595,43.7329487",start,end,,,true
7f0aca37afc759f0eedc,connect,166399501#4r,850261602#7r,"7.4280619,43.7404648",end,start,,,true
7f0c72291df196398546,connect,233894501#1f,25082741#6r,"7.4253078,43.7372056",start,end,,,true
7f11b8ed0837d533cb17,connect,664388472#1r,664388473#1r,"7.4385587,43.7490135",end,start,,,true
7f13270f653344595ce1,connect,1203522177#1f,1203522177#1r,"7.4368502,43.7502536",end,start,,,true
7f1d88d19a3dad655dff,connect,4230105#3f,4230105#4r,"7.4334951,43.7488339",end,end,,,true
7f222238a56c4b1da754,connect,4230186#4f,4230187#1f,"7.4276329,43.7424746",end,start,,,true
7f2db7862bf4fc210fe5,connect,159170444#1f,167086183#1r,"7.4190184,43.7351944",end,end,,,true
7f305235496e8b743f16,connect,1452797913#1r,1452797914#2f,"7.4316187,43.7459440",start,start,,,true
7f4aeaa9dcf9dfff7af1,connect,1202335429#2f,1238339145#2f,"7.4318299,43.7450893",end,end,,,true
7f4b80757a28025097c0,connect,308214646#1f,308214646#2f,"7.4269356,43.7394178",end,start,,,true
7f4de64183c8badee759,connect,334773233#1r,334773233#2f,"7.4295280,43.7466034",start,start,,,true
7f50e6715b40e5f871c6,connect,693487406#2r,693487406#3r,"7.4330073,43.7466904",start,end,,,true
7f5b10f43eab363f9e4f,connect,181479773#1f,181479774#1f,"7.4164329,43.7333590",end,start,,,true
7f66c0a0ced8d10621cb,connect,503783368#1f,92627431#1f,"7.4297948,43.7435479",start,end,,,true
7f7dc8eebd342c006cb5,connect,446542427#2f,446542427#2r,"7.4255384,43.7371215",start,end,,,true
7f8e3853101f7340bccb,connect,423632264#2f,503813542#1f,"7.4178089,43.7318525",end,start,,,true
7f98156f548f39ad2a54,connect,4230011#1f,503462467#1f,"7.4268727,43.7416018",start,start,,,true
7f9bb8415c2465145bb4,connect,1203522177#1f,4230099#6r,"7.4368502,43.7502536",end,end,,,true
7fbb15647638fd993ba3,connect,353889383#1f,93207287#1f,"7.4378163,43.7514811",end,start,,,true
7fd9daa6e2db13add695,connect,1449972041#1f,1449972041#2f,"7.4217295,43.7369048",end,start,,,true
7fe14621f2a4b2c4db0c,connect,166399488#2r,166399488#3r,"7.4189151,43.7370478",start,end,,,true
7fe1cc4a084b70599536,connect,4227241#1f,941748458#1f,"7.4229757,43.7323832",start,end,,,true
7ff7e83f74ea07e1ee30,connect,214635115#1f,214635115#2f,"7.4173406,43.7264722",end,start,,,true
7ffcd043dfe5885b790a,connect,200493424#1f,200493424#2f,"7.4188777,43.7276502",end,start,,,true
7ffda180edad8120dea6,connect,1342556413#2r,93137558#5r,"7.4344177,43.7479471",start,end,,,true
80009a752ab005a1992a,connect,4230011#2f,4230011#2r,"7.4269316,43.7415762",start,end,,,true
800f1e7df54b8bdcbcb2,connect,503559464#4r,503559464#5r,"7.4286575,43.7340395",start,end,,,true
801f55f36f8a0faefd1f,connect,1019646822#1r,165636046#4f,"7.4259854,43.7409847",end,end,,,true
802fb90160d1ab172cbb,connect,39839529#2f,39839529#2r,"7.4234851,43.7326198",end,start,,,true
803809179ebf260e5486,connect,25179329#1r,25179329#2f,"7.4289096,43.7414847",start,start,,,true
803ffd56f7d4a0ceb81f,connect,155085120#1r,854880221#2f,"7.4155251,43.7319401",end,start,,,true
8047b4505860e1817c88,connect,143536261#1f,78147638#1f,"7.4194594,43.7388014",start,end,,,true
804fe936c631088e9085,connect,106705723#1f,4229325#2f,"7.4196041,43.7377617",start,end,,,true
8050cfb0ff05ad9636df,connect,1388331350#1f,1388331350#2f,"7.4217683,43.7369071",end,start,,,true
80569ab3a9aebc459293,connect,1342546058#1r,1342546058#2f,"7.4319445,43.7461974",start,start,,,true
80725bfc6d6d49f37c93,connect,157719645#12f,157719645#12r,"7.4306594,43.7454678",end,start,,,true
8072db23ff5471b48869,connect,4230006#1f,809470168#3f,"7.4272971,43.7397122",start,end,,,true
8079a7e9d4f9e904b789,connect,1549110516#4f,1549110516#5f,"7.4125938,43.7302884",end,start,,,true
80896ac62133d2929d61,connect,1079489484#1f,1079489485#1f,"7.4181029,43.7352288",end,start,,,true
80ace09854121ad987c1,connect,4230011#5r,4230011#6r,"7.4274806,43.7404301",start,end,,,true
80bcc1b3dbaa355bc953,connect,261740025#1r,446530365#4f,"7.4141701,43.7280669",start,end,,,true
80bd000dc9aff577c78a,connect,166149542#1r,166149542#2f,"7.4170825,43.7348242",start,start,,,true
80c7d67b83a0f099a7e4,connect,1549110517#2f,1549110517#3r,"7.4128290,43.7307614",end,end,,,true
80d031fd3fed9ea66f30,connect,1202747622#2f,1202747622#2r,"7.4180507,43.7272654",end,start,,,true
80db387c67971adf86ae,connect,158215191#1r,158215191#2r,"7.4177413,43.7282457",start,end,,,true
80dfe5c785a9995605a2,connect,1034851195#1f,1034851195#2r,"7.4289583,43.7421789",end,end,,,true
80e3ed1f0db3a7e89508,connect,1086377394#1f,503471324#1f,"7.4373008,43.7490695",start,end,,,true
80e458202aa1d96aa5c8,connect,181479771#3f,336130958#1f,"7.4158135,43.7353199",end,start,,,true
80e68591bb13e84d9fed,connect,177052168#1f,177052168#1r,"7.4176073,43.7274902",start,end,,,true
80e95c93a39f5d16bb8b,connect,93137558#2f,93137558#3r,"7.4328605,43.7470233",end,end,,,true
80f07367290f82ed112d,connect,157719647#4f,157719647#5f,"7.4249268,43.7393895",end,start,,,true
80f09cbe287b9f9a8fdd,connect,177052556#1f,503702166#1f,"7.4175135,43.7294517",start,start,,,true
80f9beebbe23b541c95d,connect,176527122#1f,176527122#2f,"7.4156561,43.7263635",end,start,,,true
80fb0d19df4d829cbe80,connect,1146071897#1f,1233853668#3r,"7.4150352,43.7343461",end,end,,,true
81011206f12722b57c46,connect,106705723#1f,4229325#2r,"7.4196041,43.7377617",start,start,,,true
8103f0c5b6a78ce1a58e,connect,177590092#1f,177590092#1r,"7.4284206,43.7424626",start,end,,,true
810b7010f3085a4ed2a2,connect,95825511#3f,95825511#4f,"7.4264642,43.7386075",end,start,,,true
81120cc993e24221743c,connect,182700005#1f,503462466#3f,"7.4338132,43.7471700",start,start,,,true
8114e013aa0443eea628,connect,167625726#2f,167625740#1f,"7.4236539,43.7308468",end,start,,,true
8120db5210b79c3c7125,connect,1297328848#1f,155085119#4f,"7.4145808,43.7349185",end,end,,,true
81243dd32473f4646081,connect,693487406#2r,693487406#3f,"7.4330073,43.7466904",start,start,,,true
813173afda7341e34268,connect,1058067233#1f,158189831#3f,"7.4104454,43.7289048",start,end,,,true
8132889b871d547959f4,connect,1452797915#2f,1452797915#2r,"7.4322096,43.7458844",end,start,,,true
81377d4a6e7a573d6637,connect,1202747622#1r,1202747623#1r,"7.4183021,43.7272339",end,start,,,true
813f377a1ab688a9423e,connect,159170450#1f,159170450#1r,"7.4177034,43.7328346",start,end,,,true
81411fdc5d425efc0a17,connect,31900611#3f,31900611#4f,"7.4224410,43.7346741",end,start,,,true
81476a64f7183ad91ff4,connect,165636031#1f,165636031#2r,"7.4232442,43.7319150",end,end,,,true
814d56bdc9debcb28d4c,connect,168959163#1f,33749607#1r,"7.4175017,43.7349718",start,end,,,true
816a31b56eb6a84c3133,connect,120062666#1f,120062666#1r,"7.4202911,43.7376732",end,start,,,true
816bfbe6120ceba21f21,connect,254596870#1f,254596870#2f,"7.4174145,43.7341601",end,start,,,true
817f31608614a67f8b4d,connect,4229325#2f,4229325#2r,"7.4196041,43.7377617",end,start,,,true
818d7130443b0566318f,connect,128273233#1r,4230105#3f,"7.4334951,43.7488339",end,end,,,true
818ea347e02ace03cecc,connect,1233853668#3f,181479771#1f,"7.4150835,43.7344132",end,start,,,true
8196e8aa46ad2d85f0e4,connect,1452797915#1f,1452797915#2f,"7.4321230,43.7459177",end,start,,,true
819bc61cb0220495396e,connect,1202361416#1f,1202361416#2r,"7.4247199,43.7391431",end,end,,,true
81ae943628b9b05d1135,connect,176334445#3f,4098197#4f,"7.4321389,43.7478505",end,end,,,true
81bcf89984ef1c9d41c2,connect,176336376#3f,176336376#4f,"7.4232075,43.7405965",end,start,,,true
81c7080412c355310be3,connect,278143566#1f,446530365#3f,"7.4142897,43.7281543",start,end,,,true
81dc540e5365eba8208d,connect,39839529#1f,941748458#1f,"7.4229757,43.7323832",start,end,,,true
81def4480ea7f014acb5,connect,155085120#1r,155085120#2f,"7.4153902,43.7320364",start,start,,,true
81e5a026ab2ab55f2822,connect,161887494#2r,4227216#4f,"7.4251814,43.7330313",start,end,,,true
81ee7d30f84376498475,connect,158215176#1f,158215176#1r,"7.4180507,43.7272654",start,end,,,true
81f2c0757421c4d55c71,connect,1342546092#3f,503638814#2f,"7.4369557,43.7498418",end,end,,,true
81f4700ff3de643deb3f,connect,503783375#1f,93137578#2f,"7.4315599,43.7462686",start,end,,,true
81f776191425fa0da1d3,connect,586268005#1f,586268005#2f,"7.4236033,43.7373154",end,start,,,true
81f9ede173a3fb3e93ef,connect,1314186412#2f,1314186412#2r,"7.4183968,43.7363903",start,end,,,true
820b2b58fb3090ea0821,connect,4230011#5f,4230011#5r,"7.4274367,43.7404503",start,end,,,true
820f0c466cfbed9e98d8,connect,165636031#1f,165636031#1r,"7.4232442,43.7319150",end,start,,,true
820fe3f247c14ad5a219,connect,689855607#1f,689855607#1r,"7.4191759,43.7388562",start,end,,,true
821497928c30975be382,connect,176760116#1f,176760116#1r,"7.4352112,43.7484063",end,start,,,true
8217dddc3d28976d631d,connect,67923339#1f,67923339#2r,"7.4154533,43.7357599",end,end,,,true
821b737e4a3caf9e9736,connect,788120422#1f,982061461#1r,"7.4248856,43.7408323",start,start,,,true
82205c57e8b8e8c7ba79,connect,167086183#1f,167086183#1r,"7.4190184,43.7351944",start,end,,,true
8224e6b782cf8b255f14,connect,1082281156#1r,1082281156#2r,"7.4176213,43.7261807",start,end,,,true
82334a59b0d64bbf95a5,connect,840345537#1f,840345537#1r,"7.4267118,43.7427869",end,start,,,true
823954e2e99905a366f3,connect,1342546092#3f,503638814#3r,"7.4369557,43.7498418",end,end,,,true
82412854ac5e464d4d42,connect,166399489#2f,177045626#1f,"7.4176890,43.7371797",end,start,,,true
8245c998e08d34f53236,connect,1443764723#2f,176334442#1r,"7.4334983,43.7484416",end,end,,,true
825606613b377e7df948,connect,4230099#9f,4230099#9r,"7.4362781,43.7494769",end,start,,,true
8267c52eaec4421e453f,connect,1019646823#2r,435062251#1f,"7.4106015,43.7310737",start,end,,,true
827831ddb0dcbbebe398,connect,1024523796#1r,1024523797#1f,"7.4290575,43.7337991",start,start,,,true
827e2b759c959592011c,connect,93137558#5f,93137558#5r,"7.4344177,43.7479471",start,end,,,true
82812de86e6f1da8e95e,connect,850261602#5f,850261602#6f,"7.4286979,43.7404329",end,start,,,true
8288f82ea00347ffc596,connect,176774263#2f,176774263#3f,"7.4220781,43.7322379",end,start,,,true
828f7aff866bfc3d3f17,connect,158215184#7f,503462475#3f,"7.4180060,43.7283180",end,end,,,true
82923e88bd0154b72b83,connect,850261580#2f,850261580#2r,"7.4255193,43.7315902",start,end,,,true
8294fb8b2154bd2f9191,connect,1443764724#2r,1443870918#1f,"7.4357049,43.7490716",start,start,,,true
82954d8b6b91d191aa73,connect,4230011#6f,4230011#7r,"7.4276726,43.7402742",end,end,,,true
82a3a3225483d6ba64c4,connect,156188798#1r,156772047#7f,"7.4289548,43.7388035",start,start,,,true
82ae925da9e2fa503c28,connect,177232619#1f,177232619#2f,"7.4255859,43.7402575",end,start,,,true
82bed726f3b22f9501a3,connect,176510129#1f,4229329#1f,"7.4192151,43.7383443",end,end,,,true
82ce4b5cc43d57a47f38,connect,176321050#1f,176321050#1r,"7.4231469,43.7385008",start,end,,,true
82d24681a3a3ebf176b9,connect,1549110518#1f,92627436#1r,"7.4125571,43.7303843",start,start,,,true
82d5e72c5de649c04387,connect,849737743#1r,849737743#2f,"7.4179701,43.7288111",start,start,,,true
82d6d5887c6e847f3794,connect,503462466#5f,50501898#1f,"7.4332520,43.7468076",start,start,,,true
82dc98c2f4fc4c20e2bd,connect,176752959#1f,254596489#1r,"7.4225362,43.7375949",start,start,,,true
830dab335204ce85696d,connect,1202361416#1f,1202361416#1r,"7.4247015,43.7391489",start,end,,,true
830f7faa5bc0069ab3a3,connect,1449972056#1f,1449972058#1f,"7.4134629,43.7319042",end,start,,,true
8316cda8beded37153bd,connect,4230113#4f,4230118#1f,"7.4307478,43.7476953",end,start,,,true
8318dc56d792e5426c56,connect,690914540#1r,690914541#1f,"7.4139682,43.7275899",end,end,,,true
831b41f8da3f10d5376b,connect,157719642#2f,656826921#1f,"7.4243790,43.7401224",end,end,,,true
8327beed879f6b75d350,connect,93137627#1f,93137627#1r,"7.4279512,43.7385330",end,start,,,true
832b006d2f8dbce475aa,connect,4230122#2r,4230122#3f,"7.4301502,43.7463481",start,start,,,true
832bde2540e5258ef229,connect,1079489485#1f,1079489487#1f,"7.4181580,43.7351970",end,start,,,true
833b89e105213e8e31a9,connect,159170517#1f,8352246#5f,"7.4194465,43.7352804",start,start,,,true
833da01bd1d7d42c3b57,connect,164338219#3f,4227209#2r,"7.4241358,43.7312799",end,start,,,true
83421133147910969fe3,connect,4230006#1f,4230009#1f,"7.4272971,43.7397122",start,end,,,true
8353b670c61c5ce5c9ec,connect,4230118#1f,4230118#1r,"7.4307104,43.7475120",end,start,,,true
835ba48c4fbad6a26f43,connect,1443764723#2f,1443764723#2r,"7.4326452,43.7478930",start,end,,,true
835bc897a074ea01e236,connect,167625737#1f,167625738#2f,"7.4212789,43.7326409",end,end,,,true
835f92f30e49167c7ac2,connect,850230914#2f,850230914#3f,"7.4213454,43.7308167",end,start,,,true
8365d378602eb37371ce,connect,181479771#6f,181479771#6r,"7.4162287,43.7356587",start,end,,,true
8368105d59a58fcae91c,connect,1148675745#1f,200499288#2f,"7.4295273,43.7409524",start,end,,,true
8370109d847a44cf40c7,connect,4230011#2f,4230011#3r,"7.4270609,43.7406136",end,end,,,true
837ee153a477472484af,connect,93137627#1f,93137627#2f,"7.4279512,43.7385330",end,start,,,true
83837e2c920c3d9363cc,connect,850261602#3f,850261602#3r,"7.4292591,43.7401434",end,start,,,true
838508551e8a5642411e,connect,182700007#1f,93137573#1r,"7.4343823,43.7473934",end,end,,,true
8389e4ca0650e06b3254,connect,1453165194#1r,166399486#1f,"7.4129634,43.7308102",end,end,,,true
838bb11bc1a94f185d7c,connect,158007921#1f,158007923#1r,"7.4274432,43.7317538",start,end,,,true
8391a886950ca6c8a956,connect,166399478#3f,166399478#3r,"7.4177071,43.7293685",start,end,,,true
8393c3abab84e7a0f699,connect,1079489484#2f,1079489486#1f,"7.4181029,43.7352288",start,end,,,true
839d251bffd11f95816d,connect,4227212#1f,503559459#1f,"7.4249790,43.7315062",start,end,,,true
83a3417aec1f1358f0de,connect,690914542#1r,690914542#2f,"7.4140690,43.7275875",start,start,,,true
83b65fa414b3926e4090,connect,158189830#1r,158189830#2r,"7.4104470,43.7291430",start,end,,,true
83c3713bd4f2df2e28cd,connect,39839529#1r,39839529#2f,"7.4230516,43.7323963",start,start,,,true
83c711101fb284073356,connect,503434360#1f,94400151#2f,"7.4166224,43.7357588",start,end,,,true
83d5b486b6fa7ad62960,connect,1230398878#1f,1230398878#1r,"7.4382863,43.7496931",start,end,,,true
83df579fe8a256302f3e,connect,176577460#1r,39839531#5f,"7.4143945,43.7289873",end,end,,,true
83e2d344d1f480463720,connect,165636046#1f,165636046#2r,"7.4257024,43.7406200",end,end,,,true
83e4b3c37f4ee9aed81e,connect,166558481#2f,176774211#2f,"7.4222734,43.7322074",start,end,,,true
83ebfb3381cbec33d7c5,connect,1238339145#2f,1238339145#3f,"7.4318299,43.7450893",end,start,,,true
83f2f9e446c783ac9bf8,connect,166399478#7f,166399478#7r,"7.4179191,43.7284751",end,start,,,true
83f39a91e2963e4f07fa,connect,1342546060#1r,693487406#3f,"7.4329682,43.7466976",start,end,,,true
83f9669469c364e0d81f,connect,4229893#3f,941748458#1f,"7.4227135,43.7324118",end,start,,,true
8403bfba8269f813c009,connect,353889165#1f,93209287#1f,"7.4382463,43.7513515",start,end,,,true
8418d7f255706c680bee,connect,1410590314#1f,1410590314#1r,"7.4141396,43.7345609",start,end,,,true
841a4db12101ee0a65a1,connect,167625751#1f,503434372#2f,"7.4173459,43.7302730",start,end,,,true
84225f4512d4b6c49ef4,connect,177052556#1f,503702167#2f,"7.4175135,43.7294517",start,end,,,true
84343b8d2aabf4e6c96d,connect,4230891#3f,4230891#3r,"7.4294579,43.7386365",start,end,,,true
84372573540feed13bf5,connect,182692350#1f,182692350#1r,"7.4148737,43.7284100",end,start,,,true
8437d56f256a1380666e,connect,1453165194#1r,166399486#2r,"7.4129634,43.7308102",end,end,,,true
844107449e31da90ed66,connect,778744698#4r,850261601#2r,"7.4293375,43.7394790",start,start,,,true
8444167f060425097d7e,connect,200502086#2r,586508238#2f,"7.4246154,43.7395901",end,end,,,true
844b9fb117ff9fc28ca3,connect,834185360#1f,834185360#1r,"7.4267973,43.7321468",start,end,,,true
844bd7c24c2b7da3319a,connect,4230011#4r,4230011#5f,"7.4274367,43.7404503",start,start,,,true
8456f545e32d40aec51a,connect,1024523794#1f,1024523795#1f,"7.4298133,43.7344712",end,start,,,true
8475b98fe33f3daf7462,connect,161887494#1f,161887494#1r,"7.4267295,43.7331734",end,start,,,true
847c886d154ad1635e40,connect,664388473#1f,664388473#1r,"7.4385587,43.7490135",end,start,,,true
84855eb1c260441c2426,connect,308214646#2f,778494662#1f,"7.4269356,43.7394178",start,end,,,true
8487faa29974c39e8639,connect,158007891#1f,158007891#1r,"7.4085964,43.7291010",start,end,,,true
84ac1aafbe201375d2ec,connect,166399478#6r,849737743#2r,"7.4179020,43.7288018",end,start,,,true
84b531b6e6334751d7c0,connect,164338247#1f,164338247#1r,"7.4284853,43.7421636",start,end,,,true
84bba0718f83010983ad,connect,1034851195#1r,161752639#1f,"7.4289072,43.7416370",end,start,,,true
84bcdd654c7e3615b098,connect,120062663#2f,176510131#1f,"7.4181306,43.7346635",start,end,,,true
84d231a441537c58491a,connect,317925725#2f,317925725#2r,"7.4144363,43.7338298",start,end,,,true
84e6d302071b78f42a10,connect,446530366#1f,446530366#1r,"7.4145009,43.7283086",start,end,,,true
84fa042496dae1df9427,connect,143536279#2f,788197746#1f,"7.4191578,43.7385350",end,end,,,true
850d61a73324b19076ee,connect,176674531#2f,840101178#1r,"7.4212270,43.7331634",start,start,,,true
850e5031eff305752edc,connect,177232619#5f,177232619#6f,"7.4267574,43.7396232",end,start,,,true
85120d9dabcc73012b53,connect,158189830#2r,943330853#1f,"7.4104470,43.7291430",end,start,,,true
851453e01a4898b577b2,connect,4098197#4r,423826027#1f,"7.4321389,43.7478505",start,start,,,true
851749a3462888cc2f1d,connect,981971425#1r,981971425#2r,"7.4313239,43.7482224",start,end,,,true
851e6e0adc3b20004fe9,connect,226201294#1f,446542427#3r,"7.4268130,43.7371633",start,start,,,true
8525f7a46e6803d5732f,connect,166399501#1r,166399501#2r,"7.4278912,43.7403036",start,end,,,true
852bb52bf184c9f2808a,connect,1019174509#1f,159170522#1f,"7.4185417,43.7342778",start,start,,,true
852f51e1bd799b1038b1,connect,165636046#1r,166009791#1f,"7.4256731,43.7405657",end,end,,,true
85377c762adb660e25c0,connect,167625727#10f,167625727#11f,"7.4185734,43.7290191",end,start,,,true
8544d13a0ac56b4a002d,connect,1410590320#1f,25739583#1f,"7.4129924,43.7334210",end,end,,,true
854f6b2979f2c62e4157,connect,1342556413#2f,1342556413#2r,"7.4343787,43.7479782",start,end,,,true
85514a867eda6e500017,connect,503447059#1f,503447059#2r,"7.4193306,43.7323746",end,end,,,true
8556406be5ea9e4788dd,connect,166399487#1f,503434355#2f,"7.4153492,43.7333324",start,end,,,true
855b3a46616589b50223,connect,166399477#1f,176527122#2f,"7.4157810,43.7264182",start,end,,,true
855ea14813da94d5eb99,connect,834313093#1r,834313093#2r,"7.4270827,43.7326238",start,end,,,true
856d6a7aac7e1ae6b2dd,connect,214635117#7f,214635117#8f,"7.4184894,43.7255194",end,start,,,true
8574f8f40a4f0dbeef8b,connect,1082281156#2r,214635117#3r,"7.4175843,43.7261424",start,end,,,true
858a46c2cbf9d858c0a3,connect,159170496#1f,164338230#1f,"7.4197734,43.7336922",start,start,,,true
859b0e6653363d3ef20b,connect,503462468#1f,93137635#1f,"7.4339575,43.7470554",end,end,,,true
85a61227ddf9c91caa0b,connect,177590090#1r,177590090#2r,"7.4284800,43.7424501",start,end,,,true
85bfe5da45faa2db5e58,connect,176577460#4f,176577460#5f,"7.4139032,43.7293663",end,start,,,true
85d60bcf4d12600dc740,connect,167625727#15f,167625727#16f,"7.4194479,43.7285874",end,start,,,true
85ddab676eb0bc19f508,connect,879995944#1f,879995944#1r,"7.4265215,43.7377194",start,end,,,true
85ddcb8d9f29824dec46,connect,161882795#2f,168681959#1f,"7.4222840,43.7327621",end,end,,,true
85efbee68427f0249942,connect,161882796#3f,850261592#1f,"7.4206344,43.7344142",end,end,,,true
85f3dc7d3bc77ce3b1cf,connect,166149542#6f,166149542#6r,"7.4197104,43.7369463",start,end,,,true
85f82dc266224be3825d,connect,1034851195#2f,1034851195#2r,"7.4290896,43.7424355",end,start,,,true
85fed17ae680ae2d7a17,connect,93137575#1r,93137589#1f,"7.4316697,43.7450773",end,start,,,true
8600e8b4b91e17e631e9,connect,778744698#3r,778744698#4r,"7.4292809,43.7394338",start,end,,,true
860c48fe749204ff3917,connect,1342546064#4f,93137558#1r,"7.4326049,43.7468759",end,start,,,true
8614c64b53b6d46ac345,connect,4227233#1f,4227233#1r,"7.4273553,43.7329696",start,end,,,true
861730bc201fb880cd6e,connect,448285212#1f,503090215#1f,"7.4125771,43.7291392",end,start,,,true
862559385cf6ebb18226,connect,176130562#2f,448186712#1f,"7.4174451,43.7280910",end,start,,,true
863ab424dea4e0c4f334,connect,1034247204#1r,128273232#1r,"7.4362781,43.7494769",end,start,,,true
863f22426334fadd8afb,connect,1549110515#2r,1549110515#3r,"7.4111145,43.7296599",start,end,,,true
865237bf1e0e6fcc1336,connect,1342546111#1r,1342546111#2f,"7.4300201,43.7443380",start,start,,,true
865d01458090d7d76dff,connect,161887494#2f,161887494#2r,"7.4251814,43.7330313",end,start,,,true
8661dbf47cc31e42ee71,connect,1435532403#1f,1435532404#1f,"7.4381819,43.7497358",start,end,,,true
867bca5877525ff42396,connect,334368435#1r,982061461#1f,"7.4246341,43.7409699",end,start,,,true
86bbb7479f51a64072a8,connect,485746484#1f,503475642#1f,"7.4230269,43.7368624",start,start,,,true
86beb6c5ac345bfadd26,connect,4097656#1f,4097656#2f,"7.4258325,43.7390187",end,start,,,true
86ce2f83a0354a50570a,connect,158215184#4f,158215184#4r,"7.4185546,43.7281517",end,start,,,true
86d2852ae72cfa39efc2,connect,308214646#2r,778494662#1f,"7.4269356,43.7394178",end,end,,,true
86d305c90633a1d88bf8,connect,93137596#1f,93137596#2f,"7.4306883,43.7453008",end,start,,,true
86dbf80438ccd08725fb,connect,1024523796#1f,78141881#1f,"7.4285870,43.7333887",start,end,,,true
86faf0f1523a4ec52b5f,connect,155085119#3f,155085119#3r,"7.4150328,43.7351033",end,start,,,true
86fdbcd5e1827e7848f8,connect,423632264#1r,423632264#2f,"7.4176953,43.7318119",start,start,,,true
8708b8c1922d54092bb7,connect,4230006#3f,4230006#3r,"7.4274959,43.7399103",start,end,,,true
870b2bb2da8ca9f97fdf,connect,503783373#1f,503783373#1r,"7.4319668,43.7465094",end,start,,,true
8718a3bb00a22aa9ea60,connect,1082312612#1f,92627406#2r,"7.4195101,43.7276397",start,start,,,true
8723fbba63ffa8ddaa41,connect,1202730135#1f,181479772#1f,"7.4135748,43.7315009",start,end,,,true
87263d8921b5f636e2db,connect,1327492338#1f,176082026#1f,"7.4169075,43.7321053",start,end,,,true
873c3455286886736d55,connect,720165108#1f,720165108#1r,"7.4233775,43.7407979",end,start,,,true
876215141415327b7b44,connect,166856356#1f,4230119#1f,"7.4296109,43.7466980",end,start,,,true
876956899ca50bb09f5e,connect,1034247203#1f,338900930#1f,"7.4353103,43.7493880",end,start,,,true
876ec75f8dda8797b616,connect,503813537#1f,694608613#1f,"7.4189051,43.7324080",end,end,,,true
878376166e475ad976f3,connect,317925725#1r,688744912#1f,"7.4144363,43.7338298",start,start,,,true
87ae8ddf754b6d7fe169,connect,161885378#2r,4227216#3r,"7.4245672,43.7329107",start,end,,,true
87b763bffc5aadd088db,connect,166399501#1r,4230011#7f,"7.4277541,43.7401666",end,end,,,true
87b9ecacc4a51b4a186c,connect,687577826#1f,687577826#1r,"7.4224586,43.7298939",start,end,,,true
87c8d28fcd712dc88c3e,connect,167625739#3f,167625739#3r,"7.4157416,43.7299772",start,end,,,true
87cd49975d727c0c88b5,connect,879995944#1f,879995944#1r,"7.4267700,43.7377594",end,start,,,true
87d6392d1d4933bc1cb7,connect,4229658#1f,4230009#1f,"7.4271748,43.7394883",start,start,,,true
87e0558df83b90562e17,connect,503475663#1f,503475665#1f,"7.4135927,43.7272113",start,end,,,true
880966849d09c2a5cd4f,connect,503434359#1f,94400151#1f,"7.4167605,43.7358560",end,start,,,true
880f448c7712de0c0dd7,connect,690914551#1f,690914551#2f,"7.4164206,43.7295679",end,start,,,true
88108c8f49fa217b5410,connect,200502086#4r,586508238#1f,"7.4244523,43.7396163",end,start,,,true
8815d2165bec71c447e7,connect,106705725#1f,177587135#1f,"7.4192188,43.7384612",start,end,,,true
881a92c3595cb73ad44e,connect,176336114#2f,982081599#3f,"7.4230327,43.7384802",start,end,,,true
881ee3c2a22c3e2699c8,connect,448285212#1f,448285212#1r,"7.4125771,43.7291392",end,start,,,true
8825c63c09afbb2a6072,connect,156772047#8f,156772047#9f,"7.4291695,43.7390118",end,start,,,true
88324bfd142dfc8ab74a,connect,254596486#2f,254596486#2r,"7.4251862,43.7375256",start,end,,,true
88366ec8e7c9035e0108,connect,1131276187#1f,166643410#1f,"7.4180580,43.7343652",start,start,,,true
8844aa477961e0d22d0a,connect,503783368#1f,92627405#1r,"7.4297212,43.7427919",end,end,,,true
884e74333a1847cb2edc,connect,4227216#1f,766768153#6r,"7.4234484,43.7326800",start,start,,,true
885852ff2d90107ce22f,connect,200502086#1f,4229577#3f,"7.4248562,43.7396267",start,end,,,true
8859914f58f00685f33a,connect,1203522177#1f,4230099#5f,"7.4368502,43.7502536",end,end,,,true
886be9d3447a659e629f,connect,164338222#1f,164338222#2r,"7.4275917,43.7330544",end,end,,,true
886fa4af4899716312f3,connect,503475642#3f,503475642#3r,"7.4217790,43.7355741",end,start,,,true
88757c977792aa82ef3e,connect,1549110515#3r,503434364#1f,"7.4106261,43.7292783",start,start,,,true
88797b68037feb790cb8,connect,157719645#12r,93137591#2f,"7.4306594,43.7454678",start,start,,,true
887d0d09f7a5459bc537,connect,788120420#1f,788120420#2f,"7.4239983,43.7399942",end,start,,,true
8883f801098413328177,connect,158215197#2f,158215197#2r,"7.4185219,43.7255404",start,end,,,true
8885b1137fa8c1353307,connect,68814578#1f,788626643#1f,"7.4173557,43.7372467",start,end,,,true
8885f40c88d60eedca93,connect,158215191#2r,158215191#3f,"7.4175433,43.7282122",start,start,,,true
888e3b4e8bb7406b5b3d,connect,4229900#1f,503462460#1f,"7.4168143,43.7298244",end,start,,,true
889d2d75222f06c08f6c,connect,1230247123#1f,1230247123#1r,"7.4279727,43.7377783",start,end,,,true
88af02ead1da15513a2d,connect,503447058#1f,503447059#1r,"7.4192355,43.7323981",start,end,,,true
88d5bc28dc40951003ea,connect,167625737#2f,167625738#2f,"7.4212789,43.7326409",start,end,,,true
88f34e479f25ee77a794,connect,176336377#1r,176336377#2f,"7.4222326,43.7411456",start,start,,,true
88fae07bc80142d6dffc,connect,4230007#2f,568187257#1r,"7.4297349,43.7403489",end,end,,,true
88fe4d4f905e19807be9,connect,176333307#4f,176333307#4r,"7.4292417,43.7449588",end,start,,,true
8907bc80e2f78312c7d6,connect,778494667#1f,778494667#2f,"7.4264752,43.7396409",end,start,,,true
8907bd571630de2e19fc,connect,158007908#1f,158007908#1r,"7.4279534,43.7325962",start,end,,,true
891aa44fc41560bae5d5,connect,1082312613#1f,92627406#5r,"7.4197532,43.7275894",start,end,,,true
891b569f33ac0195ece6,connect,161748259#1f,568187257#4r,"7.4289249,43.7410938",start,start,,,true
891f336daf678a138b28,connect,4227233#1f,4227233#1r,"7.4275506,43.7329977",end,start,,,true
8925f5bba67a8e26f3a3,connect,161887489#1f,503559464#4f,"7.4284596,43.7339317",end,start,,,true
893ee386536b8d38dc55,connect,254596488#1f,503783369#1f,"7.4301941,43.7443870",start,start,,,true
894858bbc3fd19a48f4e,connect,169297863#2r,712182870#1r,"7.4259768,43.7326576",start,end,,,true
895145f2b92c6bc45260,connect,1146071897#1r,1233853668#2f,"7.4149386,43.7342219",end,start,,,true
895248b87bf23f399b52,connect,155085116#1f,854880222#1r,"7.4165016,43.7326972",start,end,,,true
89531dd4386390ca2066,connect,503434359#1f,503434363#2f,"7.4168105,43.7358181",start,end,,,true
89601bde752944fb1f12,connect,1019174509#1f,1019174509#2f,"7.4184945,43.7341684",end,start,,,true
8969dbc49741fac6e448,connect,1233853668#1f,1233853668#2r,"7.4149386,43.7342219",end,end,,,true
896b087f1a8194b52c7d,connect,39839529#3f,766768153#6f,"7.4234484,43.7326800",end,end,,,true
8979ee97812fc4ab5ae1,connect,78147639#1f,78147639#1r,"7.4274531,43.7317736",end,start,,,true
897f779d7b7164254e36,connect,261740026#2f,503462461#2f,"7.4151455,43.7286267",end,start,,,true
898902328e3ab624c344,connect,176321050#1r,176321050#2r,"7.4236117,43.7386150",start,end,,,true
89a35e9479224885842c,connect,1008869954#1f,322963972#1f,"7.4176121,43.7378812",end,start,,,true
89a526b5012148e44380,connect,1319454161#1f,854880221#4f,"7.4163111,43.7325344",start,end,,,true
89ae7caad86af874f8bf,connect,688744912#1f,688744912#1r,"7.4144363,43.7338298",start,end,,,true
89b073900b9da9f655c4,connect,168104494#1f,168104494#2f,"7.4221988,43.7273695",end,start,,,true
89b47912d637990dba88,connect,161775592#1f,93137627#1f,"7.4278737,43.7384786",end,start,,,true
89b7d84a5a0cf0868e2e,connect,157719644#2r,157719644#3f,"7.4236281,43.7372681",start,start,,,true
89be1752165e05234c20,connect,214635115#2r,849737729#1f,"7.4175669,43.7265452",start,start,,,true
89c32b58c924bf92a4fc,connect,834616138#2f,834616138#2r,"7.4204732,43.7267528",end,start,,,true
89d48c10fd8baee55ff4,connect,166399478#8f,166399478#8r,"7.4179289,43.7284198",end,start,,,true
89da5a71b26ec765c17f,connect,568187257#2r,568187257#3r,"7.4291921,43.7406247",start,end,,,true
89de50faa1eb43f554aa,connect,167625743#1f,4224972#2f,"7.4172044,43.7298528",end,end,,,true
89e5a4c3a8959e0b3f2b,connect,157719645#10f,157719645#10r,"7.4297334,43.7447533",end,start,,,true
89e76b8996fda51243ca,connect,503550469#1f,503550471#1f,"7.4190775,43.7372207",start,end,,,true
89f05b9278af152dc009,connect,423632264#1r,423632264#2r,"7.4176953,43.7318119",start,end,,,true
89f0dc0fd21be900d12d,connect,166399488#3f,166399488#3r,"7.4189151,43.7370478",start,end,,,true
8a0151eaa96145dcae23,connect,200502710#1f,4097656#3r,"7.4256829,43.7393282",start,start,,,true
8a03290b8b0885b228d4,connect,1319454161#1r,1319454162#1f,"7.4163111,43.7325344",end,start,,,true
8a07f27d5afc6a0682a7,connect,157719698#4f,157719701#1f,"7.4261788,43.7403164",start,end,,,true
8a100090a63306898852,connect,176774211#1r,176774211#2f,"7.4220781,43.7322379",start,start,,,true
8a12706c77e2d5e2a4c2,connect,1342556412#2f,1342556412#3f,"7.4342780,43.7481281",end,start,,,true
8a1466b4ebd2edc9aa7f,connect,157719669#2f,176336377#1f,"7.4233784,43.7414254",start,start,,,true
8a18fcbfe29f99151b3e,connect,214636589#3f,31900611#1r,"7.4223501,43.7345465",start,end,,,true
8a1977949a106ff50a82,connect,92627431#1f,92627431#1r,"7.4297948,43.7435479",end,start,,,true
8a1f8f9b69efa8e6ed11,connect,1452797914#1r,1452797914#2f,"7.4316187,43.7459440",start,start,,,true
8a20429fd220f0a07ab1,connect,159170452#1f,503447058#1f,"7.4192355,43.7323981",end,start,,,true
8a252fc0ab3b3b7fbd69,connect,850261601#3f,850261601#3r,"7.4293375,43.7394790",start,end,,,true
8a2a78813c17d56e1fa9,connect,834185366#2f,834185366#2r,"7.4261756,43.7317958",start,end,,,true
8a2d302a3ab32979bec7,connect,4098197#3r,4098197#4r,"7.4317353,43.7475492",start,end,,,true
8a2d9c1bc5ec889271b2,connect,4230097#2f,4230100#1r,"7.4352878,43.7499395",start,end,,,true
8a3dd390de576202842f,connect,1203849334#2f,262902069#2f,"7.4204923,43.7349268",end,start,,,true
8a5046da625f9b39f73e,connect,1470365904#1f,176085755#2f,"7.4300925,43.7411040",end,end,,,true
8a53dce493ac705be3b0,connect,1453165194#1f,166399486#1r,"7.4129634,43.7308102",start,start,,,true
8a55dbadbdead4e98ded,connect,177049248#2f,177049248#3f,"7.4190091,43.7257018",end,start,,,true
8a5e9c2936df18cd6018,connect,1453165194#1r,166399486#1r,"7.4129634,43.7308102",end,start,,,true
8a795c81aad03113cb07,connect,1549110515#1f,1549110515#1r,"7.4112609,43.7297615",end,start,,,true
8a7d9fdcfcee3554e797,connect,200502086#3r,586508238#1f,"7.4244523,43.7396163",start,start,,,true
8a86ccc85b4b450f83d3,connect,1202361379#1f,4230006#1f,"7.4274015,43.7398154",end,end,,,true
8a8bf8bec1161d92dc2f,connect,155085109#1f,503434369#1f,"7.4136512,43.7333427",end,start,,,true
8a99247b483afe912930,connect,177232619#7f,308214646#2f,"7.4270648,43.7394705",end,end,,,true
8a9d6b18f19578691c72,connect,157719698#1f,809470168#3f,"7.4272971,43.7397122",start,end,,,true
8a9f1845687b2d7b73e6,connect,157719641#1r,157719662#1f,"7.4234104,43.7404968",start,start,,,true
8aa12d7981ac72ee9d19,connect,254596487#1f,254596487#1r,"7.4298880,43.7402056",end,start,,,true
8ab0d54a93ea4890f846,connect,353889383#1f,93207288#1f,"7.4378163,43.7514811",end,end,,,true
8ab5e9fdf74b43ded504,connect,1019646822#1f,1019646822#1r,"7.4259854,43.7409847",start,end,,,true
8ab738a174390b3a3a3b,connect,165636047#3r,165636047#4r,"7.4294832,43.7454716",start,end,,,true
8abafec1285dc7661b2c,connect,157719653#1f,254596487#1r,"7.4298880,43.7402056",start,start,,,true
8abb35601c80a0f75754,connect,4226740#1f,4227242#1f,"7.4218736,43.7332095",end,end,,,true
8acd2487502907f6c0f6,connect,4227216#3r,93091318#1f,"7.4245672,43.7329107",end,end,,,true
8ad1875abf4ba512a094,connect,177231049#1r,181479771#2f,"7.4154840,43.7349756",end,end,,,true
8ad83bee298ad78cbf4a,connect,446542427#1r,446542427#2f,"7.4255384,43.7371215",start,start,,,true
8adbd715d77bda251514,connect,503783374#1r,93137558#1r,"7.4319668,43.7465094",end,end,,,true
8adca44aaad1b28a0402,connect,690914539#1r,690914539#2r,"7.4136943,43.7273648",start,end,,,true
8ae01f1f820d5560be6f,connect,503475643#2r,503475643#3f,"7.4221934,43.7350629",start,start,,,true
8ae2c3572432af8ce148,connect,176760117#1r,929856547#2r,"7.4367064,43.7490970",end,start,,,true
8aed382142ce2aa2d308,connect,176774263#3f,446540017#1f,"7.4221973,43.7323534",end,start,,,true
8af271574b7e63adc3cf,connect,1452797914#1f,1452797914#1r,"7.4315688,43.7459707",start,end,,,true
8b03ee4b95455c4d5d68,connect,1342546058#2f,1342546059#1r,"7.4319445,43.7461974",start,start,,,true
8b2850dff8b59d5e7eef,connect,4230081#2f,4230081#3f,"7.4375223,43.7503716",end,start,,,true
8b309484c4b427006ecd,connect,164338222#1r,78141881#1f,"7.4280458,43.7332532",end,start,,,true
8b399d724fb8409a66f6,connect,157719662#1f,157719662#2f,"7.4235192,43.7406289",end,start,,,true
8b3b8e4547e32279ffeb,connect,1202730135#1r,1202730135#2f,"7.4136854,43.7315034",start,start,,,true
8b4ec831004c601bc138,connect,176682382#2r,176682384#1r,"7.4125829,43.7285141",end,end,,,true
8b553b6c4633c073c51c,connect,92627406#5f,92627406#6f,"7.4199648,43.7270348",end,start,,,true
8b5eb933056a4ab950d0,connect,24655134#4f,24655134#5f,"7.4296722,43.7416915",end,start,,,true
8b610a56e2f110bbc59c,connect,334368566#1f,334368566#2f,"7.4229508,43.7409775",end,start,,,true
8b654e85063f1b6bd183,connect,176257197#1f,4229900#1f,"7.4167819,43.7299324",start,start,,,true
8b670ef2ff1168839e12,connect,176577460#3f,176577460#4f,"7.4139233,43.7293508",end,start,,,true
8b7800665e8936ad1b0d,connect,1525349447#1f,176334445#3f,"7.4321217,43.7479413",start,start,,,true
8b7a24de1f7fbbdc5271,connect,177590090#2f,177590090#2r,"7.4284800,43.7424501",start,end,,,true
8b7af54718d069b24e12,connect,568187257#4r,568187257#5f,"7.4289249,43.7410938",start,start,,,true
8b7b7c1af3dc46e0af18,connect,688731299#3r,688731312#2f,"7.4143793,43.7324430",end,end,,,true
8b827c25a173e744e46b,connect,78141882#1r,78141882#2r,"7.4212477,43.7370881",start,end,,,true
8b8303b70447ba94d42a,connect,503783377#1f,929856547#1f,"7.4357328,43.7486711",end,start,,,true
8b85ee7dd18c23cd7ca3,connect,25082741#4f,25082741#4r,"7.4247736,43.7371579",start,end,,,true
8b8768ab5e942862a2b1,connect,503475643#2f,503475643#3r,"7.4221934,43.7350629",end,end,,,true
8b876a14e92ac383b2a4,connect,176334441#1r,176334444#1f,"7.4140217,43.7303195",start,start,,,true
8b8aeb1de68d8012bc6f,connect,1449407308#1f,1449407308#1r,"7.4315111,43.7470260",end,start,,,true
8b91cdf9aaef37bcb8eb,connect,4227242#1f,80378485#1f,"7.4221786,43.7322418",start,end,,,true
8b944c00a64d406bcdd1,connect,1082515450#1f,1082515450#1r,"7.4277072,43.7389813",end,start,,,true
8bade5d0e2413664df3f,connect,158189817#1r,158189817#2r,"7.4162353,43.7285095",start,end,,,true
8bb59bb69ea7cae8a048,connect,905452639#1f,941748458#1f,"7.4227135,43.7324118",start,start,,,true
8bb726fc07c8e53dbc21,connect,156772047#9f,156772047#9r,"7.4291695,43.7390118",start,end,,,true
8bb8f35c6a2c8663968a,connect,176333307#3f,176333307#3r,"7.4291934,43.7448512",end,start,,,true
8bbc46f8abe6b5023658,connect,176321050#3f,176321050#4f,"7.4245517,43.7388671",end,start,,,true
8bc060bcd6e8e2e55b21,connect,166399487#3f,177231047#1f,"7.4157229,43.7336596",start,start,,,true
8bc1447ca3f4772e3ee7,connect,929856547#2f,929856547#2r,"7.4362390,43.7488925",start,end,,,true
8bc28bfea6654aaef131,connect,1099877048#2f,1099877048#2r,"7.4374105,43.7502869",end,start,,,true
8bc49ada586d006509ed,connect,158007891#1f,158007891#1r,"7.4091260,43.7300896",end,start,,,true
8bcb6567e236b8cd6832,connect,166399478#4r,166399478#5f,"7.4178639,43.7289802",start,start,,,true
8bccec0f921b57546c80,connect,156780348#1f,156780348#1r,"7.4193676,43.7388641",start,end,,,true
8bcd2ffb9252d0735aa8,connect,176337641#1f,176337641#1r,"7.4156760,43.7367069",start,end,,,true
8be2ed6cd76d281aceab,connect,448285212#1r,503090215#1f,"7.4125771,43.7291392",start,start,,,true
8c036e1a455e258fd848,connect,166399501#3r,166399501#4r,"7.4280619,43.7404648",start,end,,,true
8c04da64af943716a6a3,connect,176085754#1f,254596487#1r,"7.4298880,43.7402056",start,start,,,true
8c0b1cbe9c56ba892549,connect,166399478#1f,166399478#1r,"7.4176125,43.7294974",end,start,,,true
8c0d26fd21ee6ce693f1,connect,35092475#4f,35092475#4r,"7.4267039,43.7379518",start,end,,,true
8c11a7d832c6a5108162,connect,159170492#2f,159170492#3f,"7.4166651,43.7359278",end,start,,,true
8c1dc06e775a8d4b2ed4,connect,1202747623#1f,1202747623#2r,"7.4183021,43.7272339",end,end,,,true
8c24469799027eefb500,connect,31900625#1r,31900636#2r,"7.4232919,43.7347717",start,end,,,true
8c2c5173fa6705fe7023,connect,164338247#4r,164338247#5f,"7.4286447,43.7430751",start,start,,,true
8c4c9f0015d9f15e0862,connect,1549110514#1r,92627436#1f,"7.4111533,43.7300026",start,start,,,true
8c5f0728034e60287b1c,connect,1233828725#1f,4229298#3f,"7.4291388,43.7453498",start,end,,,true
8c60de104963d34c0cb3,connect,1451501763#1f,348019480#2f,"7.4254806,43.7372286",start,end,,,true
8c675f755b67dea78abd,connect,161733292#1r,850261602#6f,"7.4282679,43.7403863",end,end,,,true
8c698b720e2db44ad72f,connect,1326369794#1f,503638814#1r,"7.4367609,43.7496694",end,end,,,true
8c9337d7bf9726cb32fd,connect,200507331#1f,200507331#1r,"7.4144049,43.7278448",end,start,,,true
8c9377e5afa5fedb8237,connect,176774263#1f,423632259#2f,"7.4216703,43.7320447",start,end,,,true
8c9c46dac0110c75b1f1,connect,4230099#4r,4230099#5f,"7.4369421,43.7503705",start,start,,,true
8c9e0ccdb473f6c9f3ac,connect,1034247203#1r,128273232#1r,"7.4353103,43.7493880",start,end,,,true
8ca1b41b57223db20a77,connect,1319454161#1f,1319454161#1r,"7.4162537,43.7325567",end,start,,,true
8ca2c6543398860e8552,connect,1449972043#1r,4227208#2f,"7.4261146,43.7317410",end,end,,,true
8ca80b472308711fdba1,connect,166399478#4f,166399478#5r,"7.4178639,43.7289802",end,end,,,true
8ca8546c5b1ca0383ab1,connect,35092475#5f,35092475#5r,"7.4264265,43.7378776",end,start,,,true
8caa645b4fe2c0519ce7,connect,4098197#1f,4098197#2f,"7.4317445,43.7472776",end,start,,,true
8cb371273093f31ccaec,connect,176085754#1f,254596487#1f,"7.4298880,43.7402056",start,end,,,true
8cbd06fecd9bb4b89389,connect,4230099#4f,4230099#4r,"7.4367151,43.7504595",start,end,,,true
8cc02c1e4ace0a29ccc2,connect,485746484#2f,485746484#3f,"7.4238442,43.7369523",end,start,,,true
8cc35c1be110ecc3e405,connect,159170535#1f,164338230#4r,"7.4197084,43.7340051",start,end,,,true
8cc3c84693585694df6e,connect,212766110#2f,212766110#3f,"7.4137705,43.7273459",end,start,,,true
8cc4bf1b9a27dfca28c5,connect,159170465#1f,94399455#1r,"7.4173020,43.7364794",start,start,,,true
8ccbdbed228c9b93e319,connect,176334445#1f,4230105#1r,"7.4322901,43.7479601",end,end,,,true
8cd679f6a9071e5f526c,connect,4097656#4f,4097656#5f,"7.4252293,43.7396860",end,start,,,true
8cdab722a13eab56a486,connect,158215196#1f,177052555#1r,"7.4194392,43.7281402",end,end,,,true
8ce7b6ce6d98e1307bf2,connect,159170458#1f,854880222#1r,"7.4171323,43.7329167",start,start,,,true
8cec8c209b606ac5e618,connect,792870577#1f,792870577#2f,"7.4250712,43.7410430",end,start,,,true
8cf343a57e1f1f39fd61,connect,158189817#2r,166399491#1f,"7.4155620,43.7285809",start,start,,,true
8cf5be2e58e9436054b7,connect,161887490#1f,161887493#1f,"7.4267599,43.7331798",start,end,,,true
8d012ecbf08c7741b0c9,connect,166399487#2f,166399487#2r,"7.4153778,43.7333725",start,end,,,true
8d01fccf60500f74d5e5,connect,308214646#1r,308214646#2f,"7.4269356,43.7394178",start,start,,,true
8d038fc7c5f2c2be1a5f,connect,1031828867#1f,93207288#1f,"7.4374507,43.7517199",start,start,,,true
8d07bf054effb1e699ff,connect,167625719#1f,687577826#2r,"7.4227580,43.7298507",end,start,,,true
8d08bfb52c391348c12a,connect,201009264#1r,201009264#2f,"7.4131231,43.7301135",start,start,,,true
8d1098c62c050dadcaa0,connect,4227241#1f,4227241#2f,"7.4228660,43.7324203",end,start,,,true
8d12855903bf7fe6df06,connect,39839529#2f,39839529#3r,"7.4234851,43.7326198",end,end,,,true
8d3d17065219a9c6e1dd,connect,157719646#1f,24668403#1f,"7.4213280,43.7401946",start,start,,,true
8d40686f1720cc0e4a62,connect,214635115#1f,833538179#2f,"7.4173406,43.7264722",end,end,,,true
8d4a17ff7d3a984c877b,connect,31900625#1r,31900636#1f,"7.4232919,43.7347717",start,end,,,true
8d4cd7c636bdbe5456bc,connect,157719652#2f,177232619#1f,"7.4255076,43.7403015",end,start,,,true
8d5bc7ed8e74cf8d5ce5,connect,166399496#1f,8135845#1f,"7.4196126,43.7376408",end,end,,,true
8d5ee70ad4547f7c1eed,connect,503462472#2f,503475663#1f,"7.4138216,43.7272180",end,end,,,true
8d6603e10eb7e4e8ed3e,connect,158215184#6f,158215184#6r,"7.4182340,43.7282731",start,end,,,true
8d791f703be21dbc7694,connect,93091312#2f,93091312#3f,"7.4178472,43.7307612",end,start,,,true
8d964b6902e139ec4f20,connect,1549110516#3r,1549110516#4r,"7.4127305,43.7303411",start,end,,,true
8d9c75c487b450862d94,connect,158215191#1f,503462475#3f,"7.4179107,43.7282998",start,start,,,true
8d9c8a0b1cbecc0a341c,connect,1034247204#1f,1034247204#1r,"7.4362781,43.7494769",start,end,,,true
8da5655ce4829205db05,connect,809470168#1f,809470168#2f,"7.4276904,43.7390755",end,start,,,true
8da7c50ed65f744dc234,connect,150050283#1r,150050283#2r,"7.4173891,43.7299374",start,end,,,true
8db54f07d2a959005ebc,connect,159170522#5f,176293207#1f,"7.4206431,43.7343829",end,start,,,true
8dbed765795a06e44f31,connect,166149542#1f,166149542#2f,"7.4170825,43.7348242",end,start,,,true
8dc129a250e075c63ccc,connect,1449407307#1r,1449407308#1r,"7.4313788,43.7469299",start,end,,,true
8dc3df7d5b0748f902dd,connect,157719653#1f,176085754#1f,"7.4298880,43.7402056",start,start,,,true
8dcc414349036775f56a,connect,1319454162#1f,854880221#4f,"7.4163111,43.7325344",start,end,,,true
8de017b12691b3277ef9,connect,1146071897#1f,1146071897#1r,"7.4150352,43.7343461",end,start,,,true
8de43790925fa4eb0047,connect,338900930#1r,338900930#2r,"7.4352336,43.7493774",start,end,,,true
8de60014ff1aeadd035d,connect,1549110518#1r,92627436#1r,"7.4125571,43.7303843",end,start,,,true
8dfeda54777d5786fa46,connect,1034247204#1r,4230099#9r,"7.4362781,43.7494769",end,start,,,true
8e0d1cd9400e306b4519,connect,720165108#2r,962525763#1r,"7.4233775,43.7407979",end,start,,,true
8e0d3e222eeb22cefa6f,connect,168890950#1f,168890950#1r,"7.4224586,43.7298939",end,start,,,true
8e0d65d246698977f5e7,connect,160004399#1f,4229536#1f,"7.4261726,43.7373162",start,end,,,true
8e1fcf0e94ae1ac1b180,connect,177232625#1f,4230006#2r,"7.4274959,43.7399103",start,start,,,true
8e223455227c5b28bf7c,connect,586508238#1f,586508238#2f,"7.4245487,43.7394958",end,start,,,true
8e2513605c7e6b9a4205,connect,161887489#1f,503559464#2f,"7.4277815,43.7335806",start,end,,,true
8e254cfe18b66e7d4840,connect,166399478#3r,177052556#3f,"7.4177071,43.7293685",end,end,,,true
8e3b1364a3c911cae8c9,connect,166149542#2f,166149542#3f,"7.4172425,43.7352819",end,start,,,true
8e42932be63cd32b46a5,connect,360063227#2f,360063227#2r,"7.4118229,43.7284180",start,end,,,true
8e43f79deb592cc40688,connect,503783376#1r,93137558#5r,"7.4344483,43.7479647",end,start,,,true
8e44398fef53fdb81c57,connect,254596870#2f,254596870#2r,"7.4174145,43.7341601",start,end,,,true
8e464bc7a57e9202098e,connect,93137558#4f,93137558#4r,"7.4331196,43.7471773",start,end,,,true
8e48bd416dc7247154be,connect,226201294#1f,226201294#1r,"7.4268130,43.7371633",start,end,,,true
8e4e8971ddd15ca2258c,connect,1297328848#1r,155085119#4f,"7.4145808,43.7349185",start,end,,,true
8e575849f560c81770b2,connect,166558488#1f,78147635#1f,"7.4279580,43.7328122",end,start,,,true
8e588f8ced62df9d8497,connect,25082741#4r,446542424#2f,"7.4247736,43.7371579",end,end,,,true
8e6476702021240a85d6,connect,4230113#4f,4230114#1f,"7.4307478,43.7476953",end,start,,,true
8e68a9423c09e22869dd,connect,156242241#1f,92627431#1f,"7.4297948,43.7435479",end,end,,,true
8e73a09afe0c9218f18c,connect,157719668#1r,166009792#2f,"7.4238573,43.7399010",end,start,,,true
8e74be5c8275d504ac8d,connect,1365041523#1r,176577460#2r,"7.4141458,43.7291795",start,start,,,true
8e978fe3cc6ee8c56ab0,connect,687577826#1f,687577826#1r,"7.4226229,43.7299232",end,start,,,true
8e998369ccd47f7ff37f,connect,159175448#2r,159175448#3f,"7.4383730,43.7492178",start,start,,,true
8eb21d27407582579779,connect,157719644#1f,157719644#1r,"7.4221175,43.7370216",start,end,,,true
8eb4d81a72b1dc7465e7,connect,850261580#1f,850261580#2r,"7.4255193,43.7315902",end,end,,,true
8eb654edc3ed7c82b5ed,connect,1549110514#1f,503434364#1f,"7.4105187,43.7293128",start,end,,,true
8eb7c8658bab6d2a3ca8,connect,157719652#1r,4097656#5r,"7.4251499,43.7397216",end,start,,,true
8eba4b8b34b32f9d59a0,connect,4230081#4f,93207286#1f,"7.4382179,43.7512886",end,start,,,true
8ebc5532e2cffaf4a74a,connect,33749607#1f,33749607#2f,"7.4176721,43.7355507",end,start,,,true
8ebe1e18aa840666d302,connect,1019174509#1f,120062665#1f,"7.4185417,43.7342778",start,start,,,true
8ebff3a3d90485f86102,connect,182699444#1f,718025935#1f,"7.4304898,43.7421832",end,start,,,true
8ec678113e357033fae6,connect,4227216#2f,4227216#2r,"7.4235413,43.7326981",start,end,,,true
8ece081001ffbd451a7b,connect,177189425#2f,177189425#2r,"7.4166904,43.7264034",start,end,,,true
8ee68017fb4231ec593b,connect,181479772#1f,181479772#2f,"7.4135748,43.7315009",end,start,,,true
8ee8d41c412dea72cf4c,connect,165636031#1f,503813534#1f,"7.4197965,43.7322481",start,end,,,true
8ee956d98b269dbc4fcb,connect,92627425#2f,943330854#1f,"7.4104678,43.7292641",start,start,,,true
8ef58ebc56106baf0283,connect,4230105#4f,4230105#4r,"7.4334931,43.7488563",end,start,,,true
8f01e9e4787dd00aac9c,connect,1203849334#1r,1203849334#2r,"7.4201329,43.7348777",start,end,,,true
8f025555de51be9bb54b,connect,4230011#3f,4230011#4f,"7.4271043,43.7405915",end,start,,,true
8f0ab8f82d487a6dad50,connect,176510129#1f,788197746#3f,"7.4190662,43.7383734",start,start,,,true
8f0cb3eeed4170f527ff,connect,93091319#2f,93091319#3f,"7.4183173,43.7321165",end,start,,,true
8f2d2665b329c30b5994,connect,4227209#2f,4227209#2r,"7.4237538,43.7311702",start,end,,,true
8f3ac784a2dd4bc0025a,connect,176760117#1f,929856547#2f,"7.4367064,43.7490970",start,end,,,true
8f426d2a3f2df85c654d,connect,1131276187#2f,120113158#1f,"7.4181676,43.7343532",end,start,,,true
8f4e5c585ccae2d19c60,connect,31900611#1r,31900611#2f,"7.4224533,43.7346164",start,start,,,true
8f555fb82dc731cc5f63,connect,166399479#1f,850261594#2f,"7.4213847,43.7344280",start,end,,,true
8f5605464ba17e441fc8,connect,177231049#1r,181479771#3r,"7.4154840,43.7349756",end,end,,,true
8f671a47c999ed367d02,connect,586268005#1f,586268005#2r,"7.4236033,43.7373154",end,end,,,true
8f673b88f978e8e99efa,connect,120062666#1f,120113156#1r,"7.4202911,43.7376732",end,end,,,true
8f6ead8843640edd24da,connect,1449972061#1r,155085119#5r,"7.4145356,43.7348870",end,start,,,true
8f81557382beabda6359,connect,4227209#1f,4227209#2f,"7.4237538,43.7311702",end,start,,,true
8f897ab3db892b7d33da,connect,1034851195#2f,161752641#1r,"7.4290896,43.7424355",end,end,,,true
8f8eb492261f1c2965f7,connect,4229298#2f,4229298#3f,"7.4292172,43.7455238",end,start,,,true
8fa88638442ab392fa8d,connect,4229539#1f,4229539#2f,"7.4246822,43.7388509",end,start,,,true
8fb3f9160871525064dc,connect,120062661#1f,78141884#1f,"7.4204901,43.7369253",end,end,,,true
8fc3f6b983b0cbfd9273,connect,166643408#2f,166643408#2r,"7.4168951,43.7325325",start,end,,,true
8fc6a2e30bfa2e49fa29,connect,159170465#1r,159170465#2f,"7.4174522,43.7365916",start,start,,,true
8fc78fadd8debce9b3a9,connect,4230099#1f,4230100#1f,"7.4359741,43.7503615",start,end,,,true
8fd186a075095cbe7101,connect,161748261#4f,25179329#2f,"7.4289096,43.7414847",end,start,,,true
8fd80ca684d92c54dd21,connect,214635115#1r,503462473#1f,"7.4173149,43.7264524",end,start,,,true
8fdfc8bbd1e7f6272b33,connect,4230099#7f,4230099#8f,"7.4365835,43.7500356",end,start,,,true
8fe52768e320c97d0fe0,connect,181479771#4f,181479771#4r,"7.4158135,43.7353199",start,end,,,true
8fecb047486b3cfa5f24,connect,166009792#1f,166009792#2f,"7.4238573,43.7399010",end,start,,,true
8fee0a4c2a573fc04b62,connect,24668173#1f,792884355#3f,"7.4261417,43.7422711",start,end,,,true
8ff46e03f2a27a896a8e,connect,334364604#1f,334365244#1f,"7.4223981,43.7410519",end,end,,,true
9002ad4b7da0b8166356,connect,120114107#1r,503471323#1f,"7.4167980,43.7319595",start,start,,,true
900845ebe003bca40d48,connect,1342556412#3f,1342556412#3r,"7.4344560,43.7482460",end,start,,,true
9009d181825c626c40de,connect,155085119#4f,155085119#5f,"7.4145808,43.7349185",end,start,,,true
90130520fd8b0889c434,connect,128273234#1f,128273234#2f,"7.4326032,43.7490151",end,start,,,true
9015f3f2a12d7a4c0e87,connect,334364604#1r,334365244#1f,"7.4223981,43.7410519",start,end,,,true
90199e5d46497281c549,connect,1001561438#1r,435061380#1r,"7.4129989,43.7311411",start,end,,,true
901aac12dbf2f63ce686,connect,166399487#2r,177231047#1f,"7.4157229,43.7336596",start,start,,,true
9023c83234ed2ba13360,connect,4229539#1f,4229539#1r,"7.4246137,43.7388584",start,end,,,true
902990992a2fb219d797,connect,157719646#1f,24668403#1r,"7.4213280,43.7401946",start,end,,,true
90311d321c99b12c643e,connect,158189819#1r,318654737#1f,"7.4144690,43.7280561",end,end,,,true
90319b63be5258e02de9,connect,4230122#2f,4230122#2r,"7.4301502,43.7463481",end,start,,,true
9031fde9ca001e105bd8,connect,254596486#1f,254596486#1r,"7.4251862,43.7375256",end,start,,,true
9035b151663cc70f97ab,connect,166399478#4f,849737746#2f,"7.4178449,43.7290513",start,end,,,true
903ba04bb8553b332c32,connect,157719653#1r,92627427#1f,"7.4279687,43.7379148",start,start,,,true
903fb53b03b6bcc1dfea,connect,157719669#3f,176336376#1f,"7.4226229,43.7409189",start,start,,,true
9045397c3d403b9176c5,connect,156772047#8f,156772047#8r,"7.4291221,43.7389623",start,end,,,true
904a6844752616a570fc,connect,166009792#4r,168104483#3f,"7.4224194,43.7394287",start,end,,,true
90601b4ba50ca610488f,connect,503753419#1f,774751108#1f,"7.4142671,43.7303922",start,start,,,true
90653c7c42a542b65bc2,connect,150050283#2r,450454878#1f,"7.4175592,43.7300775",start,start,,,true
90731a48d3262e76cc3e,connect,1019360050#1f,121380669#1r,"7.4167099,43.7319497",start,start,,,true
907974c160b93d088116,connect,1082281160#1r,1082281160#2f,"7.4179173,43.7258428",start,start,,,true
908bb45da4119018afe3,connect,157719669#2f,334364604#1r,"7.4226229,43.7409189",end,end,,,true
908c849b70424f56a4c1,connect,503475642#1f,503475642#1r,"7.4221688,43.7367400",end,start,,,true
9094e9404178a6c972d4,connect,177045627#1f,68814581#1f,"7.4176530,43.7373119",start,end,,,true
909ce151fcf989823738,connect,177590093#1r,503783376#1r,"7.4347588,43.7481430",end,start,,,true
90baafea95cc6b9c505d,connect,158215196#2r,833633729#1r,"7.4194137,43.7284996",start,end,,,true
90c7dc93a9d288aded28,connect,214635117#3f,214635117#4r,"7.4179149,43.7259119",end,end,,,true
90d023c18e18b07e742b,connect,165636046#2r,165636046#3r,"7.4258150,43.7407942",start,end,,,true
90dfbf84547e48eedca4,connect,159170535#3f,850261591#1f,"7.4206723,43.7340984",end,end,,,true
90e1196705f9a23c60b3,connect,92627433#1f,92627433#1r,"7.4146056,43.7311246",end,start,,,true
90eca9fdea04ef4c2756,connect,164338222#1f,164338222#1r,"7.4275917,43.7330544",end,start,,,true
90efbdf5bac4f07dad83,connect,182694289#1f,4227233#1r,"7.4275506,43.7329977",start,start,,,true
90f5a61093a14b64b777,connect,166399488#1r,67923338#2r,"7.4184263,43.7367055",end,start,,,true
90f857fb66fa2b2eff6d,connect,177045626#1f,68814587#1f,"7.4176890,43.7371797",start,start,,,true
9102b3c30e0b8733c520,connect,200493424#3f,92627406#1f,"7.4188971,43.7276850",start,start,,,true
910973a61eb5c281cbfb,connect,201009264#3f,360063233#1r,"7.4129275,43.7300768",start,end,,,true
91203c4e4322dcc4a05a,connect,177231049#1f,181479771#3r,"7.4154840,43.7349756",start,end,,,true
912bc7313e09b678aa39,connect,1342546088#1f,1342546088#1r,"7.4360867,43.7499487",start,end,,,true
91305b557095569d7fcf,connect,1342556413#1f,1342556413#2r,"7.4343787,43.7479782",end,end,,,true
9142c2abf1e8fea5b447,connect,161882796#1f,161882796#2f,"7.4212806,43.7344740",end,start,,,true
914a354f0a5961a8ff2b,connect,1443764722#1f,1449407307#1r,"7.4311988,43.7468029",end,end,,,true
915300411ecef9ab6086,connect,157719641#1f,157719662#1f,"7.4234104,43.7404968",end,start,,,true
9159adfad370c0954de5,connect,161882793#1f,4229893#1f,"7.4223724,43.7323258",start,start,,,true
915bf75fec5aeb6bddfb,connect,177045627#1f,788626302#1f,"7.4174129,43.7372624",end,end,,,true
915c4727b4fbc2928092,connect,158189817#1f,158215191#4r,"7.4167776,43.7281825",start,start,,,true
915e951d29aa9fce2952,connect,1238339144#1f,93137575#1r,"7.4316697,43.7450773",end,end,,,true
91614b1952e577f30da8,connect,503447059#2r,503813534#1r,"7.4196227,43.7322971",start,end,,,true
9195b6f3c32334fd3682,connect,161748259#1f,568187257#5f,"7.4289249,43.7410938",start,start,,,true
919b5bdba9701e3618c6,connect,25082741#4f,25082741#5f,"7.4249187,43.7371701",end,start,,,true
919c2c2b9f1ab57d6f97,connect,201009264#1r,201009264#2r,"7.4131231,43.7301135",start,end,,,true
919e520250bd2b27c3ba,connect,176577460#7f,176577460#7r,"7.4158156,43.7307906",end,start,,,true
91a6dddde74366648d00,connect,157719692#1f,176336376#3f,"7.4228604,43.7407827",start,start,,,true
91af7f881f41ff8c9b17,connect,257071645#1f,257071645#1r,"7.4077934,43.7258444",end,start,,,true
91bf9081a8c991523ff2,connect,448186736#5f,448186736#5r,"7.4177486,43.7255243",start,end,,,true
91c023a56d1930174330,connect,25082741#5f,25082741#6f,"7.4253078,43.7372056",end,start,,,true
91c188725545c17f975d,connect,166399501#2f,166399501#2r,"7.4279255,43.7403359",end,start,,,true
91ca230d548927296475,connect,572941874#4f,572941874#4r,"7.4281756,43.7386165",start,end,,,true
91ceeec5a25d3b405f42,connect,177590090#1f,177590090#2f,"7.4284800,43.7424501",end,start,,,true
91ec4bd90e4026151dcb,connect,446530366#1r,690915731#1f,"7.4145009,43.7283086",end,end,,,true
91f85600240d2b6d22c6,connect,165636031#6f,834185360#3f,"7.4270171,43.7320437",start,end,,,true
920d6535e52763d5b6e0,connect,4230891#2f,4230891#2r,"7.4290580,43.7383175",start,end,,,true
920f34cc1f88f1cc769f,connect,157719664#3f,39838265#1f,"7.4250137,43.7406818",start,start,,,true
92146e0f02b250f82245,connect,176577460#3r,176577460#4r,"7.4139233,43.7293508",start,end,,,true
921aa8d8dd4d6ac3c916,connect,166643408#1r,176531067#1f,"7.4165073,43.7320176",end,start,,,true
92216cfa7d6574ea4685,connect,158215205#1f,92627406#6r,"7.4203314,43.7267705",start,start,,,true
92253e303cb7f0559c89,connect,176974531#2f,201011053#1f,"7.4160486,43.7314634",end,start,,,true
922a0fcb54bebca60ac8,connect,161887492#2f,161887492#2r,"7.4271154,43.7332555",end,start,,,true
922c8000e76e949fd03f,connect,164338218#1f,850261575#1f,"7.4237595,43.7301648",end,start,,,true
922ed753c59e73a66e1c,connect,1365041486#1r,1365041486#2r,"7.4294832,43.7385662",start,end,,,true
922f7d72d74f0ce2963b,connect,1082312613#1r,1082312613#2f,"7.4198425,43.7275973",start,start,,,true
922fb2a230a9f75c80ae,connect,161752639#2f,161752639#2r,"7.4288570,43.7416412",start,end,,,true
9231fb88c561f4f25cc1,connect,158007925#1f,161882799#1f,"7.4274310,43.7316427",end,start,,,true
9236d49eca7318e69395,connect,176477342#1r,176477342#2f,"7.4256981,43.7386253",start,start,,,true
923c5d6e8c86abf13c9f,connect,4230105#1f,4230105#2f,"7.4325004,43.7480371",end,start,,,true
92487ccbf06ba8889f1d,connect,176760117#1f,176760117#1r,"7.4367064,43.7490970",start,end,,,true
924fc0218a06d6eeed65,connect,161775593#1f,25082741#1f,"7.4231173,43.7369871",start,start,,,true
925520ea62b57467afd5,connect,31900611#3r,31900611#4r,"7.4224410,43.7346741",start,end,,,true
92568a894e91698ffc41,connect,334773233#1r,4230119#1r,"7.4295280,43.7466034",start,start,,,true
9258dfa20df9d20eaa19,connect,164338222#1f,78141881#1r,"7.4280458,43.7332532",start,end,,,true
925b505cf742c7e0c230,connect,25082741#1f,25082741#1r,"7.4231173,43.7369871",start,end,,,true
9268ed9b289b53b7dcc8,connect,834616138#2f,834616138#2r,"7.4204663,43.7267436",start,end,,,true
92695cf70158fa6d86fa,connect,4229536#1r,4229536#2r,"7.4261726,43.7373162",start,end,,,true
926a3613a85edca1a39d,connect,214636589#2f,214636589#2r,"7.4223501,43.7345465",end,start,,,true
927175892bbec3ddd30a,connect,93137558#4f,93137558#5f,"7.4344177,43.7479471",end,start,,,true
927d2811c3cf595d30d9,connect,67923338#2f,67923338#2r,"7.4184041,43.7367574",start,end,,,true
9288505570bd29feea04,connect,39839529#2f,93091320#1r,"7.4234851,43.7326198",end,end,,,true
929370ba56d46dc01418,connect,778494662#1f,778494662#1r,"7.4269356,43.7394178",end,start,,,true
929d9b5ad737cd6834ef,connect,165636031#3f,165636031#4f,"7.4270858,43.7325551",end,start,,,true
92a10b912cafc7a0e522,connect,176334444#1f,176395397#1f,"7.4140217,43.7303195",start,end,,,true
92a80967ff4894cec79a,connect,503462464#2f,93137615#1f,"7.4304898,43.7427540",start,start,,,true
92acbd335d0c9b16a4f9,connect,156772047#2f,156772047#2r,"7.4279357,43.7381225",end,start,,,true
92af160895200e688d88,connect,78141881#1f,78141881#1r,"7.4285870,43.7333887",end,start,,,true
92b7d3438501084283a3,connect,688731299#3r,688744015#1f,"7.4146411,43.7327438",start,start,,,true
92bd0addf0ef53cf16e8,connect,503559464#2f,503559464#2r,"7.4273110,43.7334891",start,end,,,true
92c9082777d9e60abd6c,connect,161733292#1f,850261602#7r,"7.4282679,43.7403863",start,end,,,true
92d26000c696193c0996,connect,92627406#3f,92627406#4f,"7.4197143,43.7276077",end,start,,,true
92de3392f66e11f86d18,connect,164338247#3f,164338247#3r,"7.4282753,43.7422914",start,end,,,true
92f7e3594c18cca52f49,connect,990669428#1f,990669429#1f,"7.4136598,43.7334433",start,end,,,true
92febdb818ccdfb08709,connect,201009264#1r,503753419#1f,"7.4149265,43.7308176",end,end,,,true
9302428c9dff054f2683,connect,503559464#2r,503559464#3f,"7.4277815,43.7335806",start,start,,,true
93083e46b025ddf7332c,connect,165636030#1f,168890943#4f,"7.4257175,43.7311342",start,end,,,true
9309f7eaf488c3f7bd0e,connect,167625746#1f,167625751#1f,"7.4176223,43.7305429",start,end,,,true
930b34755c6a0b96b555,connect,159170465#4f,67923338#2r,"7.4184263,43.7367055",end,start,,,true
931568f3c2f5b34c7da9,connect,1081601380#3r,176776331#1f,"7.4216746,43.7334914",end,start,,,true
9317317d51f38557833d,connect,572941874#1r,572941874#2f,"7.4280638,43.7386121",start,start,,,true
931b9441fe2f75a081be,connect,92627406#3f,92627406#3r,"7.4195101,43.7276397",start,end,,,true
931fda21333e41b58db7,connect,158215184#6r,158215184#7r,"7.4181426,43.7282837",start,end,,,true
932671d5317eee51b088,connect,165636031#1f,165636031#2f,"7.4232442,43.7319150",end,start,,,true
932fe2941da124905996,connect,778744698#4f,850261601#3r,"7.4293375,43.7394790",end,end,,,true
93351fabe0a79a40f365,connect,157719644#1r,166399484#2f,"7.4221175,43.7370216",end,end,,,true
9337afa0f741ce7a0ba6,connect,176684623#1f,176684623#1r,"7.4209665,43.7366135",start,end,,,true
93396142a11c620833a7,connect,1203522177#1r,4230099#8r,"7.4365835,43.7500356",end,end,,,true
933a7c038934d36c69f9,connect,503783375#1f,93137560#1f,"7.4315599,43.7462686",start,start,,,true
933ef35f7c08efb2ded3,connect,687577826#2f,687577826#2r,"7.4227580,43.7298507",end,start,,,true
933f3a340fafaecce22b,connect,158215191#3f,158215191#4f,"7.4172435,43.7281684",end,start,,,true
9342ffaa1be853e32ea8,connect,1549110517#1f,1549110517#1r,"7.4125676,43.7306280",start,end,,,true
9345d6cbf30bda2f7e6b,connect,164338222#1f,78141881#1f,"7.4280458,43.7332532",start,start,,,true
9353fbbeafa9b5dabfd5,connect,688731312#1f,688744016#1r,"7.4142775,43.7324533",start,start,,,true
935c1e63c85efc45d6bd,connect,166399478#9f,166399478#9r,"7.4179557,43.7283561",end,start,,,true
935dcf39be689a799603,connect,176674530#1r,176674530#2f,"7.4245768,43.7387969",start,start,,,true
9369ede709c44f410393,connect,158215191#3f,158215191#4r,"7.4172435,43.7281684",end,end,,,true
936c5d24cce408cfb6ef,connect,201009264#2r,360063233#1f,"7.4129275,43.7300768",start,start,,,true
93701957f35f2bd06553,connect,25103774#2f,41929969#1r,"7.4303598,43.7408882",end,start,,,true
9376a7882e8c2a0ed658,connect,120114107#1r,952419571#1f,"7.4171671,43.7316560",end,start,,,true
9379ad39af3309a05978,connect,176682382#4f,176682382#4r,"7.4135210,43.7294272",end,start,,,true
9382fbced2042a7cfac7,connect,4230011#4f,4230011#4r,"7.4271043,43.7405915",start,end,,,true
93853b004765ead69e81,connect,4230006#2f,4230006#3r,"7.4274959,43.7399103",end,end,,,true
938bd538c4573b9c511c,connect,176674530#3f,176674530#3r,"7.4241349,43.7382264",end,start,,,true
93a6da27298d48d5828c,connect,4230105#2f,4230105#3f,"7.4328554,43.7482766",end,start,,,true
93b1efac214d9a16a030,connect,1443764723#1r,423826027#1f,"7.4323065,43.7478634",end,end,,,true
93b2cd65a0a47efb552b,connect,169297863#2f,169297863#2r,"7.4245897,43.7323501",start,end,,,true
93b45bd7533490f648aa,connect,690914542#1f,690914543#1f,"7.4143084,43.7277512",start,start,,,true
93bbd71ef632b594b7df,connect,1365041529#1f,1365041529#1r,"7.4155159,43.7291510",start,end,,,true
93bec9383784bcb7d49f,connect,1388331343#1f,1388331345#2f,"7.4215424,43.7369641",start,end,,,true
93c62e3160bf1979e247,connect,1024523797#1f,1024523797#1r,"7.4290583,43.7338557",end,start,,,true
93d748ff96a708067033,connect,699218006#1f,699218006#2r,"7.4229954,43.7369734",end,end,,,true
93df84810556c00d4622,connect,200502086#2f,200502086#2r,"7.4246154,43.7395901",start,end,,,true
93ebe81d2e947911f932,connect,834313093#2f,834313093#3f,"7.4274484,43.7326834",end,start,,,true
93ecd3453d5416eb502f,connect,254596870#1r,254596870#2f,"7.4174145,43.7341601",start,start,,,true
93f86b10c5c872b2348e,connect,1034247204#2f,503638814#1r,"7.4368691,43.7497821",end,start,,,true
940434ce9c7914f8637c,connect,166399488#3f,176337642#1f,"7.4189979,43.7371197",end,end,,,true
9408fe35c0bbddd2a7bb,connect,166856356#1r,4230119#1r,"7.4296109,43.7466980",start,end,,,true
940a20b8d155366b7f7f,connect,182692348#1f,503462461#2f,"7.4151640,43.7286126",start,end,,,true
9417b02808143bfc9fc6,connect,176334441#1f,176395397#1f,"7.4140217,43.7303195",end,end,,,true
9428501bdf9449a4dee0,connect,166856355#1f,166856355#1r,"7.4298113,43.7469250",start,end,,,true
94315506703d44936e40,connect,308214646#2f,778494662#1r,"7.4269356,43.7394178",start,start,,,true
94338c929278d42bbc37,connect,1034247204#1r,128273232#1f,"7.4362781,43.7494769",end,end,,,true
9433ed18cd4eae1ee706,connect,157719652#1f,4097656#5r,"7.4251499,43.7397216",start,start,,,true
9436983ccdd9ed00cef7,connect,165636046#2f,165636046#3r,"7.4258150,43.7407942",end,end,,,true
9437cad10a5554866d7f,connect,167625743#1f,4229274#1f,"7.4170563,43.7298295",start,end,,,true
945b8279c87f8cc39daf,connect,1525349447#1r,981971425#1f,"7.4319009,43.7479894",start,start,,,true
946186026a829cc39982,connect,157719661#1f,164338241#1f,"7.4218357,43.7398553",start,start,,,true
946236cf53af153320b2,connect,1019646822#2f,1019646822#2r,"7.4265803,43.7414196",start,end,,,true
946ce079395705860e34,connect,720165108#1f,720165108#3r,"7.4232955,43.7408298",start,start,,,true
9474784983dbb9841a7e,connect,1388331344#1f,1388331346#1f,"7.4216926,43.7368305",end,start,,,true
94831717c6f401c30204,connect,167625727#11f,167625727#12f,"7.4189002,43.7290114",end,start,,,true
948b2c67dae8b86cab34,connect,254596870#1f,254596870#1r,"7.4176139,43.7336615",start,end,,,true
9492cb111cec9855667d,connect,158007923#1f,834307952#1f,"7.4274432,43.7317538",start,end,,,true
9493cc51acf37392d3e7,connect,164338230#3f,164338230#4f,"7.4197084,43.7340051",end,start,,,true
94a28ba55841b593aca1,connect,201009262#1f,4229292#2f,"7.4160071,43.7308906",end,start,,,true
94a3f57112c7e52e3b15,connect,164338230#3f,164338230#3r,"7.4197164,43.7339650",start,end,,,true
94a4581e29ef14d4cb92,connect,150050283#2f,450454878#1r,"7.4175592,43.7300775",end,end,,,true
94a7206b9c162080b4d2,connect,161885378#2r,4227216#2r,"7.4245672,43.7329107",start,start,,,true
94ba9ac68dd526e5dbbb,connect,181479771#4f,181479771#4r,"7.4159215,43.7353944",end,start,,,true
94c258c914441ac2e89c,connect,1453165195#1f,239592573#2f,"7.4113743,43.7312682",start,start,,,true
94da5c92ed6fdd6da952,connect,176333304#2f,4230098#2f,"7.4331785,43.7493546",end,end,,,true
94db05b5d68b0a63cf56,connect,507581426#1r,507581437#1f,"7.4251449,43.7411231",start,start,,,true
94eae729f419838acad2,connect,4097656#2f,4097656#2r,"7.4257668,43.7390784",end,start,,,true
94f59acf5909adaa4c70,connect,200502086#1r,4229577#3f,"7.4248562,43.7396267",end,end,,,true
94fcf5421553ad2007e0,connect,8056051#3f,851991828#2r,"7.4381871,43.7493230",start,start,,,true
94febf5e7adf0ffb236c,connect,158007923#1r,161882799#1f,"7.4274310,43.7316427",start,start,,,true
95133dab03cf0fb2e342,connect,31900611#2r,31900625#1f,"7.4225136,43.7346600",start,start,,,true
95164e02a9bd38051c80,connect,1314186412#1f,94399437#1f,"7.4184341,43.7363551",start,end,,,true
9516923218a90c3e6dbf,connect,177052168#1f,177052168#1r,"7.4174291,43.7273979",end,start,,,true
951c470a3439490e50b5,connect,254596488#1f,254596488#1r,"7.4301941,43.7443870",start,end,,,true
952003a663be9469f623,connect,157719645#6f,157719645#6r,"7.4285174,43.7423514",end,start,,,true
9526b77a1562e346cbdd,connect,201011053#1f,503753417#1r,"7.4160486,43.7314634",start,end,,,true
9528275dc2988e1c35af,connect,182692350#1f,318654737#1r,"7.4148737,43.7284100",end,end,,,true
952e378a5033be0ec690,connect,167625727#4f,167625727#5f,"7.4179045,43.7299325",end,start,,,true
95326dd17269b1cda627,connect,157719645#6f,157719645#7r,"7.4285174,43.7423514",end,end,,,true
9534caf3c437dbe17908,connect,834616138#1f,834616138#2r,"7.4204663,43.7267436",end,end,,,true
9537e4bf9667fa4084de,connect,261740025#1f,261740025#1r,"7.4141701,43.7280669",end,start,,,true
9539b0567394a34cacd2,connect,4227277#1f,688669118#1f,"7.4180114,43.7326244",start,end,,,true
9557b379c43fa673693b,connect,166399501#4f,166399501#5f,"7.4287442,43.7411034",end,start,,,true
955933bcbcb63898060e,connect,1212029941#1f,1212029941#1r,"7.4131027,43.7299349",end,start,,,true
95630ad8015155b5812b,connect,166558488#1r,78147635#1r,"7.4279580,43.7328122",start,end,,,true
95667d3a73a3f8346b29,connect,778744698#2r,778744698#3f,"7.4290554,43.7392537",start,start,,,true
956dfc289a5c474fe790,connect,166399487#5r,166399487#6r,"7.4163510,43.7350811",start,end,,,true
9573e1bb77ae3aeac7ff,connect,177590090#1f,177590090#2r,"7.4284800,43.7424501",end,end,,,true
957f738b3db54604e9e1,connect,4227209#1f,4227209#1r,"7.4235053,43.7310861",start,end,,,true
95894c0f8441aed77ace,connect,1283578082#1f,1283578082#2f,"7.4195758,43.7367767",end,start,,,true
958d085ac73ca7ad9496,connect,1365041486#2f,4230891#3f,"7.4294579,43.7386365",end,start,,,true
95bc3679cce17b9b3539,connect,158189831#1r,158189831#2r,"7.4105432,43.7291125",start,end,,,true
95c3b09f03f34c419a53,connect,1024523796#1f,1024523797#1f,"7.4290575,43.7337991",end,start,,,true
95c84c6a39002629b39b,connect,568187257#1f,568187257#2f,"7.4295996,43.7402054",end,start,,,true
95c8d58553b5360d92f6,connect,503783373#1f,503783374#1f,"7.4319668,43.7465094",end,start,,,true
95d0959fb66c09623625,connect,214636589#3f,31900611#1f,"7.4223501,43.7345465",start,start,,,true
95e4c17d53afcb5406be,connect,503462459#1f,804900035#1f,"7.4168917,43.7300170",end,start,,,true
96004a090e51765a0eb6,connect,120062663#2f,120113155#4f,"7.4180884,43.7344498",end,start,,,true
9603bd99b81bc64e3eb3,connect,1327492346#1f,166643410#1f,"7.4167857,43.7321178",start,end,,,true
960401ec7ee90b79dc41,connect,166643408#1r,166643408#2r,"7.4168951,43.7325325",start,end,,,true
9606a6253740839e9ffe,connect,161887489#1r,503559464#3r,"7.4284596,43.7339317",start,start,,,true
9609bb602cd628fd868e,connect,929856547#1r,929856547#2f,"7.4362390,43.7488925",start,start,,,true
9610b614010db278fff2,connect,809470170#1r,809470170#2r,"7.4277379,43.7391243",start,end,,,true
961626c865a9a0e6d1c5,connect,161769679#1f,161769679#1r,"7.4277976,43.7388340",start,end,,,true
962e7cdbd05e17b49860,connect,25082741#1f,699218006#2f,"7.4231173,43.7369871",start,end,,,true
9637824b472023013175,connect,158189830#2f,943330853#1f,"7.4104470,43.7291430",start,start,,,true
9644c7018ae0eed52893,connect,278143574#1f,92627408#1f,"7.4164568,43.7296438",start,start,,,true
964e3660182b15210852,connect,693487406#3f,693487406#4r,"7.4329682,43.7466976",end,end,,,true
96517d724ad801598a10,connect,167625739#1f,167625739#2f,"7.4160245,43.7301706",end,start,,,true
965703ab9f8770b2c47c,connect,1203843643#1f,176682382#4f,"7.4132672,43.7294251",start,start,,,true
9666d1b603b2291245ac,connect,166399478#6r,849737743#2f,"7.4179020,43.7288018",end,end,,,true
966a3372e57894cf5658,connect,25082741#2r,25082741#3f,"7.4238368,43.7370660",start,start,,,true
967c05a3a0e984642d16,connect,1082312613#1f,92627406#4f,"7.4197532,43.7275894",start,end,,,true
968514609938740daf80,connect,503475642#2r,503475642#3f,"7.4221062,43.7366647",start,start,,,true
968dac6347d7984eb2b5,connect,1174006399#1f,93137596#1f,"7.4306769,43.7454440",start,start,,,true
968e2dd1891039e4a0cd,connect,503753417#1f,503753417#1r,"7.4160486,43.7314634",start,end,,,true
968e38d4a4bc905a89e8,connect,176776353#1f,176776353#1r,"7.4217017,43.7332310",start,end,,,true
96b864b8191f16de4feb,connect,503475642#1r,503475642#2f,"7.4221688,43.7367400",start,start,,,true
96c11667a4ed30c4c139,connect,166399478#6f,849737743#2r,"7.4179020,43.7288018",start,start,,,true
96cb11096e5d6ae7bafa,connect,239592573#1f,239592573#2f,"7.4113743,43.7312682",end,start,,,true
96e37abeb636678cd466,connect,1058067231#1f,1058067232#1f,"7.4105756,43.7292018",end,start,,,true
96e507b3a7d126ff84fb,connect,39838265#1f,39838265#2f,"7.4250862,43.7408525",end,start,,,true
96f1bc326de1e3910d79,connect,1283578083#1f,159170540#1f,"7.4203620,43.7371353",start,end,,,true
96f397d7c04c4ed72c35,connect,165636031#3f,834313093#1r,"7.4270858,43.7325551",end,end,,,true
9702cdd6a9755d6ca5bf,connect,106705725#1f,106705725#2f,"7.4194534,43.7387040",end,start,,,true
97093e08a86a76e4a100,connect,1230398878#1f,1230398878#1r,"7.4386022,43.7499111",end,start,,,true
971ab845316ce18a7490,connect,1024523796#1f,1024523796#1r,"7.4285870,43.7333887",start,end,,,true
9720cd40b3f6e437e45f,connect,158189830#1r,158189830#2f,"7.4104470,43.7291430",start,start,,,true
972d194b475ce2c72cae,connect,166399500#4f,835609340#1f,"7.4156689,43.7291127",start,start,,,true
97317b59b94e44ce00da,connect,35092475#2f,35092475#3r,"7.4265116,43.7386376",end,end,,,true
97459594a1756fafb52e,connect,423632264#1r,503462470#1r,"7.4175483,43.7317451",end,start,,,true
97518bc4cbfa0470f6fd,connect,1551240829#1f,35092475#3r,"7.4267039,43.7379518",start,start,,,true
97841ff2cf52b645437b,connect,157719645#8r,177590090#1r,"7.4285482,43.7424396",end,end,,,true
978ed9eb92aa1b83b98b,connect,1549110517#1f,1549110518#1r,"7.4125676,43.7306280",start,start,,,true
978f9dc012391d69222a,connect,176760117#1f,176760117#1r,"7.4379979,43.7496196",end,start,,,true
9792303b6e631a4a5e59,connect,160004398#1f,160004398#1r,"7.4261486,43.7374304",end,start,,,true
97944df621bf1b6724a8,connect,166399488#3r,176337642#1f,"7.4189979,43.7371197",start,end,,,true
979bd0fa0bd9a2548edf,connect,1082281160#2f,214635117#4f,"7.4179643,43.7258768",end,end,,,true
97a388d004d9a2711a9a,connect,166856355#1f,196538402#1f,"7.4298113,43.7469250",start,start,,,true
97b065375cea6f0ef402,connect,850261602#5f,850261602#6r,"7.4286979,43.7404329",end,end,,,true
97b5c2aec13c48b08ce4,connect,159170465#3r,159170465#4r,"7.4178943,43.7366780",start,end,,,true
97c0267e391f9f7f55fd,connect,166149571#2f,446530365#1f,"7.4148892,43.7285947",end,start,,,true
97c0c44fceddf1c7c917,connect,166009792#4f,166009792#5f,"7.4224194,43.7394287",end,start,,,true
97c60d3221a394f9e2da,connect,164338242#1f,507581426#1r,"7.4252664,43.7412557",start,end,,,true
97cf4a8f0cfdddd9be22,connect,161733292#1f,568187257#2f,"7.4291921,43.7406247",end,end,,,true
97d8f1a5f31a4ac94285,connect,93137558#2f,93137558#2r,"7.4328605,43.7470233",end,start,,,true
97e81b96e44daddacbe0,connect,1203858295#1f,1327492340#1f,"7.4171473,43.7315034",end,end,,,true
97ecc71da24cc01fbb0a,connect,690131583#1f,93091321#1f,"7.4173175,43.7320823",start,end,,,true
9804ff71c43608ced2b4,connect,158189827#4f,39839531#5f,"7.4143945,43.7289873",end,end,,,true
9817e33f52f7d04ed044,connect,1342546060#1r,693487406#4r,"7.4329682,43.7466976",start,end,,,true
98183dde23a137e65ec5,connect,1000930347#1f,353889276#2f,"7.4298608,43.7416841",start,start,,,true
98236429c1c5fb75d1ef,connect,25082741#1f,25082741#1r,"7.4233732,43.7370100",end,start,,,true
98262b045cf7173713cc,connect,176760117#1f,929856547#2r,"7.4367064,43.7490970",start,start,,,true
98311de1c7d401355773,connect,78147639#1f,78147639#1r,"7.4274739,43.7318149",start,end,,,true
9833883b831bdcb52cd7,connect,849737743#1f,849737743#2f,"7.4179701,43.7288111",end,start,,,true
98395db49697271f12dc,connect,156772047#3f,156772047#3r,"7.4279357,43.7381225",start,end,,,true
9844362b2a330f91d6ce,connect,168104483#1f,176336114#1f,"7.4230544,43.7385861",start,start,,,true
984c4c4b274c55265e84,connect,25082741#1f,25082741#2r,"7.4233732,43.7370100",end,end,,,true
984e42555ca7c6f2ec50,connect,690914542#1r,690914542#2r,"7.4140690,43.7275875",start,end,,,true
98535661eff130d1866a,connect,93137615#1r,93137615#2f,"7.4304368,43.7427556",start,start,,,true
985aadc5df269dcd2730,connect,214635114#2f,503462473#1f,"7.4173149,43.7264524",end,start,,,true
986286571604bde7e267,connect,157719644#1f,157719644#2f,"7.4234970,43.7372395",end,start,,,true
987e3bf55ff7a144f8c8,connect,25082741#3f,446542424#2f,"7.4247736,43.7371579",end,end,,,true
9882e0b1b4b6887aa734,connect,503783376#2f,503783376#2r,"7.4349290,43.7482407",end,start,,,true
988750582e0bb0f86315,connect,167625727#7f,167625727#8f,"7.4184524,43.7299355",end,start,,,true
989a0333eb4cc1b4f24d,connect,1082515450#1f,161775592#4f,"7.4277072,43.7389813",end,end,,,true
989b3c3e64db211201dc,connect,1233828726#1f,1442119701#1f,"7.4139931,43.7273350",end,start,,,true
98a01f92ae7c4d250ca1,connect,156772047#6r,156772047#7r,"7.4289548,43.7388035",start,end,,,true
98a2600396f92a5d6ccb,connect,4229326#1f,95449780#1r,"7.4194711,43.7377612",end,end,,,true
98b1ab0783eb4d81631c,connect,176334445#2f,4230105#1f,"7.4322901,43.7479601",start,start,,,true
98b9cb1a2f76a8eec515,connect,177232619#5f,778494667#2f,"7.4267574,43.7396232",end,end,,,true
98bb912c1cfc5f831abe,connect,1202361379#1f,4230006#1r,"7.4274015,43.7398154",end,start,,,true
98bc5a4265b2e6fa5f79,connect,212764300#2f,423652238#1f,"7.4121538,43.7281567",end,start,,,true
98c09a3808c858ec603a,connect,1082312612#1f,92627406#2f,"7.4195101,43.7276397",start,end,,,true
98c836065653b183c396,connect,166399487#5f,166399487#5r,"7.4162427,43.7343930",start,end,,,true
98c945960367786d3c7b,connect,688731299#1f,688731299#1r,"7.4145706,43.7317902",start,end,,,true
98cc8cb76264b1f730ae,connect,214635117#4r,448186736#1f,"7.4179149,43.7259119",end,start,,,true
98cf6fd3c9fe5d5ba5e3,connect,177590090#2f,177590090#2r,"7.4284206,43.7424626",end,start,,,true
98e8d52e4d23770b8c52,connect,503559455#1f,941748458#1f,"7.4229757,43.7323832",start,end,,,true
98eb2d92abcd793faf64,connect,353889383#2f,93207287#1f,"7.4378163,43.7514811",start,start,,,true
9912e3d892e2d4a4ded0,connect,353889275#1f,718025935#2f,"7.4301626,43.7417650",end,end,,,true
991b8957350fed2031c8,connect,166009792#1f,166009792#1r,"7.4239342,43.7399395",start,end,,,true
991e818d64520e88c39a,connect,166399501#3f,166399501#3r,"7.4279255,43.7403359",start,end,,,true
992190442b7be3505f20,connect,503475652#1f,863835496#2r,"7.4179250,43.7327288",end,start,,,true
992e4761f1dad6ae2b91,connect,159170492#1f,686878366#1f,"7.4173296,43.7371626",start,end,,,true
99562e98410ae95265ac,connect,31900611#3r,31900625#1f,"7.4225136,43.7346600",end,start,,,true
9967d0f18d3e3018b58f,connect,158189819#1f,200507331#1f,"7.4144215,43.7278940",end,start,,,true
997722ffb6f3f2ee8a9b,connect,176477340#1f,176674530#4f,"7.4237795,43.7379777",start,end,,,true
997eca3385638b5afb4b,connect,177396440#1r,4229298#2f,"7.4294380,43.7456071",end,start,,,true
998e3b6e701c1cd49653,connect,161887492#1f,161887492#2r,"7.4272940,43.7332957",end,end,,,true
999489a21b802bd0a750,connect,24655134#6f,353889276#3f,"7.4297390,43.7414891",end,end,,,true
99965515d787d18adc99,connect,176674530#3f,176674530#4f,"7.4241349,43.7382264",end,start,,,true
9999786ab347e9ef150c,connect,212766110#2f,690914539#1f,"7.4137705,43.7273459",end,start,,,true
99a35ab8a83ae3820f23,connect,503475643#2f,503475643#2r,"7.4221934,43.7350629",end,start,,,true
99a62152ca91578d5cfe,connect,503462466#4f,503462466#5f,"7.4332520,43.7468076",end,start,,,true
99a8d2cfd7aeaf71080c,connect,157719644#3r,254596486#1r,"7.4240136,43.7373476",start,end,,,true
99a951189d74d3182be7,connect,160004399#1r,4229536#2r,"7.4261726,43.7373162",end,end,,,true
99a9a25ce38cf0263252,connect,4230114#1f,4230118#1r,"7.4307478,43.7476953",start,end,,,true
99aa1dff545982a17ddc,connect,78141884#1f,78141884#1r,"7.4204901,43.7369253",end,start,,,true
99bf0ea7e0b9fd864a89,connect,176682382#1r,92627441#2f,"7.4124987,43.7286071",end,start,,,true
99c2e64517eb3cc22dec,connect,157719644#2f,157719644#2r,"7.4236281,43.7372681",end,start,,,true
99c821762dee73da1e76,connect,157719668#1f,166009792#1r,"7.4238573,43.7399010",start,start,,,true
99cf37811cec2ee27b45,connect,166399477#1f,177189425#1r,"7.4157810,43.7264182",start,end,,,true
99ea79b4f56b9044b6a6,connect,834313093#3f,834313093#4r,"7.4275855,43.7325839",end,end,,,true
99ea7df72eb208ef653a,connect,159170492#3f,94400151#1f,"7.4166643,43.7358533",end,end,,,true
9a07a22d9643c2103f3b,connect,4229536#1f,4229536#1r,"7.4261726,43.7373162",end,start,,,true
9a0db1da9fa6aa16fe6e,connect,503475651#2f,688669118#1f,"7.4180114,43.7326244",end,end,,,true
9a11e8b51cd34a5c4720,connect,92627436#1f,92627436#1r,"7.4125571,43.7303843",end,start,,,true
9a13aa04d25a87eb4826,connect,4230097#2f,4230097#3f,"7.4350298,43.7498960",end,start,,,true
9a3a7b6038b5f22ccaf3,connect,182700008#2f,93137593#1f,"7.4348795,43.7476316",end,start,,,true
9a3c324c2889635b02e3,connect,4098197#1r,4098197#2r,"7.4317445,43.7472776",start,end,,,true
9a4b3dd49b050116e96a,connect,1365041526#1f,1365041526#1r,"7.4146247,43.7291531",end,start,,,true
9a555e1d76ebb13b86f6,connect,398362860#1f,952419573#1f,"7.4173054,43.7316813",end,end,,,true
9a5a003dce460d1a53f1,connect,720165108#1f,720165108#2r,"7.4233775,43.7407979",end,end,,,true
9a607f04d560b078d607,connect,4230106#3f,4230106#3r,"7.4328986,43.7486842",start,end,,,true
9a60c9ea85129bb55fb7,connect,4229539#3f,4229539#3r,"7.4255911,43.7386159",start,end,,,true
9a74fadd4bb35e9fdd43,connect,503434378#1f,944079970#1f,"7.4267074,43.7416333",end,start,,,true
9a76e5d6c05efbba9413,connect,4230011#2r,4230011#3f,"7.4270609,43.7406136",start,start,,,true
9a7bb3b2879550523724,connect,161885378#1r,161885378#2r,"7.4245595,43.7329487",start,end,,,true
9a804fe5e2edef6065c2,connect,161887494#1f,161887494#2r,"7.4267295,43.7331734",end,end,,,true
9a8d3d2bc8b199cce475,connect,503783374#1f,93137558#1r,"7.4319668,43.7465094",start,end,,,true
9a8e591b1f6f65a91314,connect,176510131#1f,176510134#1f,"7.4181392,43.7349278",start,end,,,true
9a95fb32e392d0cd12b1,connect,214635115#2r,833538179#2r,"7.4173406,43.7264722",end,start,,,true
9aa0e04db7efa8ec8ff8,connect,157719698#5f,166009791#1r,"7.4256731,43.7405657",end,start,,,true
9aa5f0a0aa0f3106f21a,connect,690642687#1f,854880221#3f,"7.4159033,43.7322153",end,end,,,true
9ab6d834831234030940,connect,35092475#4f,35092475#5r,"7.4266414,43.7379299",end,end,,,true
9ad00bf9af1fb870200d,connect,156780348#1f,689855607#1r,"7.4191759,43.7388562",end,end,,,true
9ad589f9805c511dc5e0,connect,176577460#5f,176577460#5r,"7.4139032,43.7293663",start,end,,,true
9ae0c29caddd30cb22ec,connect,128273233#1f,4230105#3r,"7.4334951,43.7488339",start,start,,,true
9af503749e3195a02030,connect,164338241#4f,166009792#5f,"7.4224194,43.7394287",end,start,,,true
9b148f21b5a7ebc197d6,connect,120062662#1f,177425460#1f,"7.4195333,43.7361432",end,start,,,true
9b21aa18749c40b43d8b,connect,166399487#4f,166399487#4r,"7.4160425,43.7339478",start,end,,,true
9b296d47a5b099fda377,connect,166399487#6f,94399927#1f,"7.4165509,43.7355383",end,end,,,true
9b2afc08057974ace77e,connect,201009264#2r,360063233#1r,"7.4129275,43.7300768",start,end,,,true
9b3823030ee7d89cb744,connect,176477349#1f,254596489#1r,"7.4237917,43.7375487",start,end,,,true
9b42edd2f42e37818dd6,connect,1451501763#1r,25082741#6r,"7.4254806,43.7372286",end,start,,,true
9b4819e5dc49f0f21c97,connect,94400151#1f,94400151#2f,"7.4166643,43.7358533",end,start,,,true
9b57c14a7e47e21bf7b3,connect,503702166#1f,503702166#1r,"7.4173319,43.7296158",end,start,,,true
9b60192637e4a28df038,connect,158189830#1r,943330853#1f,"7.4104470,43.7291430",start,start,,,true
9b619e92e17074c0e88d,connect,1202361392#1f,157719645#3f,"7.4276654,43.7411907",end,start,,,true
9b6b70f42f7fb0b74b79,connect,353889275#1f,353889282#2f,"7.4304412,43.7414767",start,end,,,true
9b6c4c18fcd7c6d54bc2,connect,92627421#1f,92627422#1f,"7.4212120,43.7269077",end,start,,,true
9b6e42a6b92a51c33d36,connect,166399478#8f,348748065#1f,"7.4179191,43.7284751",start,start,,,true
9b77800eadaf41f2f169,connect,1230247123#1f,1230247123#1r,"7.4280368,43.7378020",end,start,,,true
9b7e66456aab42c1a33c,connect,4230006#1f,4230006#1r,"7.4274015,43.7398154",end,start,,,true
9b8a088c92bd51c62312,connect,1202747622#1f,1202747622#1r,"7.4183021,43.7272339",start,end,,,true
9b8ac74f2867176bec31,connect,720165108#1f,720165108#3f,"7.4232955,43.7408298",start,end,,,true
9b959ec75ad04a75ced5,connect,879995943#2f,879995943#2r,"7.4261576,43.7376141",start,end,,,true
9b9ae70f9bf471d59e78,connect,164338230#3r,164338230#4f,"7.4197084,43.7340051",start,start,,,true
9ba0be66d4915499bb41,connect,1233853668#1r,1410590317#1r,"7.4149069,43.7341833",end,start,,,true
9ba1dba81d7b82b84a70,connect,120062667#1f,177429339#1f,"7.4198297,43.7365726",start,end,,,true
9ba8b701ee3c12213519,connect,177588308#1f,177588308#1r,"7.4269537,43.7420698",start,end,,,true
9bbbc87c83fde8f75933,connect,693487406#1r,693487406#2r,"7.4330493,43.7466827",start,end,,,true
9bbf5db3765c3660e382,connect,1443764722#1r,1449407307#1r,"7.4311988,43.7468029",start,end,,,true
9bceff3658a9be5ef39c,connect,157719645#3f,157719645#4f,"7.4280815,43.7416059",end,start,,,true
9bdfdf99aed17de30f1b,connect,1342546059#1f,693487406#4r,"7.4327848,43.7468236",start,start,,,true
9be20eff27612b79404f,connect,1079489484#1f,1079489484#2f,"7.4181029,43.7352288",end,start,,,true
9bec962d7366bd523a94,connect,1342546111#2f,254596488#1r,"7.4301941,43.7443870",end,end,,,true
9bfe2496e10241b59f63,connect,161885378#2f,93091318#1f,"7.4245672,43.7329107",end,end,,,true
9c0610868f7cc7805fec,connect,572941874#3f,572941874#3r,"7.4280488,43.7386840",start,end,,,true
9c45e7b3d822c6da5cab,connect,176477342#1r,4229537#1f,"7.4256506,43.7386004",end,start,,,true
9c49eb9583cdccdfd660,connect,4227241#1f,503559455#1f,"7.4229757,43.7323832",start,start,,,true
9c4abdc809b4fe4e3a57,connect,177588308#2f,177588308#2r,"7.4269295,43.7420877",start,end,,,true
9c50abc9d7e175c3212c,connect,176510133#2f,176674530#3r,"7.4241349,43.7382264",end,start,,,true
9c64beb0c6c448d87893,connect,158189817#1f,158189817#1r,"7.4167776,43.7281825",start,end,,,true
9c7375eca892cf711dc1,connect,176336376#2f,176336376#3f,"7.4228604,43.7407827",end,start,,,true
9c74832f8ffaf1402e65,connect,879995943#1f,879995943#1r,"7.4253916,43.7375456",start,end,,,true
9c811623be69a07367e9,connect,338900930#1r,338900930#2f,"7.4352336,43.7493774",start,start,,,true
9c83f9889adb4fbb4d30,connect,157719685#1f,157719685#1r,"7.4235981,43.7407234",start,end,,,true
9c851dec07e6e9e1cc8c,connect,214635115#2f,833538179#2f,"7.4173406,43.7264722",start,end,,,true
9c8e3dc609b070d4c008,connect,166399487#1r,166399487#2r,"7.4153778,43.7333725",start,end,,,true
9c9278c0e43b89bf164e,connect,165636046#3r,165636046#4f,"7.4259510,43.7409504",start,start,,,true
9ca684c5b3d1ca263ae8,connect,982061461#1f,982061461#1r,"7.4246341,43.7409699",start,end,,,true
9cb7b07de191d730e8d1,connect,158215191#1f,503462475#2f,"7.4179107,43.7282998",start,end,,,true
9cb962a880ff4bc1fc62,connect,357168416#1f,357168416#1r,"7.4284005,43.7465988",end,start,,,true
9cb9791d68fc657f360b,connect,158215184#6f,158215184#6r,"7.4181426,43.7282837",end,start,,,true
9cbe538d0c243fb6c4d4,connect,159170450#1f,503475646#1f,"7.4177034,43.7328346",start,end,,,true
9ccc066e499a8f442c78,connect,176760116#3f,176760116#3r,"7.4353822,43.7485009",start,end,,,true
9cce3150cd950038f028,connect,159170522#3f,164338230#5r,"7.4196441,43.7342962",end,start,,,true
9cd66a4ce4763fe5573f,connect,278143579#2f,278143579#3f,"7.4142267,43.7271754",end,start,,,true
9cf5892552239aa15a33,connect,176257197#3f,503702168#1f,"7.4161795,43.7296048",end,start,,,true
9cf88950068d5c06d7ae,connect,200507331#1f,200507331#1r,"7.4144215,43.7278940",start,end,,,true
9cf892cfc39e84b7cdfa,connect,1428926458#1f,503475642#3f,"7.4221062,43.7366647",start,start,,,true
9cfe82c1d4d02e7bfe97,connect,166399478#1f,4224972#1f,"7.4174924,43.7296303",start,start,,,true
9d001dd891748c2e4ed3,connect,214635117#3r,214635117#4f,"7.4179149,43.7259119",start,start,,,true
9d06147c0a4df3070c1d,connect,158189831#2f,158189831#2r,"7.4105432,43.7291125",start,end,,,true
9d06ef7880a488631c05,connect,1342556412#3f,1342556412#3r,"7.4342780,43.7481281",start,end,,,true
9d0811bdc657ef9908a5,connect,1443764724#1r,176334442#2r,"7.4346497,43.7490410",end,start,,,true
9d126a63931a137e840f,connect,158215184#3r,158215184#4r,"7.4187182,43.7279531",start,end,,,true
9d23bef063f72169a43c,connect,4230099#7r,4230099#8r,"7.4365835,43.7500356",start,end,,,true
9d31f3f9ee252564ca0e,connect,1361686923#1f,788626643#1f,"7.4173557,43.7372467",start,end,,,true
9d339bf2f1e6b2260c49,connect,161885378#2f,4227216#3f,"7.4245672,43.7329107",end,start,,,true
9d3a143b49d1548f2783,connect,155085119#1f,155085119#2f,"7.4144288,43.7343738",end,start,,,true
9d5cf3709e5d202236ff,connect,177546829#1f,939532441#1f,"7.4292238,43.7451962",start,end,,,true
9d618c5e52d6eff06e41,connect,1082281160#1f,1082281160#2r,"7.4179173,43.7258428",end,end,,,true
9d6a683f25f2e4f643e2,connect,157719645#2f,157719645#2r,"7.4271661,43.7406985",start,end,,,true
9d70cc8f9a3cce9bf808,connect,176477342#2r,176477342#3r,"7.4257182,43.7386514",start,end,,,true
9d73a146276363442a2c,connect,157719698#1f,4230006#1f,"7.4272971,43.7397122",start,start,,,true
9d82f783e3d19dac6f59,connect,1243224906#1f,167625756#2f,"7.4288098,43.7459878",start,start,,,true
9d8545a5059cb6010d93,connect,334365244#1f,334365244#1r,"7.4218923,43.7405429",start,end,,,true
9d86ed1b9bf91ac518e1,connect,165636047#3f,165636047#4f,"7.4294832,43.7454716",end,start,,,true
9d8f1c1356db64a53b40,connect,503462470#1r,952419573#1f,"7.4173897,43.7316435",end,start,,,true
9d9259f39fa72050b202,connect,586268005#1f,586268005#1r,"7.4236033,43.7373154",end,start,,,true
9da5805fbffaee872bd5,connect,161775593#2f,485746484#1f,"7.4230269,43.7368624",end,start,,,true
9dbd64fc023111838d1d,connect,166149542#6r,4229325#1f,"7.4201113,43.7373194",start,start,,,true
9dbdd3ef7c5bf09b04bd,connect,158189819#1f,158189819#1r,"7.4144690,43.7280561",start,end,,,true
9dbecc2b7d18850597e0,connect,128273234#1f,128273234#2r,"7.4326032,43.7490151",end,end,,,true
9dc9e533f9b272aae20a,connect,158189817#2f,158189817#2r,"7.4162353,43.7285095",start,end,,,true
9de0a14b856435617f15,connect,128273233#1r,4230105#3r,"7.4334951,43.7488339",end,start,,,true
9de45307b3851649ab26,connect,317925725#1f,688744912#1r,"7.4144363,43.7338298",end,end,,,true
9de7a77a46ed5c20915f,connect,159170479#3f,164338230#1r,"7.4197593,43.7337483",end,start,,,true
9df65a6d114b20c6799e,connect,157719645#10f,157719645#11f,"7.4297334,43.7447533",end,start,,,true
9dfd8c582c80b69348a4,connect,157719645#10f,157719645#9f,"7.4291274,43.7437824",start,end,,,true
9dff698e52c700a0e774,connect,165636047#4f,165636047#4r,"7.4294832,43.7454716",start,end,,,true
9e1767f44162339f2cd5,connect,159170465#4f,166399488#1r,"7.4184263,43.7367055",end,end,,,true
9e24a31d9a14c5842939,connect,214635117#6f,214635117#7r,"7.4180931,43.7257852",end,end,,,true
9e3903726b329c9c1a2b,connect,128273231#1r,4230106#3f,"7.4327711,43.7485850",end,end,,,true
9e3ca66e646d2e1953a9,connect,165636038#2f,165636038#3f,"7.4200945,43.7322787",end,start,,,true
9e3e69842988f6c9bc4a,connect,161748261#3f,161748261#4f,"7.4289704,43.7414826",end,start,,,true
9e3eb771e05abb900478,connect,766768153#1r,766768153#2r,"7.4223636,43.7341605",start,end,,,true
9e49d0b6eff6c2d81127,connect,166399478#7f,166399478#8f,"7.4179191,43.7284751",end,start,,,true
9e6ebf8da02da21eb39d,connect,4230006#2r,4230006#3r,"7.4274959,43.7399103",start,end,,,true
9e85f2277161eb6e60b5,connect,164338243#1f,164338243#1r,"7.4236490,43.7403378",start,end,,,true
9e888d7b2643514bafc3,connect,157719698#1f,4230009#1f,"7.4272971,43.7397122",start,end,,,true
9e8a4498596d191ca919,connect,1233853668#3r,181479771#1f,"7.4150835,43.7344132",start,start,,,true
9e92dad0ea6043372c06,connect,166009792#1r,166009792#2r,"7.4238573,43.7399010",start,end,,,true
9e958b99fe635eb87ada,connect,166399488#2f,166399488#2r,"7.4189151,43.7370478",end,start,,,true
9e95a5b24f038e0b3b15,connect,448186716#1r,448186716#2f,"7.4166871,43.7263616",start,start,,,true
9e9c54658d295974f7cf,connect,1443764723#2r,176334442#1r,"7.4334983,43.7484416",start,end,,,true
9e9ebd99dcee7081786e,connect,120062658#1f,120062662#1f,"7.4198334,43.7364288",end,start,,,true
9ea301e146b8cb2c7df7,connect,834185360#1r,834185360#2r,"7.4269098,43.7320911",start,end,,,true
9ea72d891d536ad89672,connect,1024393367#1f,120062663#1f,"7.4185553,43.7353540",end,start,,,true
9eba367cb50de4182e33,connect,166399478#8r,166399478#9f,"7.4179289,43.7284198",start,start,,,true
9ec29007e570c1f88f16,connect,1081601380#1f,176776353#1r,"7.4217052,43.7333985",end,start,,,true
9ecd1b26c557d0c695b6,connect,1314186421#1r,166399478#6r,"7.4179056,43.7287625",end,start,,,true
9ed0aeefd05ede38bbdf,connect,166399487#5f,166399487#5r,"7.4163510,43.7350811",end,start,,,true
9edc3dfa636b7e41c9a0,connect,4230007#1f,4230007#1r,"7.4295170,43.7405242",end,start,,,true
9ede13ae3c2b97d2a5bc,connect,164338247#5f,164338247#5r,"7.4286900,43.7431711",end,start,,,true
9ee2d5b191d23b0c6fb5,connect,833538179#1f,833538179#2f,"7.4173273,43.7265143",end,start,,,true
9ee55792a311c9af06e2,connect,766768153#6f,766768153#6r,"7.4234484,43.7326800",end,start,,,true
9efb5384d51a1b7941e1,connect,4227216#2r,4227216#3r,"7.4245672,43.7329107",start,end,,,true
9f0373bba8c4ca37eaa4,connect,155085120#1f,155085120#2f,"7.4153902,43.7320364",end,start,,,true
9f13eb65f41638a36ca6,connect,1099877048#2f,1099877048#2r,"7.4371163,43.7499913",start,end,,,true
9f192cb5ed86c4c98031,connect,157719653#1r,254596487#1r,"7.4298880,43.7402056",end,start,,,true
9f23c003b80f1a20ee26,connect,503559464#3f,503559464#3r,"7.4284596,43.7339317",end,start,,,true
9f313c03a01beaf0631d,connect,568187257#1f,568187257#1r,"7.4295996,43.7402054",end,start,,,true
9f31c7e30343be39a067,connect,334364604#1f,334365244#1r,"7.4223981,43.7410519",end,start,,,true
9f350e799a2189de641a,connect,166399487#5f,166399487#6r,"7.4163510,43.7350811",end,end,,,true
9f428979afb200655383,connect,1086377398#2r,503633032#5f,"7.4361604,43.7486422",start,start,,,true
9f48580ff02d2934f851,connect,182692350#1f,318654737#1f,"7.4148737,43.7284100",end,start,,,true
9f6de2ed19a27afde009,connect,156772047#4f,156772047#5f,"7.4287155,43.7385771",end,start,,,true
9f6e2bcf111719e088c2,connect,158215191#2f,158215191#2r,"7.4175433,43.7282122",end,start,,,true
9f75afa0f8f719de9a83,connect,156772047#3f,156772047#3r,"7.4281189,43.7381945",end,start,,,true
9f87d8726c5fc550f371,connect,1243224902#1f,167625756#5f,"7.4286935,43.7460613",end,start,,,true
9f89ca367f6a7d55828c,connect,165636038#4f,4227198#1f,"7.4203389,43.7322395",start,start,,,true
9f919bd7c79cc8fab782,connect,67923338#1f,67923338#1r,"7.4178699,43.7372793",start,end,,,true
9f934504936d01ebaf5a,connect,176757513#1f,503813542#1f,"7.4179411,43.7318563",start,end,,,true
9f9d807f58010a2e81ae,connect,181479771#1f,181479771#2f,"7.4154628,43.7349466",end,start,,,true
9f9e822467001e9a6e6b,connect,503475642#3r,503475643#1r,"7.4217790,43.7355741",start,end,,,true
9fa1d4f2834a0ee5e2d2,connect,120062666#1f,120062666#1r,"7.4198297,43.7365726",start,end,,,true
9fa37298c1dbdbf20869,connect,177049248#1f,177049248#2f,"7.4188736,43.7254481",end,start,,,true
9fb3419608cddf500776,connect,690914541#1f,690914541#1r,"7.4139682,43.7275899",end,start,,,true
9fbc5fb59de3768b096a,connect,41929969#1f,41929969#1r,"7.4303262,43.7403619",start,end,,,true
9fc0c7aaadf3529011f3,connect,572941874#2r,93137627#2r,"7.4280638,43.7386121",end,start,,,true
9fda9e1a895c2a30c3c5,connect,214635117#2f,214635117#3r,"7.4175843,43.7261424",end,end,,,true
9fdcaf7e464d927e63c9,connect,317925725#2f,317925725#2r,"7.4148552,43.7341317",end,start,,,true
9ff1d9314b02e584452e,connect,176776331#2f,176776331#3f,"7.4213093,43.7343755",end,start,,,true
9ff6b61c878d834bafd1,connect,4227208#1r,4227208#2r,"7.4262064,43.7317676",start,end,,,true
a00c79d0b633d1b63ad9,connect,1342546064#1f,93137558#3r,"7.4328605,43.7470233",start,end,,,true
a0131325adbd473f77be,connect,150050283#1r,167625727#3f,"7.4173816,43.7298765",end,start,,,true
a0131819ab750aaa36d8,connect,233894501#1f,25082741#6f,"7.4253078,43.7372056",start,start,,,true
a0180eeef970e906a268,connect,850261580#1r,850261580#2f,"7.4255193,43.7315902",start,start,,,true
a01f5b0b0e5f61d86674,connect,353889390#1r,448286547#1f,"7.4129686,43.7295886",end,end,,,true
a021c01d14972763bef9,connect,128273231#1r,128273234#1r,"7.4323674,43.7489310",start,end,,,true
a02e91b6f932fc022cbc,connect,4230187#3f,4230187#4f,"7.4268924,43.7420234",end,start,,,true
a03a408343888dfeada8,connect,4227253#1f,850261591#1f,"7.4207044,43.7339659",end,start,,,true
a03cd990cc7a432bdd96,connect,686878369#1f,686878369#1r,"7.4168696,43.7371118",end,start,,,true
a03dde25e0b950c9fdaf,connect,435062251#1f,503090216#1f,"7.4106015,43.7310737",end,start,,,true
a0501265948d09b26ce0,connect,165636047#4r,4229298#1f,"7.4295803,43.7455897",start,start,,,true
a064ae03ba24b7abbc00,connect,157719649#4f,157719649#5f,"7.4225474,43.7402706",end,start,,,true
a06770dc555184bd01ed,connect,156772047#4f,156772047#5r,"7.4287155,43.7385771",end,end,,,true
a06797b0d21c5384bc0d,connect,1019360050#2f,1327492347#1f,"7.4167683,43.7319457",start,end,,,true
a0712222da95d51f64b6,connect,4229243#1f,92627441#2f,"7.4125268,43.7287070",start,end,,,true
a071f5457a26d352e418,connect,182692348#1f,182692350#1f,"7.4151640,43.7286126",start,start,,,true
a077b3d8629b08d052a4,connect,503783368#1f,503783368#1r,"7.4297212,43.7427919",end,start,,,true
a0830d16ef7efca53600,connect,4230099#1f,4230099#2r,"7.4362936,43.7503054",end,end,,,true
a08d8ce3a11fdb5a91c3,connect,4230117#1f,4230117#1r,"7.4302666,43.7467818",end,start,,,true
a0a1f53ff34b5f674029,connect,172533153#1f,423632264#2r,"7.4178089,43.7318525",start,start,,,true
a0a27aefe10ee4ead083,connect,308214646#2f,308214646#3r,"7.4270648,43.7394705",end,end,,,true
a0a2daa2f7ad70dbf33d,connect,1365041486#1f,1365041486#1r,"7.4290991,43.7382406",start,end,,,true
a0b34d9ef9cfb0e6f0cd,connect,1342546058#3f,1342546058#3r,"7.4322678,43.7460405",start,end,,,true
a0bb1a53ce58e2def8f5,connect,120114107#1f,120114107#1r,"7.4167980,43.7319595",end,start,,,true
a0bca34dbfcc54d7da66,connect,156772047#7f,156772047#7r,"7.4289548,43.7388035",start,end,,,true
a0c1458edb4fc0ab9c7d,connect,24655134#1f,503783369#1f,"7.4301941,43.7443870",start,start,,,true
a0ce7d5bd2cdd04742fc,connect,503559464#2f,503559464#3r,"7.4277815,43.7335806",end,end,,,true
a0d1744b3d447959a247,connect,166009792#3f,166009792#3r,"7.4228610,43.7395679",end,start,,,true
a0d3dce488e819cd9172,connect,176682382#1r,92627441#1f,"7.4124987,43.7286071",end,end,,,true
a0d4ce0524aab9bed0ea,connect,160004393#1f,160004393#1r,"7.4279727,43.7377783",end,start,,,true
a0e00d2f28ae0d52f0d2,connect,278143579#1f,501241476#1f,"7.4145611,43.7268525",start,start,,,true
a0ef5e9f92c0f5873271,connect,688731312#1f,688731312#2f,"7.4143030,43.7324514",end,start,,,true
a10b9fa29af3439fae7a,connect,1342546111#2r,254596488#1r,"7.4301941,43.7443870",start,end,,,true
a10f6f6d9989e3b22753,connect,448186736#1f,448186736#1r,"7.4179149,43.7259119",start,end,,,true
a12bb79717969bec7f57,connect,160004393#1r,4229536#2f,"7.4273074,43.7375321",end,end,,,true
a1447d8eb594e45d88f5,connect,503434359#1f,94399877#1f,"7.4168105,43.7358181",start,start,,,true
a1460c142fbfae35ab69,connect,158007921#1f,834307952#1f,"7.4274432,43.7317538",start,end,,,true
a14a8af217ecd3abc58e,connect,166009795#1f,166149556#1f,"7.4190942,43.7380836",end,start,,,true
a14cd8571793877cb12f,connect,92627403#1r,92627418#1f,"7.4264707,43.7374911",end,end,,,true
a1564b45061dc93e4661,connect,156188798#1f,156188798#1r,"7.4287155,43.7385771",start,end,,,true
a16a651e90bac3e6607e,connect,503559464#4f,503559464#4r,"7.4286575,43.7340395",end,start,,,true
a17cfeddac043d8a14fa,connect,159175448#1f,159175448#1r,"7.4383615,43.7492826",end,start,,,true
a17eb5dd7f2107e6f5c9,connect,176774211#1f,176774263#3f,"7.4220781,43.7322379",end,start,,,true
a1851453871d3fefb340,connect,4230118#1f,4230118#1r,"7.4307478,43.7476953",start,end,,,true
a19256430c42790123b8,connect,150050283#2f,150050283#3r,"7.4175592,43.7300775",end,end,,,true
a19336dc1cc79efd0461,connect,503783373#1f,503783374#1r,"7.4319668,43.7465094",end,end,,,true
a1b78930d2b2e0d03b07,connect,78141882#1f,78141882#1r,"7.4212477,43.7370881",end,start,,,true
a1b84d5b90c153d607a9,connect,167625743#1f,4229274#2f,"7.4170563,43.7298295",start,start,,,true
a1ceab67d51a4ae955d5,connect,1131276187#1f,1131276187#2f,"7.4181118,43.7343425",end,start,,,true
a1d8584f810497778e6a,connect,167086057#1f,167086057#2f,"7.4184383,43.7346613",end,start,,,true
a1deba0c6744575eef0b,connect,161887490#1f,161887494#1f,"7.4267599,43.7331798",start,start,,,true
a1edd0a53cd1718a276c,connect,159170492#1f,166399489#1f,"7.4173296,43.7371626",start,start,,,true
a1f509b2a81ff14ac766,connect,159170452#1f,694608615#1f,"7.4189985,43.7324054",start,end,,,true
a1f56fa0e122242baf2f,connect,159170505#1f,850261592#1f,"7.4206431,43.7343829",end,start,,,true
a1f9bf6430a0d00f9ed2,connect,278143579#1f,278143579#2f,"7.4143407,43.7270810",end,start,,,true
a1ff840b8108d934c466,connect,176337641#2f,176337641#3f,"7.4158380,43.7358009",end,start,,,true
a200d310751e11871b13,connect,164338242#1f,507581429#1f,"7.4252664,43.7412557",start,end,,,true
a234c0fda356c924a746,connect,4229539#2f,4229539#2r,"7.4255911,43.7386159",end,start,,,true
a235603fcff0f102a6c1,connect,503559464#1r,503559464#2f,"7.4273110,43.7334891",start,start,,,true
a23aefcd8cda17d21b78,connect,1365041523#1f,176577460#3f,"7.4141458,43.7291795",end,start,,,true
a23f4cb178c291a3aa30,connect,128273234#2f,176333304#2f,"7.4331158,43.7492223",end,start,,,true
a242b5deab7023d43514,connect,166399497#1f,788626643#1f,"7.4173557,43.7372467",start,end,,,true
a25bb68cbf7b770da433,connect,1024523797#1f,1024523798#1r,"7.4290583,43.7338557",end,start,,,true
a25f13c7a7b9cf8c9e45,connect,1212029943#1f,503753416#1f,"7.4155679,43.7311524",start,end,,,true
a263cbb17e2cdb0466ba,connect,1081601380#2r,1081601380#3f,"7.4216746,43.7334914",start,start,,,true
a26c5b2fde44d9e83d32,connect,157719641#1r,164338243#1r,"7.4236490,43.7403378",end,end,,,true
a270f96932ce74b8f7e3,connect,1202730135#1r,181479772#2f,"7.4135748,43.7315009",end,start,,,true
a285236522c3d6836349,connect,161775592#3f,161775592#4f,"7.4277976,43.7388340",end,start,,,true
a28c89537dcc21bf7caa,connect,35092475#3f,95825511#4f,"7.4265116,43.7386376",start,end,,,true
a28e71d0cd690c00d70f,connect,1146071897#1f,1233853668#1f,"7.4149386,43.7342219",start,end,,,true
a29468c3763be68c68a9,connect,434567309#1f,434567309#2r,"7.4276466,43.7400580",end,end,,,true
a295b1b9df763daa2e8f,connect,165636047#1f,165636047#1r,"7.4292417,43.7449588",start,end,,,true
a297b92b62283a34dbd7,connect,177189425#4r,503462473#1f,"7.4171764,43.7264037",start,end,,,true
a2a41ca0ff2353a54979,connect,1019174499#1f,941922152#1f,"7.4377482,43.7516532",start,end,,,true
a2a516a92dfcf8963d73,connect,1470365904#1f,353889280#1f,"7.4300925,43.7411040",end,start,,,true
a2b5d7f390261a0d9c91,connect,176682382#1f,176682382#1r,"7.4124987,43.7286071",start,end,,,true
a2b8e7a2affe49072118,connect,1283578082#1f,166149542#4r,"7.4195128,43.7367973",start,end,,,true
a2bef4d0682e6854ccdf,connect,1342556413#2r,93137558#4f,"7.4344177,43.7479471",start,end,,,true
a2d51eb38e3a5161f32f,connect,157719641#1f,176336376#4f,"7.4234104,43.7404968",end,end,,,true
a2daf5fdcd69f263d100,connect,1212029940#1f,774751108#1f,"7.4147839,43.7306609",start,end,,,true
a2e1e48eb7a1cb252dbe,connect,1470365899#1f,165636039#1f,"7.4302508,43.7411455",end,start,,,true
a2f0a0a08fb100841f1a,connect,778744698#2r,778744698#3r,"7.4290554,43.7392537",start,end,,,true
a32f3bcc831a580a3a0b,connect,1428926465#1f,212764302#1f,"7.4124008,43.7285892",end,end,,,true
a332c87f1cf8c003cc6f,connect,1388331349#1f,699218006#1f,"7.4220043,43.7368716",end,start,,,true
a336d50ccf8cc98d87d1,connect,503434361#1f,503434361#2f,"7.4173473,43.7304140",end,start,,,true
a34eb00e4e4119187cd4,connect,4230099#6f,4230099#7f,"7.4366261,43.7500705",end,start,,,true
a353fb387142d6cfea8b,connect,35092475#2f,35092475#2r,"7.4265116,43.7386376",end,start,,,true
a37586b853734a6bc178,connect,503475643#1f,503475643#2r,"7.4220901,43.7351390",end,end,,,true
a37eb3f68d8cb8c29ef0,connect,1148675745#1f,1148675745#2f,"7.4296871,43.7409778",end,start,,,true
a3823a27d579e44bc72e,connect,4230099#5f,4230099#6f,"7.4368502,43.7502536",end,start,,,true
a382aaac5ea59f20fe87,connect,1449972056#1f,1449972057#1f,"7.4134629,43.7319042",end,end,,,true
a388960135dbce043e0b,connect,503434396#1f,944079970#1f,"7.4267074,43.7416333",start,start,,,true
a38a26cbc6542076a297,connect,157719642#1f,166009792#1f,"7.4239342,43.7399395",start,start,,,true
a392301fe7ad72429702,connect,334511470#1f,334511470#1r,"7.4150001,43.7362968",start,end,,,true
a392affa08b07a3bb8d6,connect,1297328848#1r,155085119#4r,"7.4145808,43.7349185",start,start,,,true
a3970f4259e386cd1128,connect,157719647#3f,200502085#2f,"7.4250372,43.7395782",start,end,,,true
a39adefdcb2c5b54a7d3,connect,176257197#2f,503702169#1f,"7.4164608,43.7297420",end,start,,,true
a39ca547cd9efcf845c1,connect,1019360049#1f,121380669#1r,"7.4167099,43.7319497",end,start,,,true
a3ae562c4e2468edc360,connect,93091314#1f,93091317#1f,"7.4206574,43.7321276",end,start,,,true
a3ae96309073ec0fa3c2,connect,161733292#1f,568187257#2r,"7.4291921,43.7406247",end,start,,,true
a3b4c48d70179530b479,connect,120113156#1f,120113156#2f,"7.4203651,43.7379469",end,start,,,true
a3b5d9be4b61235b269c,connect,176760116#2r,176760116#3r,"7.4353822,43.7485009",start,end,,,true
a3b80d705567c4fe9e52,connect,166149542#1r,166149542#2r,"7.4170825,43.7348242",start,end,,,true
a3c741e9c27187ef334d,connect,164338244#1f,982061461#1r,"7.4246341,43.7409699",end,end,,,true
a3caf54e28e6d2d7c383,connect,35092477#1f,41929969#1f,"7.4303598,43.7408882",start,end,,,true
a3d61fb4c18afcbba73a,connect,4230099#7f,4230099#7r,"7.4365835,43.7500356",end,start,,,true
a3f1cf15c55e7fd5175a,connect,176577460#6r,176577460#7r,"7.4150820,43.7303520",start,end,,,true
a3f9269871de88a30431,connect,1001561437#1f,463430038#1f,"7.4113755,43.7311760",start,end,,,true
a3fc91419f6419fd731b,connect,157719668#1f,157719668#2r,"7.4238054,43.7399519",end,end,,,true
a4039e1ec2079b95a813,connect,166149556#1f,4229327#1r,"7.4193491,43.7378381",end,end,,,true
a40dadc8fc65c335316d,connect,155085120#2f,155085120#2r,"7.4157403,43.7322993",end,start,,,true
a418dbfb09b1e4197095,connect,1388331349#1f,699218006#1r,"7.4220043,43.7368716",end,end,,,true
a41f536a4a2eb41e6bc9,connect,503633032#8f,851792666#1f,"7.4371342,43.7490640",end,start,,,true
a42de8b7d227b0df89de,connect,177232619#3f,177232627#1f,"7.4260334,43.7400182",start,start,,,true
a433cd27bffbdd3f653d,connect,176776331#1f,176776331#2f,"7.4216210,43.7335879",end,start,,,true
a43ef8cd06045a655f17,connect,161748260#2f,166399501#5f,"7.4287442,43.7411034",end,start,,,true
a44a8c11878f89f15b58,connect,182692348#1f,182692348#2f,"7.4152478,43.7285983",end,start,,,true
a4637a3ee0d99f3680d5,connect,31900611#2f,31900625#1r,"7.4225136,43.7346600",end,end,,,true
a46a3c59fb415881033a,connect,158215196#2f,177052555#1f,"7.4194392,43.7281402",start,start,,,true
a46b78c2af943852d23f,connect,176477342#4r,4097656#1r,"7.4259881,43.7389156",start,end,,,true
a473f7a1f77c3444f389,connect,4230011#6f,4230011#6r,"7.4276726,43.7402742",end,start,,,true
a482ebeb6a2e4bb3e164,connect,503550472#1f,68814581#1f,"7.4181048,43.7375494",start,start,,,true
a482fc28982619313dcd,connect,308214646#3f,4230009#1f,"7.4271748,43.7394883",end,start,,,true
a48717fc78d992e7216f,connect,834313093#4f,834313093#4r,"7.4278662,43.7322363",end,start,,,true
a48873bf6479b315a229,connect,128273231#1f,128273231#1r,"7.4323674,43.7489310",end,start,,,true
a4a240f4f61601167781,connect,1388331346#1f,1388331349#1f,"7.4216926,43.7368305",start,start,,,true
a4aff8f87c92eee40170,connect,92627427#1f,92627427#1r,"7.4279687,43.7379148",start,end,,,true
a4bc83159b72358da1a4,connect,1019646823#2f,1019646823#2r,"7.4106015,43.7310737",end,start,,,true
a4bef49ae17a15462455,connect,157719645#6f,157719645#7f,"7.4285174,43.7423514",end,start,,,true
a4c1e71358574ff7118a,connect,176477341#1f,176477349#1f,"7.4226799,43.7376499",start,end,,,true
a4c26ecb2ec4f3933c7d,connect,39839529#2f,39839529#2r,"7.4230516,43.7323963",start,end,,,true
a4c777d2ac255fda7454,connect,1549110516#1r,201009264#3f,"7.4128197,43.7303666",end,end,,,true
a4cbecb8f1f6679cf5dd,connect,1410590314#1r,1449972061#1f,"7.4141396,43.7345609",end,end,,,true
a4d9e39110201dfa0006,connect,1238339145#1f,1238339145#2f,"7.4318045,43.7450422",end,start,,,true
a4e37a9aad9fd209a5d9,connect,308214646#2f,308214646#2r,"7.4270648,43.7394705",end,start,,,true
a4f173de5087110cac2e,connect,686878340#1r,686878340#2r,"7.4163131,43.7367488",start,end,,,true
a4f4d4a7a4da463f7633,connect,157719641#1f,157719668#2f,"7.4236490,43.7403378",start,end,,,true
a4f706bc2fbd4ed41520,connect,1233828726#1f,501241476#2f,"7.4139956,43.7272676",start,end,,,true
a4f8516e48cf158d3df5,connect,214635114#1f,214635117#1f,"7.4173167,43.7263600",end,start,,,true
a4fd43dcb644c6ccab4f,connect,4227216#3f,4227216#4r,"7.4251026,43.7330219",end,end,,,true
a50936df0fbd769ca626,connect,200502086#1f,200502086#2f,"7.4246154,43.7395901",end,start,,,true
a50c0781b834df11067d,connect,4230007#1f,4230007#2f,"7.4295170,43.7405242",end,start,,,true
a5152fa47c8bdea911a1,connect,278143566#1f,278143566#1r,"7.4137509,43.7285262",end,start,,,true
a518dc70916d3f1a1a0c,connect,169297863#1r,169297863#2f,"7.4245897,43.7323501",start,start,,,true
a518fb2902929fe2a430,connect,176336377#1r,176336377#2r,"7.4222326,43.7411456",start,end,,,true
a537666523f466f10892,connect,226201294#1f,226201294#1r,"7.4270539,43.7371553",end,start,,,true
a53fcfb3b862a8bef8d6,connect,1365041486#2r,4230891#3r,"7.4294579,43.7386365",start,end,,,true
a54834afaf52469364ac,connect,143536261#2f,156780348#1r,"7.4193676,43.7388641",end,end,,,true
a54b3710e1db1c121acc,connect,214636589#1f,214636589#1r,"7.4222309,43.7350130",start,end,,,true
a54f610d61aed37fd394,connect,158215196#2f,177052555#1r,"7.4194392,43.7281402",start,end,,,true
a55221b5bbb663a94e37,connect,503434403#1f,850261580#2r,"7.4254766,43.7315852",end,start,,,true
a557206c701914c8406f,connect,128273232#1f,4230099#9r,"7.4362781,43.7494769",end,start,,,true
a557a57129852c9647b1,connect,4230006#1f,4230006#2r,"7.4274015,43.7398154",end,end,,,true
a564e874d7f131aae8c7,connect,176577460#1f,176577460#1r,"7.4143945,43.7289873",start,end,,,true
a56ad167e9819dc2df96,connect,446530365#1f,446530365#2f,"7.4147909,43.7285210",end,start,,,true
a56c3aa95ed29fcbd9f2,connect,31900636#2f,31900636#2r,"7.4234679,43.7341131",end,start,,,true
a56e99f1a0d2110cf06c,connect,120062666#1f,120062667#1f,"7.4198297,43.7365726",start,start,,,true
a574aa3021692f2eaebb,connect,35092475#4f,35092475#4r,"7.4266414,43.7379299",end,start,,,true
a5793feb3569f3933115,connect,503559461#1f,93137562#1f,"7.4373100,43.7491984",end,start,,,true
a57da8cae82c3a17785c,connect,981971425#1f,981971425#2r,"7.4313239,43.7482224",end,end,,,true
a5844ab4aa2581579c29,connect,35092475#3f,35092475#3r,"7.4267039,43.7379518",end,start,,,true
a5947bee9c2e21b0bdc8,connect,164338238#1f,164338241#1f,"7.4218357,43.7398553",start,start,,,true
a5948d790df503307929,connect,688731299#4f,688731299#5r,"7.4150227,43.7330547",end,end,,,true
a59a65869efa2f68dea0,connect,176774211#2f,176774211#2r,"7.4222734,43.7322074",end,start,,,true
a59ace59d4fc8fa84c72,connect,158215184#4f,158215184#5f,"7.4185546,43.7281517",end,start,,,true
a59f5f63ec48f872e782,connect,851792658#2f,851792658#2r,"7.4123300,43.7311960",start,end,,,true
a5a0c2b3bd719bf2f3fe,connect,503633031#2f,503633031#3f,"7.4320120,43.7454872",end,start,,,true
a5b6280b41911b580d13,connect,1549110514#1r,92627425#1f,"7.4105187,43.7293128",end,start,,,true
a5bcf0ee05421335d159,connect,39839529#2r,93091320#1r,"7.4234851,43.7326198",start,end,,,true
a5c9e3aefec583b54afe,connect,1453165194#1r,166399486#2f,"7.4129634,43.7308102",end,start,,,true
a5cebeaa6286b806804d,connect,158189830#1f,943330853#1f,"7.4104470,43.7291430",end,start,,,true
a5dc217bf6ddaac36657,connect,31900625#1r,31900636#2f,"7.4232919,43.7347717",start,start,,,true
a5fc5e2e8e8c0792e1d9,connect,161775593#1f,161775593#2r,"7.4231012,43.7369385",end,end,,,true
a5fec45fd34ffdbc7150,connect,106705723#1f,4229327#1f,"7.4196041,43.7377617",start,end,,,true
a602256741f27ad6e9a8,connect,177546829#1f,177546829#1r,"7.4291378,43.7450311",end,start,,,true
a60578805e9dbee79159,connect,503434401#1f,503813534#1f,"7.4196227,43.7322971",start,start,,,true
a62d829df4b7b121da46,connect,423632264#2f,423632264#2r,"7.4176953,43.7318119",start,end,,,true
a63305b2d24e49116999,connect,176333307#3f,176333307#4r,"7.4291934,43.7448512",end,end,,,true
a640a399940fb93c4c31,connect,1297328848#1f,155085119#4r,"7.4145808,43.7349185",end,start,,,true
a6502647232ac4d7eea1,connect,1365041529#1f,1365041529#2r,"7.4155500,43.7291265",end,end,,,true
a65a24bb84950eea6eb6,connect,1388331343#1f,161882802#1f,"7.4215424,43.7369641",start,start,,,true
a65af89de84e83d6f8f4,connect,159170522#2f,159170522#3f,"7.4195739,43.7342880",end,start,,,true
a65d424bc564d995283c,connect,166399501#3f,850261602#7r,"7.4280619,43.7404648",end,start,,,true
a664a6109ca312a407dd,connect,120114107#1f,120114107#1r,"7.4171671,43.7316560",start,end,,,true
a666aaf846884f326caa,connect,1203849334#2f,1203849334#2r,"7.4201329,43.7348777",start,end,,,true
a66883c0e130ffa109db,connect,182700002#7f,182700002#8f,"7.4317811,43.7452625",end,start,,,true
a69f19edb1bcde5c88e4,connect,4230006#1r,4230009#1f,"7.4272971,43.7397122",end,end,,,true
a6b5933dea356d8f03ec,connect,334368435#1f,334368435#1r,"7.4244517,43.7408677",end,start,,,true
a6c29dfa527a9ac0f41e,connect,167625719#2f,167625719#3f,"7.4228018,43.7298496",end,start,,,true
a6d79cc2d4e800eb3303,connect,161887494#1f,161887494#1r,"7.4267599,43.7331798",start,end,,,true
a6e26dfae7ee3099c978,connect,214635115#1r,214635115#2r,"7.4173406,43.7264722",start,end,,,true
a6e4dd97c0e48f2b8332,connect,1327492341#1f,952419571#1f,"7.4171229,43.7316079",start,end,,,true
a6f486c0981cabfeea15,connect,157719652#2f,157719652#2r,"7.4255076,43.7403015",end,start,,,true
a7005cee05dc6eede892,connect,220547252#1r,690914532#1f,"7.4132997,43.7274216",end,start,,,true
a70731f7ba687a1b0364,connect,158215197#1r,214635117#8f,"7.4184894,43.7255194",end,start,,,true
a7119c5138a53350cc07,connect,93137558#4f,93137558#4r,"7.4344177,43.7479471",end,start,,,true
a7161e324637a96c1eec,connect,766768153#2f,766768153#2r,"7.4223250,43.7339783",end,start,,,true
a717e768f26647046d7a,connect,176674530#3r,4229537#3f,"7.4242857,43.7383814",end,end,,,true
a71ab26b2195b12fecae,connect,788120418#1f,792884355#2f,"7.4252835,43.7414366",end,start,,,true
a71cd34fa9891efb0b4d,connect,160004399#1r,160004399#2f,"7.4261667,43.7373421",start,start,,,true
a724bd140ea45fccbc66,connect,448285212#1r,449281220#1f,"7.4128008,43.7296906",end,end,,,true
a72a559fc2e745f3f356,connect,360063227#1f,360063227#1r,"7.4118229,43.7284180",end,start,,,true
a741572967aa4dbed9a4,connect,93137558#2r,93137558#3r,"7.4328605,43.7470233",start,end,,,true
a741d61923659a9c7207,connect,1034247204#2r,503638814#2r,"7.4368691,43.7497821",start,end,,,true
a743c7c58567f73f642a,connect,155085108#1r,92627433#1r,"7.4146056,43.7311246",end,start,,,true
a74494c6c22227ac0ec8,connect,4230099#1r,4230099#2r,"7.4362936,43.7503054",start,end,,,true
a75561c877bb13461c7d,connect,121380669#1f,503753417#1f,"7.4160902,43.7314856",start,end,,,true
a7580d95518b3b4bf5be,connect,158189819#1f,158189819#1r,"7.4144215,43.7278940",end,start,,,true
a7665cc8ab9fce825e2f,connect,1435973405#1f,176760117#1r,"7.4379979,43.7496196",start,start,,,true
a77661bc5b198834bce2,connect,4227212#2f,503434403#1f,"7.4254332,43.7315559",end,start,,,true
a776994fee245258d52b,connect,1449972040#1f,503462461#1f,"7.4153137,43.7287594",end,start,,,true
a77f0c98156e579c9f14,connect,503434372#1f,503462459#1f,"7.4170580,43.7299926",start,start,,,true
a77f322e7cf8262892c4,connect,161882796#2f,176776331#5f,"7.4212806,43.7344740",start,start,,,true
a77fa3e4bada70dc4356,connect,1233853668#2f,1233853668#2r,"7.4149386,43.7342219",start,end,,,true
a780df1d24b17d03f623,connect,176334445#2f,4230105#1r,"7.4322901,43.7479601",start,end,,,true
a782e29c3d49ee17eb95,connect,159170458#1r,854880222#1f,"7.4171323,43.7329167",end,end,,,true
a789592e6ba1375c535d,connect,176333307#1r,4230186#1f,"7.4285224,43.7435476",end,start,,,true
a78d8dedcb1f7f7420ee,connect,4098197#1r,4098197#2f,"7.4317445,43.7472776",start,start,,,true
a791c3b7ab3925c357c7,connect,1453165194#1f,166399486#1f,"7.4129634,43.7308102",start,end,,,true
a796da7cc1ccde038565,connect,1452797914#1f,1452797914#2f,"7.4316187,43.7459440",end,start,,,true
a797b3204db9cd3f9f09,connect,1452797915#2r,182700002#5f,"7.4322096,43.7458844",start,end,,,true
a7b8aa0632292d005504,connect,161882805#1f,168890943#2f,"7.4250635,43.7307735",start,start,,,true
a7c7ba496ea738a5d5fe,connect,8056051#4f,8056051#5f,"7.4383556,43.7493162",end,start,,,true
a7cafbba56e0da53189a,connect,166149571#1f,166149571#2f,"7.4148635,43.7286374",end,start,,,true
a7d8965197f8c2c705dd,connect,690914541#1f,690914542#3r,"7.4140299,43.7275634",start,end,,,true
a7d9d4d99e3d6173ee8c,connect,1443764723#1f,1443764723#1r,"7.4323065,43.7478634",start,end,,,true
a7e72ce5431b7d31df92,connect,155085108#1f,155085108#1r,"7.4145706,43.7317902",end,start,,,true
a7eb892c1752ab9703ca,connect,688731299#2f,688731299#2r,"7.4143409,43.7321316",start,end,,,true
a7fe034d0bf4d27beba5,connect,39839529#2f,93091320#1f,"7.4234851,43.7326198",end,start,,,true
a805a51eb1766f0b8269,connect,166399487#1f,166399487#2f,"7.4153778,43.7333725",end,start,,,true
a80796f7efdc1bd604f4,connect,25082741#1r,699218006#2r,"7.4231173,43.7369871",end,start,,,true
a8096f9dcac678a43857,connect,92627406#4f,92627406#5f,"7.4197532,43.7275894",end,start,,,true
a81be9cf8d1c9433a8b9,connect,200499288#1f,200499288#2f,"7.4296695,43.7410565",end,start,,,true
a81d1cbe228e1b1e3508,connect,200507331#1f,200507331#2f,"7.4144049,43.7278448",end,start,,,true
a8248cdfd6f0eb34537a,connect,33749607#1r,33749607#2r,"7.4176721,43.7355507",start,end,,,true
a838ceb90cd8d69affa3,connect,182700008#1f,182700008#2f,"7.4348273,43.7475593",end,start,,,true
a83e3883a7d994d1bd96,connect,1082312612#1f,1082312612#2r,"7.4195013,43.7276968",end,end,,,true
a84634b9dff95289e657,connect,167625739#1f,167625739#2r,"7.4160245,43.7301706",end,end,,,true
a85930272bacb09fc34d,connect,157719644#2r,157719644#3r,"7.4236281,43.7372681",start,end,,,true
a85c23d1e430540bffd4,connect,1342546111#2r,503783369#1r,"7.4301941,43.7443870",start,end,,,true
a860fbf1e07ea0d80cae,connect,92627406#2f,92627406#3r,"7.4195101,43.7276397",end,end,,,true
a882a79863c7085ead57,connect,1086377394#1r,503471324#1f,"7.4373008,43.7490695",end,end,,,true
a89053b4b9f81f6eb7c4,connect,214636589#2f,31900611#1f,"7.4223501,43.7345465",end,start,,,true
a89a54d14ae3e95cee13,connect,159170452#1f,694608614#1f,"7.4189985,43.7324054",start,start,,,true
a89cbbf8b5488feb01bc,connect,181479771#5f,181479771#5r,"7.4162287,43.7356587",end,start,,,true
a89f39a38617b285b249,connect,128273233#1r,128273233#2r,"7.4336033,43.7488565",start,end,,,true
a8a78610698e8a6b38b3,connect,1326369794#1r,1443870918#1r,"7.4362314,43.7491905",end,start,,,true
a8b2f6b503e679095aec,connect,159170465#4r,67923338#2f,"7.4184263,43.7367055",start,end,,,true
a8b9744fa1814b552138,connect,4227208#2f,834185366#2r,"7.4262064,43.7317676",start,start,,,true
a8bb4dfd8c9b40b368cb,connect,1319454162#1r,854880221#4f,"7.4163111,43.7325344",end,end,,,true
a8bdcfcd870a49e2c6da,connect,161769679#3r,161775592#2f,"7.4278577,43.7386674",start,end,,,true
a8c1e15173599204e495,connect,1034851195#1r,25179329#2r,"7.4289072,43.7416370",end,start,,,true
a8c1e34f53b4fea75539,connect,1410590319#1f,25739583#1f,"7.4129924,43.7334210",start,end,,,true
a8c9a161b31fea4a2abd,connect,503475667#1f,690914542#3r,"7.4139959,43.7275424",end,start,,,true
a8d79884eb80da61b6e9,connect,158215192#1f,158215192#1r,"7.4150426,43.7300217",start,end,,,true
a8d93ada85074dc48564,connect,850261601#2f,850261601#2r,"7.4293375,43.7394790",end,start,,,true
a8d98183f9c8a3f3f711,connect,688731299#2r,688731299#3f,"7.4143793,43.7324430",start,start,,,true
a8e387dcd3d92c270c07,connect,434567309#2f,434567309#2r,"7.4277541,43.7401666",end,start,,,true
a8e6aad174e80ed85098,connect,423632264#1f,423632264#2f,"7.4176953,43.7318119",end,start,,,true
a8eaf8711f60b6c3f68c,connect,1470365903#1f,25103769#1f,"7.4300333,43.7410943",start,end,,,true
a8f7f32802a95307dfdc,connect,863835496#1f,863835496#1r,"7.4178966,43.7326522",start,end,,,true
a8ff78afd84dc6cbfe0d,connect,699218006#2f,699218006#2r,"7.4231173,43.7369871",end,start,,,true
a904f12b4dad8f19873b,connect,4230011#1f,4230011#1r,"7.4269316,43.7415762",end,start,,,true
a91077cc94d554a41675,connect,503475642#2f,503475642#2r,"7.4221688,43.7367400",start,end,,,true
a915cdc6475992ce66ff,connect,690914542#1r,690914543#1r,"7.4143084,43.7277512",end,end,,,true
a9172a2122ac2428dd28,connect,4230011#5f,4230011#5r,"7.4274806,43.7404301",end,start,,,true
a920932839cc883470cd,connect,4230099#5f,4230099#5r,"7.4369421,43.7503705",start,end,,,true
a920fb16b00a1885fd39,connect,159170498#1f,176337650#1r,"7.4158802,43.7368238",end,end,,,true
a9258e05674c9d55e9fb,connect,1365041486#2f,1365041486#2r,"7.4294579,43.7386365",end,start,,,true
a92ccf23a05ea8c4adb6,connect,1449972056#1f,155085109#1r,"7.4134956,43.7320571",start,end,,,true
a9347b36d5a469ae2bb7,connect,156188798#1r,156772047#6r,"7.4289548,43.7388035",start,start,,,true
a936d0fd3c3d20a94fe9,connect,212766110#1f,501241475#1f,"7.4138491,43.7273873",end,end,,,true
a9518939cf867f80e9d1,connect,166399478#1r,166399478#2r,"7.4176125,43.7294974",start,end,,,true
a960026b5b9c1abf56d0,connect,503434375#1f,503550471#1f,"7.4190775,43.7372207",start,end,,,true
a9782fd71356b138308e,connect,159170496#1f,159170496#2f,"7.4201833,43.7337544",end,start,,,true
a97a7c96f74649c6334a,connect,840101178#1f,840101178#1r,"7.4212270,43.7331634",end,start,,,true
a97ec76bd45963668743,connect,690914538#1f,690914538#1r,"7.4136599,43.7273734",start,end,,,true
a9803a019fb6bef7c5fa,connect,446530365#3f,690915731#1f,"7.4145009,43.7283086",start,end,,,true
a9823c47ee20d51a7b38,connect,157719642#2f,788120417#1f,"7.4243790,43.7401224",end,start,,,true
a988d90f8cbda97d4ebe,connect,1388331350#2f,166399484#2f,"7.4217683,43.7369071",start,start,,,true
a99454f553ff008bf98a,connect,1443764724#2f,1443764724#2r,"7.4351531,43.7490673",start,end,,,true
a9957e195ff1706f6223,connect,181479771#4r,336130958#1r,"7.4158135,43.7353199",end,end,,,true
a9a21a8900b91dc29fc3,connect,1202361416#2f,1202361416#2r,"7.4247199,43.7391431",start,end,,,true
a9a8c87b5274e59614cd,connect,1342546094#1f,93207291#2f,"7.4374235,43.7503560",start,end,,,true
a9c0b8ec0ef84f880f48,connect,503783368#1r,92627405#1f,"7.4297212,43.7427919",start,start,,,true
a9c1f059812b53fe5364,connect,156772047#1r,156772047#2f,"7.4269813,43.7377491",start,start,,,true
a9c432fe7e9b17970458,connect,849737746#1f,849737746#2f,"7.4179138,43.7290624",end,start,,,true
a9c46c73cb001deb8884,connect,1342546111#2f,1342546111#2r,"7.4301941,43.7443870",end,start,,,true
a9ce556c739dd2429e3e,connect,4230114#1f,4230114#2r,"7.4317927,43.7488214",end,end,,,true
a9e806532c0bd3d261b0,connect,157719643#2f,334368566#1f,"7.4236028,43.7413352",start,start,,,true
a9e9227f1537a45e9de9,connect,176577460#5f,176577460#5r,"7.4139142,43.7296684",end,start,,,true
a9ed61d5e1322f7b14bb,connect,159170465#2f,159170465#3r,"7.4176317,43.7366515",end,end,,,true
a9f15b0ceeabcbe7f69f,connect,1081601380#2r,176776353#1f,"7.4217052,43.7333985",end,end,,,true
a9f21040e8be9e8b1bf5,connect,1019646823#1r,1019646823#2r,"7.4105613,43.7310656",start,end,,,true
a9f560232d5140095e0f,connect,4230007#2f,4230007#2r,"7.4295170,43.7405242",start,end,,,true
aa027132d8e538e89ecd,connect,503475642#3f,503475643#1r,"7.4217790,43.7355741",end,end,,,true
aa05b19605c4c960431a,connect,25082741#2f,25082741#2r,"7.4238368,43.7370660",end,start,,,true
aa077a6dc1690ade6845,connect,233894501#2f,446542427#1r,"7.4254466,43.7371178",end,end,,,true
aa07c9bca9f79933fad3,connect,686878366#1f,68814575#1f,"7.4173296,43.7371626",end,end,,,true
aa0822a5571bb5d3f89b,connect,158215184#1f,200493424#3f,"7.4188008,43.7277330",start,end,,,true
aa28325b5a03565843ae,connect,176674530#1r,4229539#1f,"7.4246137,43.7388584",end,start,,,true
aa4d7d5621f6288ab069,connect,181479771#2r,181479771#3f,"7.4154840,43.7349756",start,start,,,true
aa52eafb9355d6725709,connect,166399487#6f,166399487#6r,"7.4163510,43.7350811",start,end,,,true
aa56d0a319c180f529d5,connect,690914542#1f,690914543#1r,"7.4143084,43.7277512",start,end,,,true
aa64f035f908ce8d5291,connect,176674530#3f,176674530#3r,"7.4242857,43.7383814",start,end,,,true
aa65902cfa697cc98e2a,connect,78147639#1f,78147639#2r,"7.4274531,43.7317736",end,end,,,true
aa6af8e63b9aeb1a5d32,connect,200507331#2f,200507331#2r,"7.4144049,43.7278448",start,end,,,true
aa749dc55d7e27b7058e,connect,4230891#1r,4230891#2r,"7.4290580,43.7383175",start,end,,,true
aa76d5cd69cfed8949ab,connect,1388331350#2f,1388331350#3f,"7.4217464,43.7369175",end,start,,,true
aa79adcff6f61980cbf0,connect,158215184#7r,503462475#3f,"7.4180060,43.7283180",start,end,,,true
aa8215749d18122b295d,connect,157719647#7f,4229539#1f,"7.4246137,43.7388584",end,start,,,true
aa8eb9907ea523474c1d,connect,4229273#1f,503462476#1f,"7.4170658,43.7299679",end,end,,,true
aaa80e2eaad291b4182e,connect,503475652#1f,688669118#1f,"7.4179250,43.7327288",end,start,,,true
aaab8f8f0c34fbe6a3d7,connect,165636030#2f,834185365#1f,"7.4265430,43.7316796",end,start,,,true
aacc835b421014ca0366,connect,177396440#1f,177396440#1r,"7.4294380,43.7456071",start,end,,,true
aadd805a021d4453fa5d,connect,167625742#1f,167625742#1r,"7.4281416,43.7446139",end,start,,,true
aae93b7b0a414731b0b6,connect,156772047#7r,156772047#8r,"7.4291221,43.7389623",start,end,,,true
aaee3006c45bb901c175,connect,4097656#4f,4097656#4r,"7.4256829,43.7393282",start,end,,,true
aaef74fd8affe39a9f98,connect,1024523797#1f,177396051#1f,"7.4290575,43.7337991",start,start,,,true
aaef9ae480edd4060779,connect,353889390#1f,448285793#1f,"7.4129686,43.7295886",start,start,,,true
aaf4025c4049aa99e71f,connect,161769679#3f,161769679#3r,"7.4277645,43.7386667",start,end,,,true
aaf7b9478f7509772fef,connect,1443764724#1f,1443764724#2r,"7.4351531,43.7490673",end,end,,,true
aaf81710bc401a92e968,connect,166149556#1r,4229327#1r,"7.4193491,43.7378381",start,end,,,true
ab07f2c653ba05b78f7b,connect,166399487#3f,166399487#3r,"7.4160425,43.7339478",end,start,,,true
ab0f87eee0082dc31dd3,connect,1146071897#1r,1233853668#2r,"7.4149386,43.7342219",end,end,,,true
ab2d936c19d8c2c20e1f,connect,712182870#1f,712182870#1r,"7.4273553,43.7329696",end,start,,,true
ab2f07fc5c9d98105580,connect,25082741#2f,25082741#3f,"7.4238368,43.7370660",end,start,,,true
ab4c5f682bf37bf4a4db,connect,176577460#1f,39839531#5f,"7.4143945,43.7289873",start,end,,,true
ab55737dc167d580119b,connect,1549110515#1r,1549110516#5r,"7.4114043,43.7298349",end,start,,,true
ab590a62595c07898c7c,connect,196538402#1f,4230117#1f,"7.4305927,43.7474010",end,start,,,true
ab640a386a4bff2d8f68,connect,39839531#2f,690915732#1f,"7.4148705,43.7293323",end,end,,,true
ab64d35079f243f9595f,connect,1452634279#1f,8352246#7f,"7.4186448,43.7344035",start,end,,,true
ab70c223eee3f087c3cf,connect,166149542#6f,166149542#6r,"7.4201113,43.7373194",end,start,,,true
ab98d0e3e9a2fbdc228e,connect,501241475#1f,503475667#1f,"7.4139959,43.7275424",start,end,,,true
abd0aae7306e8d2540e5,connect,4230011#1f,4230011#2r,"7.4269316,43.7415762",end,end,,,true
abd56904a1965775ddc6,connect,158215184#6f,448186730#2f,"7.4181426,43.7282837",end,end,,,true
abe3b5752c1024e2f9ca,connect,1086377394#1f,1086377394#2r,"7.4372967,43.7490407",end,end,,,true
abe4af90ebef35acab89,connect,1443764723#1f,1443764723#2r,"7.4326452,43.7478930",end,end,,,true
abeda57e2108b960c875,connect,177045628#1f,93091312#1f,"7.4183060,43.7310854",end,start,,,true
ac011282e894d5da5f6f,connect,159170517#3f,159170517#4f,"7.4196355,43.7343430",end,start,,,true
ac0a2042d461e983c0aa,connect,690914551#2f,690914551#2r,"7.4164206,43.7295679",start,end,,,true
ac24841ced93c5b6db02,connect,863835496#2f,863835496#2r,"7.4179250,43.7327288",end,start,,,true
ac2528fd65bdc0c8d356,connect,1452797915#2r,182700002#6f,"7.4322096,43.7458844",start,start,,,true
ac28d6183ee33ab1a816,connect,1365041529#1f,1365041529#2f,"7.4155500,43.7291265",end,start,,,true
ac325fab0e8623b82df1,connect,1001561436#1f,851792658#1r,"7.4117641,43.7312377",start,end,,,true
ac36110298df6a99e335,connect,166399477#2f,166399477#3f,"7.4153736,43.7264406",end,start,,,true
ac438b70a8682c55a2de,connect,177052163#1r,177189425#3r,"7.4169271,43.7263995",end,end,,,true
ac471c72ab4be74d5db2,connect,167625739#2r,167625739#3r,"7.4157416,43.7299772",start,end,,,true
ac4bcf1f07467c3c95e2,connect,1099877048#1r,1342546092#1f,"7.4371163,43.7499913",start,start,,,true
ac53da366397871e42f2,connect,176334442#1r,176334442#2r,"7.4338201,43.7486357",start,end,,,true
ac54c582f193e03851b1,connect,93137558#3f,93137558#4r,"7.4331196,43.7471773",end,end,,,true
ac6310db11dd052f61d3,connect,1388331345#2f,161882802#1f,"7.4215424,43.7369641",end,start,,,true
ac69002c07b74a9b25a8,connect,334773233#1r,334773233#2r,"7.4295280,43.7466034",start,end,,,true
ac706bd3f602511799a2,connect,214636589#3r,766768153#1f,"7.4224101,43.7343117",start,start,,,true
ac73a55efacec7e4e898,connect,778744698#4f,778744698#4r,"7.4293375,43.7394790",end,start,,,true
ac825782e760d83f6935,connect,39839529#1f,39839529#2f,"7.4230516,43.7323963",end,start,,,true
ac84b4ba57b71b42bc6d,connect,25082741#5r,25082741#6r,"7.4253078,43.7372056",start,end,,,true
ac87d6c9881c905e2b94,connect,93137615#5f,93137615#5r,"7.4300849,43.7439776",start,end,,,true
ac8be6e937f53fe88e0c,connect,687577826#1r,687577826#2f,"7.4226229,43.7299232",start,start,,,true
ac9913628c746e1e59db,connect,161769679#3f,161775592#2f,"7.4278577,43.7386674",end,end,,,true
aca01ae840d160827240,connect,176333307#2r,176333307#3f,"7.4289397,43.7443005",start,start,,,true
aca05b0fb11e502daefd,connect,446542427#1f,446542427#2r,"7.4255384,43.7371215",end,end,,,true
aca0897e8890d505c5bd,connect,155085119#4f,155085119#5r,"7.4145808,43.7349185",end,end,,,true
acb5b31666afd108a73e,connect,1452797915#1f,1452797915#2r,"7.4321230,43.7459177",end,end,,,true
acb85379305dedbc0f42,connect,572941874#2f,93137627#2r,"7.4280638,43.7386121",start,start,,,true
acc2668aa291e258513d,connect,176684623#1r,176684623#2r,"7.4209184,43.7365938",start,end,,,true
accbc24e77170b1990ca,connect,166399501#3f,166399501#4r,"7.4280619,43.7404648",end,end,,,true
accc98b8d4d72135a7b2,connect,435061380#1f,435061380#1r,"7.4129989,43.7311411",start,end,,,true
acd4a9d11b175357145d,connect,159170458#1f,159170458#1r,"7.4171729,43.7329860",end,start,,,true
acdff33adf4dcc4a102d,connect,166149542#4r,166149542#5r,"7.4195932,43.7368519",start,end,,,true
ace3b190be6132096ace,connect,166399496#1r,4229326#1f,"7.4196126,43.7376408",start,start,,,true
ace90f3676c4244837d8,connect,128273234#1r,128273234#2r,"7.4326032,43.7490151",start,end,,,true
acee5cabbb3a2c0eadd9,connect,4229536#1f,4229536#2r,"7.4261726,43.7373162",end,end,,,true
ad00f4031f7a5f566e4a,connect,181479771#5f,181479771#5r,"7.4159215,43.7353944",start,end,,,true
ad06721033e5f527fd4d,connect,1549110514#1f,92627425#1f,"7.4105187,43.7293128",start,start,,,true
ad069c69f0982d2187fb,connect,177052163#1f,177052163#1r,"7.4169133,43.7264472",end,start,,,true
ad0b5d6707d8dd723323,connect,1314186421#1f,1314186421#2r,"7.4178532,43.7287604",end,end,,,true
ad0bea6b33087fb576b2,connect,1549110516#5f,1549110516#5r,"7.4125938,43.7302884",start,end,,,true
ad113adfd6e8a75d68d3,connect,1019174509#1f,120113158#1f,"7.4184945,43.7341684",end,end,,,true
ad213af2d80836df10ae,connect,4230187#5f,503434378#1f,"7.4267905,43.7416842",end,start,,,true
ad25234c1628ca599721,connect,568187257#1r,568187257#2r,"7.4295996,43.7402054",start,end,,,true
ad2765b792cd58152bdc,connect,200507331#1r,261740025#1r,"7.4144215,43.7278940",end,end,,,true
ad3134cc527953157abb,connect,176321050#4f,176321050#4r,"7.4246137,43.7388584",end,start,,,true
ad34efb903c16cf43e97,connect,854880222#1f,854880222#1r,"7.4165016,43.7326972",start,end,,,true
ad425b9a70c096a59d8e,connect,158215176#1f,176130562#1f,"7.4176073,43.7274902",end,start,,,true
ad43c27fdca978040bbe,connect,157719649#1f,166009792#4r,"7.4228610,43.7395679",start,end,,,true
ad4cd5f56f74f28c3f64,connect,1079489487#1f,176510134#1f,"7.4181786,43.7351125",end,start,,,true
ad4ede38329c263c6953,connect,158007923#1f,158007925#1f,"7.4274310,43.7316427",end,end,,,true
ad5069f322ab30bd011d,connect,161775593#1f,161775593#2f,"7.4231012,43.7369385",end,start,,,true
ad63089fa80c81d30afc,connect,4227208#1f,4227208#2f,"7.4262064,43.7317676",end,start,,,true
ad755dfed171ee410f63,connect,157719647#1f,157719652#1r,"7.4251499,43.7397216",start,end,,,true
ad7a061ac4b352aacd6a,connect,177232619#2f,177232619#3f,"7.4260334,43.7400182",end,start,,,true
ad7ae05cd3297db1cfcb,connect,150050283#2r,150050283#3f,"7.4175592,43.7300775",start,start,,,true
ad81d468e16378b8ad86,connect,254596489#1r,78149827#1f,"7.4237917,43.7375487",end,end,,,true
ad96a3ca7e101401a621,connect,150050283#2f,150050283#2r,"7.4175592,43.7300775",end,start,,,true
ad9fce4910506fdb962e,connect,720165108#2f,720165108#3r,"7.4233819,43.7408807",end,end,,,true
adb3890544aa13bf2b06,connect,201009264#1r,503753416#1f,"7.4149265,43.7308176",end,start,,,true
adb4e3e5ad9f24529ffe,connect,849737746#1f,849737746#1r,"7.4179138,43.7290624",end,start,,,true
adca1cb16b349ec5e121,connect,334773233#2f,4230119#1f,"7.4295280,43.7466034",start,end,,,true
add3da48246f6e600d70,connect,161885378#1f,161885378#1r,"7.4240552,43.7336192",start,end,,,true
addd6277972922cea534,connect,1233853668#1r,1233853668#2r,"7.4149386,43.7342219",start,end,,,true
adf58d3bf35c8495fdd1,connect,165636047#2f,165636047#2r,"7.4292849,43.7450455",end,start,,,true
ae0373cbdaf008f8232e,connect,93091320#2f,93091320#2r,"7.4238322,43.7326857",end,start,,,true
ae11e5d7ac7d53a52c25,connect,166558488#1f,166558488#1r,"7.4277231,43.7329715",start,end,,,true
ae14a1c16453d46c1011,connect,1327492342#1f,1327492343#1f,"7.4157369,43.7314239",end,end,,,true
ae19f25e2b98954bfbe6,connect,161885378#1r,161885378#2f,"7.4245595,43.7329487",start,start,,,true
ae2c02af2c7dcd1cf1ac,connect,168104492#1r,4230011#6f,"7.4274806,43.7404301",end,start,,,true
ae2eed31668da258b2eb,connect,161775593#2r,485746484#1f,"7.4230269,43.7368624",start,start,,,true
ae343b545c8c0ab8eec6,connect,778744698#2f,778744698#3f,"7.4290554,43.7392537",end,start,,,true
ae3ba9c15cabce42f9c6,connect,166399488#1f,166399488#2f,"7.4185243,43.7367315",end,start,,,true
ae3e882e11bc9d5de968,connect,166399500#2f,166399500#3f,"7.4156194,43.7290766",end,start,,,true
ae48e13d4d3f2dce59f7,connect,214635117#8f,214635117#8r,"7.4186176,43.7254261",end,start,,,true
ae602190f20b48f351e2,connect,1549110517#1f,1549110517#2r,"7.4126765,43.7307014",end,end,,,true
ae62656d64f32698d05c,connect,165636031#5f,165636031#6r,"7.4270171,43.7320437",end,end,,,true
ae697de62cd2363fc98f,connect,158215196#2r,177052555#1f,"7.4194392,43.7281402",end,start,,,true
ae712d755f6b87f60f09,connect,1549110517#2r,1549110517#3f,"7.4128290,43.7307614",start,start,,,true
ae75e40df6e0bda4c4bc,connect,1365041529#2f,1365041529#2r,"7.4156194,43.7290766",end,start,,,true
ae784d0c1697ca0c72d4,connect,176336376#1f,176336376#2f,"7.4227385,43.7408527",end,start,,,true
ae7893c60a261c7e5127,connect,158007891#1f,158007891#2f,"7.4091260,43.7300896",end,start,,,true
ae78b610037a0a8c1034,connect,128273232#1r,4230099#9r,"7.4362781,43.7494769",start,start,,,true
ae833820e05db399ed6e,connect,176086162#1f,503813539#1f,"7.4187773,43.7325278",end,start,,,true
ae8b5baf847df479aadb,connect,1001561438#1f,851792658#2f,"7.4124654,43.7311829",start,end,,,true
ae94f944098b8b6c7698,connect,182692348#1f,182692350#1r,"7.4151640,43.7286126",start,end,,,true
ae9a81ac92401ea3ef23,connect,4230891#3f,4230891#3r,"7.4303209,43.7402961",end,start,,,true
aead28164e67d816d6f5,connect,176086162#1f,694608616#1f,"7.4188538,43.7325151",start,end,,,true
aeb2b5656fcde504a343,connect,1034247203#1f,128273232#1r,"7.4353103,43.7493880",end,end,,,true
aebf25645ab547a48a79,connect,1342546064#1f,1342546064#2f,"7.4326584,43.7470227",end,start,,,true
aec95080676a3716b114,connect,4227164#2f,93091315#1f,"7.4229817,43.7322654",end,start,,,true
aecb7cbd31412aebde6c,connect,161882805#1f,161882805#1r,"7.4255354,43.7310263",end,start,,,true
aed749a442dafa93cdbf,connect,1452797914#1f,1452797914#1r,"7.4316187,43.7459440",end,start,,,true
aed940065ce3a4262953,connect,159175448#2f,664388472#1r,"7.4383730,43.7492178",end,start,,,true
aedf82a52bdf13f29d78,connect,8056051#1f,8056051#2f,"7.4375324,43.7492043",end,start,,,true
aee5ca14372c0c058887,connect,39839529#2r,39839529#3r,"7.4234851,43.7326198",start,end,,,true
aeef5dae75cb58470290,connect,164338218#1r,850261577#1r,"7.4236192,43.7303334",end,end,,,true
aef00ffcc768492d962e,connect,200502710#1f,4097656#4r,"7.4256829,43.7393282",start,end,,,true
aef1547d9f95e310dcc4,connect,177396034#1f,177396034#2f,"7.4291630,43.7341354",end,start,,,true
aef5442d9abbb6b2f49d,connect,164338247#1r,164338247#2r,"7.4283283,43.7421754",start,end,,,true
af110499373cfe8f2ab1,connect,155085121#1f,503434355#1f,"7.4150762,43.7330950",start,start,,,true
af18a8bc7b764c453aa8,connect,166399501#3f,850261602#7f,"7.4280619,43.7404648",end,end,,,true
af219866483d5e32509a,connect,503471324#3f,503471324#4f,"7.4374183,43.7491102",end,start,,,true
af29885f0b71455382c7,connect,156772047#1f,879995944#1r,"7.4267700,43.7377594",start,start,,,true
af44c34e2ce97fbec6bf,connect,177588308#1r,177588308#2r,"7.4269295,43.7420877",start,end,,,true
af505abf3b6ff0e772db,connect,1449972043#1f,1449972043#1r,"7.4261146,43.7317410",start,end,,,true
af55a123351a24607e70,connect,690914541#1f,690914542#2f,"7.4140299,43.7275634",start,end,,,true
af75bb59e41b82d4b798,connect,166399487#6r,94399553#1f,"7.4165509,43.7355383",start,start,,,true
af895ddfdb50106b5992,connect,503783377#1f,503783377#1r,"7.4355176,43.7485686",start,end,,,true
af8b20d9a9cca19219a2,connect,161752639#2f,161752642#1f,"7.4288463,43.7416416",end,start,,,true
af8f6f41dfcd2b4d82f8,connect,164338230#4f,164338230#4r,"7.4197084,43.7340051",start,end,,,true
af949afbaa0c16120eca,connect,690914551#1r,690914551#2r,"7.4164206,43.7295679",start,end,,,true
af99373e82398621fa38,connect,1549110516#5r,1549110527#1r,"7.4125938,43.7302884",end,end,,,true
afa7abba11c222f25377,connect,278143566#1r,446530365#3f,"7.4142897,43.7281543",end,end,,,true
afad80dfabe543d313e7,connect,4227157#3f,850230913#1f,"7.4216262,43.7313391",end,start,,,true
afb8d7c600f2ad639c30,connect,157719645#11f,157719645#11r,"7.4297334,43.7447533",start,end,,,true
afd1f0b59be03e5220ed,connect,41929969#1r,4230891#4f,"7.4303262,43.7403619",end,end,,,true
afda70e64510c100f9d4,connect,39839529#3f,93091320#1f,"7.4234851,43.7326198",start,start,,,true
afde32aa352038f222ad,connect,254596488#1f,93137569#1f,"7.4306856,43.7452240",end,start,,,true
afe2b305446a15e3faa1,connect,572941874#3f,572941874#4r,"7.4281756,43.7386165",end,end,,,true
b00b115536c9d10537d9,connect,690914543#1f,690914543#2f,"7.4143214,43.7277005",end,start,,,true
b01ffe158ecea0170243,connect,4230122#2f,4230122#2r,"7.4297607,43.7461300",start,end,,,true
b021ffe3582eacad724d,connect,214635117#5f,214635117#5r,"7.4180618,43.7258075",end,start,,,true
b0289d26cec2861fe903,connect,166399496#1f,503434362#1f,"7.4191202,43.7371360",start,end,,,true
b02af1f1db0e997e5e64,connect,200502086#1r,200502086#2f,"7.4246154,43.7395901",start,start,,,true
b02e98225fc212e4ee45,connect,168890950#1f,4227214#4f,"7.4223806,43.7299372",start,end,,,true
b02fdd836947c014b3dd,connect,157719645#1f,157719645#1r,"7.4270609,43.7406136",start,end,,,true
b03064c2838ead868f8e,connect,4227218#1f,4227218#2f,"7.4245177,43.7326582",end,start,,,true
b03442269a87ad02f950,connect,254596486#1r,254596486#2r,"7.4251862,43.7375256",start,end,,,true
b03a39c182008de1c59d,connect,688731299#2f,688731299#2r,"7.4143793,43.7324430",end,start,,,true
b03a5d56a6d1388ce364,connect,177588306#2f,177588306#2r,"7.4276709,43.7429450",start,end,,,true
b045bbaba6be908344ff,connect,317925725#1f,317925725#1r,"7.4144363,43.7338298",end,start,,,true
b048b0107401b5c210c6,connect,50501897#1f,93137593#1f,"7.4347366,43.7477096",end,end,,,true
b0538b969ff7bdec7dfe,connect,200507331#1f,261740025#1r,"7.4144215,43.7278940",start,end,,,true
b055082c417026be8050,connect,24655134#1f,503783369#1r,"7.4301941,43.7443870",start,end,,,true
b05c6a68a0a95d6cfee3,connect,308214646#1r,778494662#1r,"7.4269356,43.7394178",start,start,,,true
b061aa667a9a6d22285a,connect,503462464#2f,93137615#1r,"7.4304898,43.7427540",start,end,,,true
b06ac5cf18cb4be9265e,connect,4230007#2r,568187257#1f,"7.4297349,43.7403489",start,start,,,true
b06b6a5d5cbec97d9141,connect,155085108#1f,688731299#1f,"7.4145706,43.7317902",end,start,,,true
b070d3c5f6e3de1bad1b,connect,1086377398#1f,1086377398#1r,"7.4361963,43.7486042",end,start,,,true
b0731aa1427483c7f043,connect,156188798#1f,156772047#6r,"7.4289548,43.7388035",end,start,,,true
b0750c9875ec8ab067c2,connect,177052556#1f,503702166#1r,"7.4175135,43.7294517",start,end,,,true
b0768dc07edf3f5fbeae,connect,1488095482#1f,1488095482#1r,"7.4290158,43.7413078",start,end,,,true
b078a0fb625143e72f1a,connect,693487406#2f,693487406#3r,"7.4330073,43.7466904",end,end,,,true
b0794f4653feee6fdd96,connect,165636030#4f,165636031#6r,"7.4269610,43.7320141",end,start,,,true
b07f7ab99151552bf76d,connect,4230891#4f,4230891#4r,"7.4303262,43.7403619",end,start,,,true
b09420b6f881ded87318,connect,1202730135#1f,1202730135#2f,"7.4136854,43.7315034",end,start,,,true
b09d0364c5290ad7e4a0,connect,4229325#2r,4229327#1r,"7.4196041,43.7377617",start,start,,,true
b0a532d0116de88c47db,connect,157719644#3f,157719644#3r,"7.4236281,43.7372681",start,end,,,true
b0ad0c172834f218d403,connect,176477340#3f,200502322#1f,"7.4220311,43.7378032",end,start,,,true
b0b0c40834137e4bf125,connect,1314186421#1r,1314186421#2r,"7.4178532,43.7287604",start,end,,,true
b0b4bf737d43c9c53bfc,connect,214635117#7f,214635117#7r,"7.4184894,43.7255194",end,start,,,true
b0b5a21115c5edb8513f,connect,1342546111#2f,503783369#1f,"7.4301941,43.7443870",end,start,,,true
b0beda126bf62f603a24,connect,176674530#1f,176674530#2r,"7.4245768,43.7387969",end,end,,,true
b0c4b9d24ad294482aad,connect,35092475#3r,35092475#4f,"7.4267039,43.7379518",start,start,,,true
b0c60bcfef7ee343cf51,connect,1082312612#1f,1082312612#1r,"7.4195013,43.7276968",end,start,,,true
b0cf97e424769832b8ad,connect,1525349447#1f,981971425#1f,"7.4319009,43.7479894",end,start,,,true
b0d271ab17ee512a9644,connect,95449778#1f,95449780#1r,"7.4193988,43.7379362",start,start,,,true
b0e16dfca0dd2ed75d24,connect,4224972#1f,4229274#3f,"7.4174924,43.7296303",start,end,,,true
b0eb4870bbb01b5f6690,connect,1230247123#1f,160004393#1f,"7.4279727,43.7377783",start,end,,,true
b0ec27b4e9dc67d76407,connect,158189827#1f,278143566#1f,"7.4137509,43.7285262",end,end,,,true
b0f833faa62c8b7abc9b,connect,158189826#1f,158189826#2f,"7.4140961,43.7280148",end,start,,,true
b0fe2425ef40334122a8,connect,161733292#1f,161733292#1r,"7.4282679,43.7403863",start,end,,,true
b105609f0287b478632a,connect,176577460#2f,176577460#3f,"7.4141458,43.7291795",end,start,,,true
b10ec82efefb99f6e01e,connect,67923339#2f,67923339#2r,"7.4154533,43.7357599",start,end,,,true
b113cee5e8ab762eef8e,connect,1243224905#1f,4230122#1f,"7.4289839,43.7460105",start,start,,,true
b116ca985385264d4df9,connect,166399478#5r,849737743#2r,"7.4179020,43.7288018",start,start,,,true
b12527abed594568fe66,connect,214635117#6r,214635117#7r,"7.4180931,43.7257852",start,end,,,true
b134deab6c967e55d7ac,connect,851792661#1f,851792661#2f,"7.4218417,43.7383744",end,start,,,true
b13ddaf7e322a0d9db13,connect,166009795#1r,166149556#1f,"7.4190942,43.7380836",start,start,,,true
b140902a6727f1ddd498,connect,1203843643#1f,353889390#1f,"7.4129686,43.7295886",end,start,,,true
b1410891de3588abc525,connect,1319454161#1r,854880221#4f,"7.4163111,43.7325344",end,end,,,true
b149968cbb2c683e8431,connect,176477344#1f,93137594#1f,"7.4225579,43.7374773",start,end,,,true
b14c4abe1b7c16cd04ef,connect,503471324#1f,851792666#1f,"7.4372796,43.7490771",start,end,,,true
b153cb04f8ad073aae6c,connect,1443764724#1r,1443764724#2f,"7.4351531,43.7490673",start,start,,,true
b153e66e28e8e61cbd2b,connect,157719647#3f,586508234#1f,"7.4249689,43.7394546",end,start,,,true
b15aed3255b500cf2d46,connect,503462472#3f,503462472#4f,"7.4138383,43.7272130",end,start,,,true
b1715fa0b9af836a00e6,connect,834313093#3r,834313093#4f,"7.4275855,43.7325839",start,start,,,true
b17a6ffd3abef40672ea,connect,24668173#1f,840345537#1r,"7.4267118,43.7427869",end,start,,,true
b17d6ca042635932f8ed,connect,166009794#1f,166009794#2f,"7.4269789,43.7417225",end,start,,,true
b181415afcf255ff8abd,connect,690914538#1r,690914539#2r,"7.4136599,43.7273734",end,start,,,true
b1861bcbade63ba0fb22,connect,1453878835#1f,166399479#5f,"7.4213277,43.7363543",start,end,,,true
b194b2acefa8eb0e3531,connect,833633729#1f,833633729#1r,"7.4194137,43.7284996",start,end,,,true
b1a39363695cd3197711,connect,159170458#1f,854880222#1f,"7.4171323,43.7329167",start,end,,,true
b1a685302c4f33a1df94,connect,164338244#1f,334368435#1f,"7.4246341,43.7409699",end,start,,,true
b1b41b0ed4160c681ad9,connect,165636031#1r,503813534#1r,"7.4197965,43.7322481",end,start,,,true
b1bf986f902e55ec8d38,connect,1443764724#1f,1443764724#1r,"7.4346497,43.7490410",start,end,,,true
b1c254c3cd9d26c7fa37,connect,1549110516#5f,1549110516#5r,"7.4114043,43.7298349",end,start,,,true
b1c81061cfd868956a3c,connect,158215205#4f,158215205#5f,"7.4204493,43.7267233",end,start,,,true
b1c8648c6730300ae838,connect,164338240#4f,164338241#2f,"7.4221328,43.7396324",end,end,,,true
b1cb4511434ed9917ec9,connect,155085120#2f,155085120#2r,"7.4153902,43.7320364",start,end,,,true
b1cd71b42e84257dc465,connect,1079489489#1f,176510134#1f,"7.4181786,43.7351125",end,start,,,true
b1dcf486c4e7a7e69ddc,connect,693487406#3r,693487406#4r,"7.4329682,43.7466976",start,end,,,true
b1e1dd9a77480c464581,connect,699218006#1f,699218006#2f,"7.4229954,43.7369734",end,start,,,true
b1ee731e45f45204eb9e,connect,503462466#6f,693487406#1r,"7.4331276,43.7466684",start,end,,,true
b1fbe8ac039f3fd62772,connect,176577460#6f,176577460#7r,"7.4150820,43.7303520",end,end,,,true
b20d3e9bd92a40839e0e,connect,158215197#1f,158215197#2f,"7.4185219,43.7255404",end,start,,,true
b2272d3ec240ee463cd4,connect,1019174509#5f,1019174509#6f,"7.4186455,43.7335001",end,start,,,true
b22ff08b91390f1db575,connect,834185360#1f,834185360#2f,"7.4269098,43.7320911",end,start,,,true
b23d50672b8cc6e020bf,connect,41929969#1f,41929969#1r,"7.4303598,43.7408882",end,start,,,true
b23f0f8f1895732f4b3c,connect,94399455#1f,94399455#1r,"7.4168678,43.7359375",start,end,,,true
b23f2161d8a3ff40e18b,connect,982081599#1f,982081599#2f,"7.4227429,43.7384454",end,start,,,true
b2545305b48f9a6d33d7,connect,24672709#1f,24672709#1r,"7.4239797,43.7419483",end,start,,,true
b25c21442a26a47cba95,connect,1019174509#2f,120113158#1f,"7.4184945,43.7341684",start,end,,,true
b26a64653f6ea5112d8c,connect,317925725#2r,688744912#1f,"7.4144363,43.7338298",end,start,,,true
b274f893a36430ccbaa6,connect,166399501#1f,4230011#7r,"7.4277541,43.7401666",start,start,,,true
b279dc2748429a732523,connect,254596486#2f,254596486#2r,"7.4264265,43.7378776",end,start,,,true
b27a041d3aaf575feddc,connect,177588308#1f,177588308#2f,"7.4269295,43.7420877",end,start,,,true
b27a3a7cc28d06548436,connect,568187257#2f,568187257#3f,"7.4291921,43.7406247",end,start,,,true
b28f8326f5ef951f1e02,connect,1342546059#1f,1342546059#1r,"7.4319445,43.7461974",end,start,,,true
b2a94226b26ee277e334,connect,150050283#3r,450454878#1f,"7.4175592,43.7300775",end,start,,,true
b2ba59b705d7faccaa09,connect,25082741#4f,25082741#4r,"7.4249187,43.7371701",end,start,,,true
b2c64f8ec97498512108,connect,4229328#1f,788197746#3f,"7.4190334,43.7382639",start,end,,,true
b2c97950d30afb03fc0a,connect,1470365899#1f,353889280#1f,"7.4301265,43.7411082",start,end,,,true
b2c99bcbaa5b68c96d3b,connect,165636031#5f,834185360#3f,"7.4270171,43.7320437",end,end,,,true
b2d07507e7c39ce0d252,connect,214635115#1f,214635115#1r,"7.4173149,43.7264524",start,end,,,true
b2d15f6aee5381635a5b,connect,176577460#6r,176577460#7f,"7.4150820,43.7303520",start,start,,,true
b2d80ace96758176d217,connect,809470168#1f,809470170#1r,"7.4276904,43.7390755",end,end,,,true
b2eae1f863e7fd0c44ae,connect,1174006399#1f,93137591#2f,"7.4306769,43.7454440",start,end,,,true
b2f4013202083c1ce66c,connect,166399487#4f,166399487#5f,"7.4162427,43.7343930",end,start,,,true
b2f4a2ae28d610b4096e,connect,503475643#3f,503475643#3r,"7.4222309,43.7350130",end,start,,,true
b3049088f4270776c7e1,connect,176337641#4f,176337641#4r,"7.4154274,43.7363096",start,end,,,true
b30bfb381421c1f3eb2e,connect,92627406#6f,92627406#6r,"7.4203314,43.7267705",end,start,,,true
b30d55fb51d6d7815852,connect,4230011#3f,4230011#3r,"7.4270609,43.7406136",start,end,,,true
b31129ec093944416aef,connect,766768153#2f,766768153#3f,"7.4223250,43.7339783",end,start,,,true
b3253db2571f1d299759,connect,688744015#2f,688744016#1r,"7.4145620,43.7327926",end,end,,,true
b329aa88a7c3203de198,connect,1449972054#1f,1449972058#1f,"7.4134960,43.7315612",start,end,,,true
b32cb931d50dd11b1b54,connect,167625727#6f,167625727#7f,"7.4183839,43.7299798",end,start,,,true
b330cb11062f72131093,connect,850261602#1f,850261602#2f,"7.4292983,43.7400304",end,start,,,true
b33bb6c9dfb2ed46ab0b,connect,214635117#4r,448186736#1r,"7.4179149,43.7259119",end,end,,,true
b340aa88f7d39badcc0e,connect,850261602#2f,850261602#3f,"7.4292741,43.7401071",end,start,,,true
b341c324f578ca5ce2dd,connect,214635117#5f,214635117#5r,"7.4179643,43.7258768",start,end,,,true
b342a55dfe15997ee81c,connect,4230011#3r,4230011#4r,"7.4271043,43.7405915",start,end,,,true
b34b6e82dce26eb585e6,connect,128273232#1r,338900930#1r,"7.4353103,43.7493880",end,end,,,true
b356d338ad96b623a4eb,connect,166149542#2r,166149542#3f,"7.4172425,43.7352819",start,start,,,true
b35dfe8445d8e3c815ac,connect,164338218#1r,850261575#1f,"7.4237595,43.7301648",start,start,,,true
b3620677ff1937c0551d,connect,1131276185#1f,182700008#2f,"7.4348795,43.7476316",start,end,,,true
b367f158933da3fefe93,connect,166009794#3f,166009794#4f,"7.4284696,43.7434559",end,start,,,true
b37d3d5a266ec7122675,connect,4227277#2f,690653921#1f,"7.4175544,43.7319944",end,start,,,true
b38412e759f5baa0bb5e,connect,1283578084#2f,1283578084#3f,"7.4189784,43.7359669",end,start,,,true
b38806f98073c305e394,connect,981971425#1f,981971425#1r,"7.4313239,43.7482224",end,start,,,true
b39318cfa563591098df,connect,295618745#1r,8135845#1f,"7.4190334,43.7382639",end,start,,,true
b393f214313f45b871bb,connect,699218006#1f,699218006#1r,"7.4229954,43.7369734",end,start,,,true
b3971134ef5e07e47879,connect,176674530#3r,176674530#4r,"7.4241349,43.7382264",start,end,,,true
b39c2f9fac525d38d358,connect,1079489484#1f,1079489489#1f,"7.4181253,43.7351240",start,start,,,true
b39dc6cbfd4f11a0ffb4,connect,157719644#2f,157719644#3r,"7.4236281,43.7372681",end,end,,,true
b3a4e48c14713ecb6c68,connect,503475647#1f,503813539#1f,"7.4182698,43.7326660",start,end,,,true
b3a9d40637fbdb216f4f,connect,166399478#4f,166399478#4r,"7.4178449,43.7290513",start,end,,,true
b3aa81b302e81e4e3370,connect,176682382#3r,176682382#4r,"7.4132672,43.7294251",start,end,,,true
b3aac3ce4089c09f27e8,connect,503638814#2f,503638814#2r,"7.4369557,43.7498418",end,start,,,true
b3aaf5b03effd18e062e,connect,4229327#1f,4229327#1r,"7.4193491,43.7378381",start,end,,,true
b3b0a6389af4409a15ce,connect,1443764722#1f,1443764722#1r,"7.4301052,43.7459324",start,end,,,true
b3bf0b5c89548d76c04a,connect,166149542#2f,166149542#3r,"7.4172425,43.7352819",end,end,,,true
b3c6cfad9ae46c0c8434,connect,503475646#1f,503475647#2f,"7.4178696,43.7328034",start,end,,,true
b3ca1349df91e7d43cc4,connect,1342546092#2f,1342546092#3f,"7.4369186,43.7499033",end,start,,,true
b3cca903ea56666cb4a6,connect,176510129#1f,788197746#2f,"7.4190662,43.7383734",start,end,,,true
b3d006732016500ea481,connect,166399487#1f,166399487#2r,"7.4153778,43.7333725",end,end,,,true
b3d705a8ec01d0c5e002,connect,1034851195#1f,161752639#1r,"7.4289072,43.7416370",start,end,,,true
b3d8189cbcd345b9209d,connect,200496088#1f,220547252#1r,"7.4129768,43.7276055",start,start,,,true
b3e00e60a5c9fa5f8a53,connect,834313093#1f,834313093#2f,"7.4270827,43.7326238",end,start,,,true
b3e2d508a790a552a481,connect,1230247123#1r,160004393#1f,"7.4279727,43.7377783",end,end,,,true
b3ec3aaa7c4a32ddd877,connect,161885378#2f,161885378#2r,"7.4245672,43.7329107",end,start,,,true
b3f0103281460ee7fe2c,connect,448186736#2r,448186736#3f,"7.4177116,43.7257629",start,start,,,true
b3f04f98aed02ebbe2b4,connect,93137558#5f,93137558#5r,"7.4344483,43.7479647",end,start,,,true
b3febdbf1ac9ff904255,connect,176336114#1f,176336114#4f,"7.4230544,43.7385861",start,end,,,true
b3ff9b8ccf591adc7799,connect,1086377399#3f,503633034#1f,"7.4361911,43.7487300",end,end,,,true
b40b89b5294b25dd70fc,connect,158189817#1r,899409585#1f,"7.4167776,43.7281825",end,end,,,true
b40ff2d061375460e58d,connect,1099877048#1r,1099877048#2r,"7.4371163,43.7499913",start,end,,,true
b41aca079c1e01696db3,connect,176682384#1f,176682384#1r,"7.4125829,43.7285141",start,end,,,true
b4217e231fc3e494e63a,connect,1342546058#2r,1342546058#3r,"7.4322678,43.7460405",start,end,,,true
b4223463eab3594d8e9c,connect,161733292#1f,850261602#7f,"7.4282679,43.7403863",start,start,,,true
b42e27b6fc565adf0879,connect,1314186421#1r,166399478#6f,"7.4179056,43.7287625",end,end,,,true
b434bd912afe0002c773,connect,4098197#1f,4098197#1r,"7.4317445,43.7472776",end,start,,,true
b43c0859f7197eb46d73,connect,1034247204#1f,4230099#9r,"7.4362781,43.7494769",start,start,,,true
b4420b8b844eedbefba7,connect,166009794#1f,503462467#1f,"7.4268674,43.7416515",start,end,,,true
b448360e8e3e8d93cf1c,connect,167625719#3f,850261575#1f,"7.4237595,43.7301648",end,start,,,true
b47811e6bf5af77ed6cf,connect,1327492340#1f,952419570#1f,"7.4171473,43.7315034",end,start,,,true
b47d72010d37e0ba9ee3,connect,4227273#1f,8352246#1f,"7.4211575,43.7367707",end,start,,,true
b481805fc517b678c9f8,connect,214636589#2r,31900611#4f,"7.4223122,43.7346973",end,end,,,true
b48396034b3c25b78bee,connect,158189831#2f,943330853#1f,"7.4105432,43.7291125",start,end,,,true
b4881414bd37fe56d2bc,connect,128273232#1f,338900930#1f,"7.4353103,43.7493880",start,start,,,true
b48c4cd134928d7b662c,connect,1024523796#1f,1024523796#1r,"7.4290575,43.7337991",end,start,,,true
b4b0835036f8a83feca5,connect,1410590317#1r,317925725#2f,"7.4148552,43.7341317",end,end,,,true
b4b8048a00d3495f0e74,connect,1001561436#1f,851792658#1f,"7.4117641,43.7312377",start,start,,,true
b4befcc440b4bea57a5b,connect,278143574#2f,278143574#3f,"7.4165702,43.7295888",end,start,,,true
b4c52169b66f8a869743,connect,503462472#2f,503475665#1f,"7.4137527,43.7272925",start,start,,,true
b4d077bfe266ff452b11,connect,176334444#1f,774751108#1f,"7.4142671,43.7303922",end,start,,,true
b4d5765c58dd2079e1b5,connect,214635117#1r,214635117#2f,"7.4173937,43.7262752",start,start,,,true
b4da8279767a527084da,connect,169297863#2f,169297863#2r,"7.4259768,43.7326576",end,start,,,true
b4eb6a4f4a83ba2fb60a,connect,1082312612#2f,1082312612#2r,"7.4195013,43.7276968",start,end,,,true
b4ecb5e665e723544ae7,connect,850261602#1f,850261602#1r,"7.4293684,43.7398637",start,end,,,true
b4f29b3ddeabc4ae4d9f,connect,1243224903#1f,167625756#6f,"7.4287495,43.7459592",end,start,,,true
b503a290c3fcc74d7183,connect,308214646#1r,308214646#2r,"7.4269356,43.7394178",start,end,,,true
b508e4d0862b83ddd1be,connect,159170522#3f,159170522#4f,"7.4196441,43.7342962",end,start,,,true
b50a1e4a44543909e72c,connect,766768153#5r,766768153#6r,"7.4234145,43.7327155",start,end,,,true
b518bd8680d18d064649,connect,68814575#1f,68814578#1f,"7.4173557,43.7372467",start,start,,,true
b51eb3c85767b9b2402e,connect,166009794#2f,166009794#3f,"7.4278838,43.7423661",end,start,,,true
b51f53377103087bbf04,connect,254596488#1f,93137596#2f,"7.4306856,43.7452240",end,end,,,true
b5226d9f23027ae27b28,connect,156772047#4f,156772047#4r,"7.4281189,43.7381945",start,end,,,true
b5239cb5e64c955515ea,connect,157719641#1f,157719641#1r,"7.4234104,43.7404968",end,start,,,true
b52906d2820da642f6d0,connect,353889390#1r,448285793#1f,"7.4129686,43.7295886",end,start,,,true
b53250babef9dc341b09,connect,159170465#3f,159170465#4r,"7.4178943,43.7366780",end,end,,,true
b5335cfc7a2b0bfcae23,connect,4230114#1r,4230118#1r,"7.4307478,43.7476953",end,end,,,true
b53d61795228a20a9c67,connect,1388331343#1f,1388331343#2f,"7.4214935,43.7368785",end,start,,,true
b5402c4d15ed5beebf03,connect,121380669#1f,503753417#1r,"7.4160902,43.7314856",start,start,,,true
b55e7332c6e951f23196,connect,1342546064#1f,93137558#2r,"7.4328605,43.7470233",start,start,,,true
b560a4ece6deb94e438f,connect,257071645#1f,257071645#1r,"7.4101838,43.7290311",start,end,,,true
b562beed40ad0d936735,connect,690914539#2f,690914539#2r,"7.4136599,43.7273734",end,start,,,true
b56b05e521e94e2bb574,connect,160004399#1f,4229536#2f,"7.4261726,43.7373162",start,start,,,true
b56b6c2ab5ddb2d34c71,connect,686878340#2f,686878340#2r,"7.4163131,43.7367488",start,end,,,true
b5701cf0bc5f4a244b99,connect,446542427#3f,446542427#3r,"7.4268130,43.7371633",end,start,,,true
b570dfb320d1b70ba4ee,connect,128273231#1r,128273234#1f,"7.4323674,43.7489310",start,start,,,true
b57495bb0d39127c962c,connect,176510133#2f,176674530#3f,"7.4241349,43.7382264",end,end,,,true
b57df958270a1d2dac98,connect,1202361416#1r,1202361416#2f,"7.4247199,43.7391431",start,start,,,true
b57ef635caeccdf64fdf,connect,182694289#1f,78147640#1r,"7.4276947,43.7329804",end,end,,,true
b57fc2e2334b2a339c86,connect,158189819#1f,261740025#1f,"7.4144215,43.7278940",end,start,,,true
b5839b5d4dde771e7624,connect,1019174509#1f,1452634279#1f,"7.4185417,43.7342778",start,end,,,true
b584c9779e0383c3d2d4,connect,214635117#1f,214635117#2r,"7.4173937,43.7262752",end,end,,,true
b585d802003d3191c9a2,connect,503783374#1r,93137558#1f,"7.4319668,43.7465094",end,start,,,true
b5878c89f696a3c6ce57,connect,157719652#1r,157719652#2f,"7.4254724,43.7402526",start,start,,,true
b58e6fb16c9f219982cf,connect,158215197#1f,214635117#7f,"7.4184894,43.7255194",start,end,,,true
b5a52e3d2f1d46539961,connect,568187257#2f,568187257#2r,"7.4295996,43.7402054",start,end,,,true
b5a64830184d7971cfb9,connect,166149542#5r,166149542#6f,"7.4197104,43.7369463",start,start,,,true
b5b747255b6932b09d94,connect,177189425#1f,177189425#2f,"7.4166904,43.7264034",end,start,,,true
b5cbaffa14a5693aab5c,connect,157719649#6f,176576014#1r,"7.4218357,43.7398553",end,start,,,true
b5d58a17ce7de1a403b2,connect,690914539#1f,690914539#1r,"7.4136943,43.7273648",end,start,,,true
b5dc48ff988f87fa89bc,connect,503462466#4f,50501898#1f,"7.4332520,43.7468076",end,start,,,true
b5dcd53d2a528004688b,connect,503434370#2f,503434370#2r,"7.4130796,43.7335259",end,start,,,true
b5e4cd178cd6f73ce42f,connect,161775593#1f,161775593#1r,"7.4231012,43.7369385",end,start,,,true
b5eac97af6271d30f38d,connect,1000930351#1f,353889276#3f,"7.4298272,43.7416532",start,start,,,true
b5ec7577aa58208ff8b3,connect,200507331#2f,690914543#1f,"7.4143084,43.7277512",end,start,,,true
b60021438c7301e4c7ac,connect,176774211#2f,176774263#3f,"7.4220781,43.7322379",start,start,,,true
b601309835004bcfbb0e,connect,334773233#2f,4230119#1r,"7.4295280,43.7466034",start,start,,,true
b606dad567eb87bbead4,connect,159175448#3f,159175448#3r,"7.4382808,43.7489744",end,start,,,true
b619d765e03ca96d2bec,connect,156772047#5f,156772047#5r,"7.4287944,43.7387238",end,start,,,true
b6253fd66d7001a7ade9,connect,31900611#3f,31900611#3r,"7.4224410,43.7346741",end,start,,,true
b62769b2ffb0fd90802a,connect,159170479#3f,164338230#2f,"7.4197593,43.7337483",end,start,,,true
b62d092d7340f6d37382,connect,165636030#4f,4227208#1f,"7.4269610,43.7320141",end,start,,,true
b6382d200f39a6770c01,connect,67923339#1f,67923339#1r,"7.4150328,43.7351033",start,end,,,true
b639b8ff35fc73269096,connect,35092475#2r,35092475#3f,"7.4265116,43.7386376",start,start,,,true
b63a8f2f837446435445,connect,160004399#1f,160004399#2r,"7.4261667,43.7373421",end,end,,,true
b63bc5fac08d5c193633,connect,78141882#1f,78141882#2r,"7.4212477,43.7370881",end,end,,,true
b63f1a1e575cc91dd0c3,connect,4229577#2f,4229577#3f,"7.4250343,43.7396851",end,start,,,true
b6467b3b0a9c0b3425ec,connect,1444437334#1f,353889275#1f,"7.4301626,43.7417650",start,end,,,true
b65ae8f6e471d6960113,connect,158007923#1f,78147639#2f,"7.4274432,43.7317538",start,end,,,true
b65f593b0192f0759cc3,connect,157719668#1f,166009792#2f,"7.4238573,43.7399010",start,start,,,true
b66377ebc5c49b0bc143,connect,448186736#3r,448186736#4f,"7.4176540,43.7256176",start,start,,,true
b66906cb906789903cfa,connect,176337641#2f,176337641#3r,"7.4158380,43.7358009",end,end,,,true
b67292ffc72c77d9bca0,connect,166399487#3r,166399487#4f,"7.4160425,43.7339478",start,start,,,true
b67ddaa1829ba36df1fb,connect,1203522177#1f,4230099#7r,"7.4365835,43.7500356",start,start,,,true
b695ceedc0a549b062cd,connect,4098197#4f,4098197#4r,"7.4317353,43.7475492",start,end,,,true
b696bce5d9ad687bc019,connect,1449972059#1f,503434383#1f,"7.4136007,43.7318988",start,end,,,true
b6aeb01745172415831a,connect,503559459#1f,850261580#2r,"7.4254766,43.7315852",start,start,,,true
b6b0100b9fa03898f02c,connect,166399501#4r,166399501#5f,"7.4287442,43.7411034",start,start,,,true
b6bb5c4cb856853c56b9,connect,1365041523#1r,176577460#2f,"7.4141458,43.7291795",start,end,,,true
b6bb7490f6e93bd269f3,connect,176776331#3f,850261594#1f,"7.4212950,43.7344214",end,end,,,true
b6de07192e82c4507d06,connect,1549110517#1f,1549110518#1f,"7.4125676,43.7306280",start,end,,,true
b6e2370caedf6e35fa79,connect,158007920#1f,158007921#1f,"7.4272577,43.7315102",start,end,,,true
b70359db8f9dad1fcd55,connect,166149571#3f,446530365#1f,"7.4148892,43.7285947",start,start,,,true
b7042121d43f3c75f0fc,connect,177052163#1r,177052163#2f,"7.4169133,43.7264472",start,start,,,true
b704c0f0da63a3f06862,connect,156772047#5f,156772047#6r,"7.4287944,43.7387238",end,end,,,true
b70c79ad74e64437b243,connect,156780348#1f,689855607#1f,"7.4191759,43.7388562",end,start,,,true
b71d9ac8596654b50b42,connect,181479771#2f,181479771#3r,"7.4154840,43.7349756",end,end,,,true
b71f2bdefe5b9cc344dd,connect,160004399#2f,160004399#2r,"7.4261667,43.7373421",start,end,,,true
b720d79228683702002d,connect,503633029#1f,624357053#1f,"7.4379117,43.7513654",start,end,,,true
b7225b2a42b4712aab7a,connect,176577460#7r,80377817#2f,"7.4158156,43.7307906",start,end,,,true
b72735631432cf10a684,connect,167625737#3f,167625737#4f,"7.4213232,43.7321704",end,start,,,true
b731d2f9aa3585e7a64f,connect,157719645#6f,164338247#1f,"7.4284853,43.7421636",start,start,,,true
b73f02ba512360a3d9ec,connect,166399496#1f,4229326#1r,"7.4196126,43.7376408",end,end,,,true
b7428c99315ab3d87dde,connect,164338230#5f,164338230#5r,"7.4196565,43.7342503",start,end,,,true
b74376a6517d684b6b06,connect,1319454162#1r,854880222#1f,"7.4165016,43.7326972",start,start,,,true
b74a7b1016aef646c4a4,connect,128273234#1r,128273234#2f,"7.4326032,43.7490151",start,start,,,true
b754923e1afc17c64d97,connect,155085119#3r,155085119#4f,"7.4150328,43.7351033",start,start,,,true
b756badf2c9e560d29ce,connect,161775593#1r,699218006#2f,"7.4231173,43.7369871",end,end,,,true
b75b1933da300822f06f,connect,157719653#1f,92627415#1f,"7.4298880,43.7402056",start,end,,,true
b77037e6bc85e8dcc20f,connect,165636031#4f,165636031#4r,"7.4270858,43.7325551",start,end,,,true
b771e39920f8ad0f3b90,connect,1549110516#1r,1549110516#2f,"7.4128029,43.7303615",start,start,,,true
b77edd4ba471410d9121,connect,503475643#2r,503475643#3r,"7.4221934,43.7350629",start,end,,,true
b79e2a36028f6037bbd5,connect,1202747622#1r,1202747623#1f,"7.4183021,43.7272339",end,end,,,true
b7a10647566f422d5681,connect,164338247#2r,164338247#3f,"7.4282753,43.7422914",start,start,,,true
b7a48a51ee17428ed0fe,connect,4227209#1f,4227209#2r,"7.4237538,43.7311702",end,end,,,true
b7a577204b0cc50e0036,connect,1082281160#2r,214635117#5f,"7.4179643,43.7258768",start,start,,,true
b7af146c961674a8919a,connect,106705725#1f,4229329#2f,"7.4192188,43.7384612",start,end,,,true
b7bdf9ed9db336a4c352,connect,181479771#5r,181479771#6f,"7.4162287,43.7356587",start,start,,,true
b7bf68be457c81a537c0,connect,1024393368#1f,120062664#1f,"7.4195767,43.7361202",end,start,,,true
b7ddb768ebbd580b126e,connect,1174009934#1f,176477341#1f,"7.4228185,43.7374352",start,end,,,true
b7e1993ecf8f4be280e7,connect,166399477#2f,899409586#1f,"7.4153736,43.7264406",end,start,,,true
b7ebe59984a2eec15896,connect,166399487#1r,503434354#1f,"7.4153492,43.7333324",end,start,,,true
b7ee8af5f2f941b2d7c9,connect,503559464#3f,503559464#4f,"7.4284596,43.7339317",end,start,,,true
b801e5c6edeee8be7bf8,connect,1549110515#2f,1549110515#3r,"7.4111145,43.7296599",end,end,,,true
b80e1d40666601979c74,connect,166558488#1f,78147640#1r,"7.4277231,43.7329715",start,start,,,true
b810e585b0edbc6cea2f,connect,159170465#3r,159170465#4f,"7.4178943,43.7366780",start,start,,,true
b81444e1a2a10d535513,connect,166399501#1f,434567309#2r,"7.4277541,43.7401666",start,start,,,true
b81eae6b2ae6c51ddc4c,connect,177590093#1f,503783376#2r,"7.4347588,43.7481430",start,end,,,true
b826dc1ad814eca1215c,connect,1342556412#1f,1342556413#1r,"7.4342287,43.7480954",end,end,,,true
b82ece87fffb09a0155c,connect,157719646#1f,294081875#1f,"7.4213280,43.7401946",start,end,,,true
b8321a9c2edb35750e3f,connect,1453165194#1r,1453165194#2r,"7.4129553,43.7308481",start,end,,,true
b832c39b2fc64449b8a0,connect,25082741#2f,25082741#3r,"7.4238368,43.7370660",end,end,,,true
b83de36bcd6e8984cbcb,connect,1297328848#1f,155085119#5f,"7.4145808,43.7349185",end,start,,,true
b841cb764480cd911d7f,connect,568187257#3f,568187257#3r,"7.4291921,43.7406247",start,end,,,true
b850f4d1be1ee6fd66da,connect,278143566#1f,446530365#4f,"7.4142897,43.7281543",start,start,,,true
b851899953a137714820,connect,568187257#3r,568187257#4f,"7.4291256,43.7407531",start,start,,,true
b8689d0bb6390b631fe5,connect,159175448#1r,8056051#4f,"7.4383556,43.7493162",end,end,,,true
b868b2b8b3d1e7e0e030,connect,1203849334#1f,1203849334#1r,"7.4201329,43.7348777",end,start,,,true
b8755fdd1bc0c6234851,connect,214636589#2f,31900611#1r,"7.4223501,43.7345465",end,end,,,true
b877570389cc0df1c45b,connect,423632264#1f,690131582#2f,"7.4176953,43.7318119",end,end,,,true
b87c0a9edb8f89933ecf,connect,33749607#1f,33749607#1r,"7.4175017,43.7349718",start,end,,,true
b88e63fad6c9d53d28ba,connect,181479771#6r,686878340#1f,"7.4163956,43.7367559",start,start,,,true
b895b9926e21a3cd6c8e,connect,1342546064#4f,93137558#2r,"7.4326049,43.7468759",end,end,,,true
b8983ad46e6108a46555,connect,156772047#5f,156772047#6f,"7.4287944,43.7387238",end,start,,,true
b89fad472e093173a1d5,connect,690915731#1f,690915731#1r,"7.4147909,43.7285210",start,end,,,true
b89fcf1d29745cf90b67,connect,161887492#1f,161887492#2f,"7.4272940,43.7332957",end,start,,,true
b8a1deaa6c6395e1b353,connect,446530365#2f,446530366#1f,"7.4145009,43.7283086",end,start,,,true
b8b0feccbaad595fc65c,connect,4227277#2f,93091319#1f,"7.4178064,43.7323416",start,start,,,true
b8b229c3db0c9877eeee,connect,39839529#3f,4227216#1r,"7.4234484,43.7326800",end,end,,,true
b8c339fdcd34bfe412a3,connect,39839529#1r,941748458#1f,"7.4229757,43.7323832",end,end,,,true
b8c6eef6d2bac9e1e9f8,connect,1283578082#1f,166149542#4f,"7.4195128,43.7367973",start,start,,,true
b8cb3eeb44f266ee667a,connect,120062663#1f,176510131#1f,"7.4181306,43.7346635",end,end,,,true
b8df62d029c3689a7b03,connect,176336376#1f,334364604#1f,"7.4226229,43.7409189",start,start,,,true
b8e119446a080e74e5e2,connect,503434360#1f,94399927#1f,"7.4166224,43.7357588",start,start,,,true
b90108d2e8506a11ea52,connect,164338225#1f,164338225#1r,"7.4213604,43.7330149",end,start,,,true
b9035e2fd3e2bfd7850c,connect,690914539#2f,690914539#2r,"7.4136943,43.7273648",start,end,,,true
b90aadf7f8f2820eea23,connect,214635117#7r,214635117#8f,"7.4184894,43.7255194",start,start,,,true
b90f957dddb08624608a,connect,1549110517#3f,1549110517#3r,"7.4128565,43.7307709",end,start,,,true
b91f9ec19ff4ac732a85,connect,690914552#2f,92627408#3f,"7.4167432,43.7298158",end,start,,,true
b92dea505d720be48a77,connect,982061461#1f,982061461#1r,"7.4248856,43.7408323",end,start,,,true
b9395c2a813dc8072417,connect,1410590314#1f,1410590314#1r,"7.4140607,43.7345159",end,start,,,true
b964a3c4f2e366833ed9,connect,849737743#1f,849737743#1r,"7.4180457,43.7288333",start,end,,,true
b969ea83ba37ef24852f,connect,503462470#1f,952419573#1f,"7.4173897,43.7316435",start,start,,,true
b971ffdad5306d2562b7,connect,348748065#1r,348748065#2f,"7.4179886,43.7284950",start,start,,,true
b97ee5be05b01a8e6c40,connect,176684623#1f,176684623#1r,"7.4209184,43.7365938",end,start,,,true
b97fa62ba5442450a078,connect,166558488#1f,78147640#1f,"7.4277231,43.7329715",start,end,,,true
b99ed9c34ce98deb402c,connect,157719647#2f,157719647#3f,"7.4250372,43.7395782",end,start,,,true
b9a7821fa29b40d31617,connect,308214646#3r,4230009#1f,"7.4271748,43.7394883",start,start,,,true
b9aea726a7b82fde0d4b,connect,166399500#1f,166399500#2f,"7.4154251,43.7289352",end,start,,,true
b9b19a11b3171c254e4d,connect,128273233#2f,128273233#2r,"7.4339528,43.7490554",end,start,,,true
b9b8fd3f75d65fd95e12,connect,95449780#1f,95449780#1r,"7.4194711,43.7377612",start,end,,,true
b9c3986c0d676e2f61b0,connect,423632264#1r,690131582#2f,"7.4176953,43.7318119",start,end,,,true
b9cb97ed2a8560b8f5e0,connect,166399478#7f,348748065#1f,"7.4179191,43.7284751",end,start,,,true
b9d0363c321675879980,connect,4230011#3r,4230011#4f,"7.4271043,43.7405915",start,start,,,true
b9e0d7786f05ab441c43,connect,503475652#1f,863835496#2f,"7.4179250,43.7327288",end,end,,,true
b9e7e087c00859f4a637,connect,167625756#3f,167625756#4f,"7.4287625,43.7460706",end,start,,,true
b9ec7e01ba81d6f94728,connect,1202335429#2f,1238339145#3f,"7.4318299,43.7450893",end,start,,,true
b9f24295045958d6b906,connect,176752959#1r,93137606#1f,"7.4220391,43.7375157",start,start,,,true
b9f9c93e6b8bb53f69e9,connect,164338247#2r,164338247#3r,"7.4282753,43.7422914",start,end,,,true
b9fed36fd0888950e459,connect,1443764722#1r,423873046#1r,"7.4301052,43.7459324",end,start,,,true
ba00439f222781e66692,connect,4230105#1f,4230105#1r,"7.4322901,43.7479601",start,end,,,true
ba01cff948d6a1333c83,connect,1081601380#2r,1081601380#3r,"7.4216746,43.7334914",start,end,,,true
ba09080510c8a7a44880,connect,164338240#2f,164338240#3f,"7.4202947,43.7390273",end,start,,,true
ba0dca078ba6898a3f11,connect,24668403#1r,294081873#1r,"7.4209724,43.7399088",start,end,,,true
ba14ee41d52ab0db398c,connect,1451606759#1f,166399500#4f,"7.4161758,43.7294823",start,end,,,true
ba16840a6af3f794dbb6,connect,161882796#1f,176776331#4f,"7.4212806,43.7344740",end,end,,,true
ba1c314f3048fc4d37ab,connect,31900625#1f,31900625#1r,"7.4232919,43.7347717",end,start,,,true
ba23e922bb1e2cb08b59,connect,254596870#1f,33749606#1f,"7.4176139,43.7336615",start,start,,,true
ba264d6dcceac3d2f705,connect,166399501#3f,166399501#3r,"7.4280619,43.7404648",end,start,,,true
ba468cfd5f723cf165b6,connect,176477342#3r,176477342#4f,"7.4259548,43.7388818",start,start,,,true
ba47a60aa4afdd8c4360,connect,165636031#2f,165636031#2r,"7.4232442,43.7319150",start,end,,,true
ba5743df785a9b9ae261,connect,851792658#1f,851792658#1r,"7.4123300,43.7311960",end,start,,,true
ba5a2fb313126cb97230,connect,4227208#1f,4227208#2r,"7.4262064,43.7317676",end,end,,,true
ba6b9c06cf770c215494,connect,157719645#5r,164338247#1f,"7.4284853,43.7421636",start,start,,,true
ba6c568035a6d2f50d12,connect,4227216#4f,4227216#4r,"7.4251026,43.7330219",start,end,,,true
ba6ce771eb56e972c3bc,connect,167625727#19f,167625727#20f,"7.4212244,43.7286229",end,start,,,true
ba7bb7f93141577f52f2,connect,1099877048#1f,1099877048#1r,"7.4370757,43.7499485",start,end,,,true
ba7d909f2e8d33725b7e,connect,166643408#1f,166643408#2f,"7.4168951,43.7325325",end,start,,,true
ba811879e1ec155f480a,connect,161885378#2f,4227216#3r,"7.4245672,43.7329107",end,end,,,true
ba8a7f72aea612106f9f,connect,92627406#4r,92627406#5r,"7.4197532,43.7275894",start,end,,,true
ba8bdedfe3d72db08fe3,connect,1452797914#2r,1452797915#1f,"7.4320893,43.7459278",start,start,,,true
ba9ef316a7bef36d2351,connect,200998962#1f,690653920#2f,"7.4174558,43.7318555",start,end,,,true
baab4e0af519d2b16bd3,connect,4230009#1r,809470168#3f,"7.4272971,43.7397122",start,end,,,true
bab22d34d5b5353f70ec,connect,164338230#1r,164338230#2f,"7.4197593,43.7337483",start,start,,,true
bab58bfdf97f6a4327b5,connect,177052556#1f,177052556#2f,"7.4175662,43.7293458",end,start,,,true
baba595f4523865fec98,connect,944079970#1f,944079970#2f,"7.4263417,43.7416496",end,start,,,true
babf248652e0e9a15b66,connect,690914542#1f,690914542#1r,"7.4143084,43.7277512",start,end,,,true
babf3523082e6d3568db,connect,166399486#1f,166399486#1r,"7.4129634,43.7308102",end,start,,,true
bac9143b38aa053a8836,connect,25179329#1f,25179329#2r,"7.4289096,43.7414847",end,end,,,true
bacba1a381f88f4cb607,connect,334368435#1f,982061461#1f,"7.4246341,43.7409699",start,start,,,true
baccba34c5321c0f905a,connect,176477349#1f,78149827#1r,"7.4237917,43.7375487",start,start,,,true
baebd1cb0f25ef8519ca,connect,177396049#1f,177396049#2f,"7.4295985,43.7344607",end,start,,,true
baf9f71b5bdf982628e7,connect,182700007#1f,503462468#3f,"7.4342119,43.7472003",start,end,,,true
bb0dc74bfd2981ff34b7,connect,1388331344#1f,161882794#1f,"7.4216613,43.7368152",start,end,,,true
bb21de2385440a10659b,connect,778744698#3f,778744698#4r,"7.4292809,43.7394338",end,end,,,true
bb23b834374cad051b30,connect,25082741#5f,25082741#5r,"7.4249187,43.7371701",start,end,,,true
bb24cdefad2930dabbe3,connect,4097656#5f,4097656#5r,"7.4251499,43.7397216",end,start,,,true
bb2839cae8857f017e5d,connect,165636031#6f,834185360#3r,"7.4270171,43.7320437",start,start,,,true
bb28bf387eea9543bdf7,connect,166399501#4f,850261602#7r,"7.4280619,43.7404648",start,start,,,true
bb2df9918f04eec0bbe4,connect,1202361392#1f,1202361392#1r,"7.4276654,43.7411907",end,start,,,true
bb311d1815017379bddd,connect,233894501#1f,233894501#2f,"7.4253160,43.7371669",end,start,,,true
bb34a3eed91a88ca3775,connect,176752959#1f,176752959#1r,"7.4225362,43.7375949",start,end,,,true
bb38d6135572c33b4dcc,connect,157719662#2f,157719662#3f,"7.4235981,43.7407234",end,start,,,true
bb44943167db99751d86,connect,1058067231#1f,158189830#1r,"7.4105039,43.7292085",start,end,,,true
bb549b724ccd95e0ab45,connect,157719645#7r,177590090#1f,"7.4285482,43.7424396",start,start,,,true
bb55da51eac509341ecc,connect,1342556412#1r,1342556413#1f,"7.4342287,43.7480954",start,start,,,true
bb5ef60d5bc08117e51c,connect,503462466#1f,503462466#2f,"7.4339609,43.7472537",end,start,,,true
bb6704a6b23b9db8c282,connect,157719652#3f,166009791#1f,"7.4256003,43.7404449",end,start,,,true
bb79491eb755a9b2da84,connect,159170465#3f,159170465#4f,"7.4178943,43.7366780",end,start,,,true
bb87a72bfd6f475338b3,connect,850261602#1r,850261602#2f,"7.4292983,43.7400304",start,start,,,true
bb95e4fb1b4b1b0ffa10,connect,164338247#3r,164338247#4r,"7.4283535,43.7424615",start,end,,,true
bb96b4f7c66974ba8ab7,connect,165636031#1r,503813534#1f,"7.4197965,43.7322481",end,end,,,true
bba30832b24b45087c66,connect,448186736#5r,448186736#6f,"7.4178419,43.7254583",start,start,,,true
bba4789b758865756c33,connect,158189831#2f,158189831#3r,"7.4104585,43.7289212",end,end,,,true
bbaf16e7a8d6134a4b89,connect,586268005#2f,586268005#2r,"7.4236033,43.7373154",start,end,,,true
bbb38c8a781726d6c9ad,connect,39839529#3r,766768153#6f,"7.4234484,43.7326800",start,end,,,true
bbbb8296a285dd84f3df,connect,177052163#1f,177052163#2f,"7.4169133,43.7264472",end,start,,,true
bbcb429be9cc661609ee,connect,158215184#3f,158215184#4r,"7.4187182,43.7279531",end,end,,,true
bbcc1f52f373699b4275,connect,503434354#1f,688731299#5f,"7.4150762,43.7330950",end,end,,,true
bbe3d58d874901c5bcaa,connect,788197747#1f,788197747#1r,"7.4196733,43.7388253",end,start,,,true
bbe8e915626d915cb172,connect,166399478#9f,166399478#9r,"7.4179289,43.7284198",start,end,,,true
bbf9efce070cafaa9d54,connect,1212029943#1f,176395399#1f,"7.4157070,43.7312415",end,start,,,true
bc01ad2c706a48435466,connect,200502086#1f,200502086#1r,"7.4246154,43.7395901",end,start,,,true
bc045cc47a99fac63108,connect,572941874#2f,572941874#3f,"7.4280488,43.7386840",end,start,,,true
bc15a4c06bde31a06408,connect,158215184#3r,158215184#4f,"7.4187182,43.7279531",start,start,,,true
bc1df838361d9a4871af,connect,39838824#1f,656826921#1f,"7.4242946,43.7401883",end,start,,,true
bc2fe2d59533845f7086,connect,157719645#1r,157719645#2r,"7.4271661,43.7406985",start,end,,,true
bc45999a0bc64df7bd66,connect,835609340#1f,835609340#2r,"7.4155989,43.7291637",end,end,,,true
bc4f1982893b8757b09e,connect,155085119#1r,155085119#2f,"7.4144288,43.7343738",start,start,,,true
bc4ff45962a86d1132ee,connect,164338236#1f,166009792#6f,"7.4200043,43.7387594",start,end,,,true
bc52c33216805bd2c1be,connect,1365041526#1r,39839531#3f,"7.4146247,43.7291531",start,end,,,true
bc5356aaf8c0b7843b6f,connect,4230009#1f,4230009#1r,"7.4271748,43.7394883",start,end,,,true
bc5498d0646241828f22,connect,177588306#1f,177588306#2f,"7.4276709,43.7429450",end,start,,,true
bc58c1924aca4068aa4f,connect,93137615#1r,93137615#2r,"7.4304368,43.7427556",start,end,,,true
bc675e1e3a56a5c53ddb,connect,167625718#1f,167625718#2f,"7.4181179,43.7308488",end,start,,,true
bc697248b4457305c379,connect,160004398#1f,160004398#1r,"7.4261538,43.7373955",start,end,,,true
bc6c73ac8eb20f0d126d,connect,161775593#1r,161775593#2f,"7.4231012,43.7369385",start,start,,,true
bc7d23fd27d6701fe186,connect,168104483#2f,168104483#3f,"7.4224904,43.7393753",end,start,,,true
bc7df93698c72fc24863,connect,161769679#2r,161769679#3r,"7.4277645,43.7386667",start,end,,,true
bc7eca15bdd1702f0250,connect,157719645#1r,4230011#2f,"7.4270609,43.7406136",end,end,,,true
bc8c60de41c556f102f3,connect,308214646#3r,4229658#1f,"7.4271748,43.7394883",start,start,,,true
bc8e650b3af224295c46,connect,1024523797#1f,1024523797#1r,"7.4290575,43.7337991",start,end,,,true
bc98a8d050897b71b7b8,connect,165636047#1f,165636047#2r,"7.4292595,43.7449991",end,end,,,true
bc99eb0222facfe86cab,connect,1203843643#1f,176682382#3f,"7.4132672,43.7294251",start,end,,,true
bc9aa1e5818e5857adfc,connect,167625746#1f,167625750#1f,"7.4177810,43.7306564",end,start,,,true
bc9ef57e13e99a41ccd2,connect,572941874#2f,572941874#2r,"7.4280488,43.7386840",end,start,,,true
bca8968e2a9419c9e460,connect,176684623#1f,176684623#2f,"7.4209184,43.7365938",end,start,,,true
bcaba94afc2b6afd049c,connect,448186736#5f,448186736#5r,"7.4178419,43.7254583",end,start,,,true
bcad40172f0417fdbb87,connect,446542427#1r,446542427#2r,"7.4255384,43.7371215",start,end,,,true
bcbc23cfdb6013e942db,connect,168104492#2f,168104492#2r,"7.4275105,43.7404621",start,end,,,true
bcc74fb8b460dd6933f4,connect,214635115#1f,503462473#1f,"7.4173149,43.7264524",start,start,,,true
bcdfbb8d86132cf6d0e1,connect,1443764722#1f,423873046#1f,"7.4301052,43.7459324",start,end,,,true
bceca047f8c52e53e297,connect,503559459#1f,850261580#2f,"7.4254766,43.7315852",start,end,,,true
bcf46a20f30d7592b439,connect,348019480#1f,446542427#1f,"7.4254466,43.7371178",start,start,,,true
bd0be33b39caf5016168,connect,1276784167#1f,503475643#2r,"7.4220901,43.7351390",end,end,,,true
bd13199410fefc0c4141,connect,4230006#2f,4230006#2r,"7.4274015,43.7398154",start,end,,,true
bd1413bccb4cb5d17764,connect,448186716#1f,448186716#1r,"7.4166871,43.7263616",end,start,,,true
bd22ed53c3f1b83dbd15,connect,159170450#1f,254596870#1r,"7.4176139,43.7336615",end,end,,,true
bd2600d7b119bc60257d,connect,159170444#1f,167086183#1f,"7.4190184,43.7351944",end,start,,,true
bd56e194425227e51ec6,connect,308214646#2r,778494662#1r,"7.4269356,43.7394178",end,start,,,true
bd59e4417b3e394fa8ab,connect,353889383#2f,624357053#1f,"7.4378631,43.7514119",end,start,,,true
bd5bc75523bbee7a936d,connect,1202361416#2f,1202361416#2r,"7.4247735,43.7391242",end,start,,,true
bd5c617edf7a74933689,connect,176337638#1f,503550472#1r,"7.4185257,43.7375409",start,start,,,true
bd65fd47b6b733c369af,connect,448186736#1r,448186736#2f,"7.4178687,43.7258772",start,start,,,true
bd6a0b19e849f5f9cca8,connect,1034247203#1f,1034247203#1r,"7.4353103,43.7493880",end,start,,,true
bd7f4fd31cfd5c04ea76,connect,503462472#2f,503462472#3f,"7.4138216,43.7272180",end,start,,,true
bd8109d3fb3d8a5e8113,connect,39839529#1f,39839529#2r,"7.4230516,43.7323963",end,end,,,true
bd859b094bf617e7fc96,connect,167625719#1f,687577826#1f,"7.4224586,43.7298939",start,start,,,true
bd860f4b5d89d34011e3,connect,161887494#1r,161887494#2f,"7.4267295,43.7331734",start,start,,,true
bd8658d67600e4fe3818,connect,1326369794#1f,503638814#1f,"7.4367609,43.7496694",end,start,,,true
bd8cb9f23d594db6d7cf,connect,25179329#2f,25179329#2r,"7.4289096,43.7414847",start,end,,,true
bd9c99e3e1da56a815f8,connect,212764303#2f,360063227#1r,"7.4120630,43.7282935",start,end,,,true
bda0019d27a35d021f74,connect,166009792#4f,166009792#4r,"7.4224194,43.7394287",end,start,,,true
bda28f64e530458efc36,connect,686878340#1f,686878340#2f,"7.4163131,43.7367488",end,start,,,true
bda2f9e88fcc13d28243,connect,177189425#2f,448186716#1r,"7.4166904,43.7264034",start,end,,,true
bdb905cd7ceaf3a91d08,connect,507581426#1f,507581426#1r,"7.4252664,43.7412557",start,end,,,true
bdc359ffcfd2af3fa1c3,connect,177396034#2f,320117832#1f,"7.4291630,43.7341354",start,end,,,true
bdcbd306e7db29e9bde2,connect,155085121#5f,181479774#5f,"7.4152073,43.7322380",end,end,,,true
bdce54c79619e6ce5153,connect,176337638#2f,503434375#1f,"7.4189707,43.7371710",end,end,,,true
bdd092c9590416eadcce,connect,214635117#2r,214635117#3r,"7.4175843,43.7261424",start,end,,,true
bddaff9653e6f4a76c12,connect,177052555#1f,177052555#1r,"7.4195756,43.7281240",end,start,,,true
bdde274de20562992e77,connect,164338241#3f,164338241#4f,"7.4221586,43.7396141",end,start,,,true
bdeb0298dde197c822bc,connect,1327492343#1f,944079968#1f,"7.4157369,43.7314239",end,start,,,true
bded3a381b90f387cc4f,connect,278143574#4f,690914550#1f,"7.4166848,43.7295524",start,end,,,true
bdf00bebc45296f3bf1a,connect,155085119#2f,155085119#3r,"7.4150714,43.7350030",end,end,,,true
bdf4c4ac0d9c39ff682d,connect,158189831#2r,158189831#3f,"7.4104585,43.7289212",start,start,,,true
bdf55c399c6d4eb96a39,connect,1342546058#1f,1342546058#2r,"7.4319445,43.7461974",end,end,,,true
bdf7575a4117118c2acf,connect,93137627#1r,93137627#2f,"7.4279512,43.7385330",start,start,,,true
bdf792ec399c85d341fe,connect,334520662#1f,423632277#2f,"7.4120098,43.7281136",start,start,,,true
be0c379ccc7737576d51,connect,161882795#1f,905452639#1f,"7.4227470,43.7324817",start,end,,,true
be103be330eecbb0cd6e,connect,177590093#1f,177590093#1r,"7.4347165,43.7481775",end,start,,,true
be1552b36a5f042165ba,connect,1342546065#1f,1342546065#1r,"7.4325979,43.7470676",end,start,,,true
be1f43fff8f6165449af,connect,161775593#2f,503475642#1r,"7.4230269,43.7368624",end,end,,,true
be288f3eef57c80b4389,connect,1082312613#1f,92627406#4r,"7.4197532,43.7275894",start,start,,,true
be28d743ea1a8d00e8be,connect,177231047#1f,177231047#1r,"7.4157229,43.7336596",start,end,,,true
be2a840d0b6adb05aa78,connect,25082741#3f,25082741#3r,"7.4238368,43.7370660",start,end,,,true
be36ebaa4447dcb81723,connect,155085121#1f,688731299#5f,"7.4150762,43.7330950",start,end,,,true
be37c08d8630e77bae65,connect,157719649#2f,157719649#3f,"7.4227856,43.7399258",end,start,,,true
be3ba2f2d9154e85d9d0,connect,766768153#1f,766768153#2r,"7.4223636,43.7341605",end,end,,,true
be47278c73fa2ec2bbf5,connect,159170465#2f,159170465#2r,"7.4174522,43.7365916",start,end,,,true
be48a03fa7e87037cc47,connect,177232619#4f,778494667#1f,"7.4263430,43.7398449",end,start,,,true
be5422b68f08458728cf,connect,161887490#1f,161887490#2f,"7.4271154,43.7332555",end,start,,,true
be5a3784a9ffd90a00da,connect,572941874#3f,572941874#3r,"7.4281756,43.7386165",end,start,,,true
be67fe11563bf68242c5,connect,1410590314#1f,1449972061#1r,"7.4141396,43.7345609",start,start,,,true
be6c2ecc0f6473fc56a3,connect,568187257#2f,568187257#3r,"7.4291921,43.7406247",end,end,,,true
be7a09dbfd08a1e4655b,connect,1443870918#1f,1443870918#1r,"7.4362314,43.7491905",end,start,,,true
be7a888abc6a30fec48e,connect,166558488#1r,78147635#1f,"7.4279580,43.7328122",start,start,,,true
be88187cd44630cd553c,connect,850261601#2r,850261601#3f,"7.4293375,43.7394790",start,start,,,true
be8d45787321364a5a11,connect,157719643#2f,157719669#1f,"7.4234038,43.7414414",end,start,,,true
be8e277c4890481ae364,connect,690914541#1f,690914542#2r,"7.4140299,43.7275634",start,start,,,true
be8ff66b116d05f1ca39,connect,120113156#1f,120113156#1r,"7.4203651,43.7379469",end,start,,,true
be9dbda086177bc440c1,connect,177590090#1f,177590090#1r,"7.4284800,43.7424501",end,start,,,true
bea1c6d49c39e66ebd42,connect,200502086#3r,200502086#4r,"7.4244523,43.7396163",start,end,,,true
beab0e19045623ff7635,connect,834313093#2r,834313093#3f,"7.4274484,43.7326834",start,start,,,true
beb04f58fc4ce049a491,connect,850261602#6r,850261602#7f,"7.4282679,43.7403863",start,start,,,true
beb2c5050ed0a56175fb,connect,167625727#15f,833633729#2f,"7.4194061,43.7285766",start,end,,,true
bec0632f0241c42780c5,connect,1449972040#1f,182692348#2f,"7.4153540,43.7287159",start,end,,,true
becb39e4550f1ba4d256,connect,334511470#1r,67923339#3r,"7.4150001,43.7362968",end,start,,,true
bed60efe4ce2b8cd52ec,connect,166399501#1f,434567309#2f,"7.4277541,43.7401666",start,end,,,true
befa419ef05eda6fc6aa,connect,4224972#2f,4229273#1f,"7.4172044,43.7298528",end,start,,,true
bf00ced6a2314ef87985,connect,157719652#3f,157719664#4f,"7.4256003,43.7404449",end,end,,,true
bf04be9c7d301101be9a,connect,93137558#2r,93137558#3f,"7.4328605,43.7470233",start,start,,,true
bf09c932749053501243,connect,164338247#3f,164338247#3r,"7.4283535,43.7424615",end,start,,,true
bf0e87e61c3402213d61,connect,1079489483#1f,1079489483#2f,"7.4181033,43.7352952",end,start,,,true
bf1789e1c74b6c210633,connect,1019646822#1r,1019646822#2f,"7.4265803,43.7414196",start,start,,,true
bf1b91f7b9dd543d7019,connect,1365041523#1f,1365041523#1r,"7.4139233,43.7293508",start,end,,,true
bf1c9adca85b26ba8bbf,connect,503813546#1f,503813546#1r,"7.4182711,43.7320380",end,start,,,true
bf1fde9b494728e1eae0,connect,308214646#3r,4230009#1r,"7.4271748,43.7394883",start,end,,,true
bf275460a0980d891276,connect,200493424#2f,92627406#1f,"7.4188971,43.7276850",end,start,,,true
bf2d37bb6768ca767c00,connect,158215184#6r,448186730#2f,"7.4181426,43.7282837",start,end,,,true
bf2eada5cbad13ce0b8b,connect,1099877048#2f,4230081#1f,"7.4374105,43.7502869",end,start,,,true
bf351043a037a2318152,connect,176334445#1f,423826027#1f,"7.4323065,43.7478634",start,end,,,true
bf39d1c708f46c7565be,connect,176321050#1r,176336114#3f,"7.4231469,43.7385008",end,end,,,true
bf58c7ade041a416ac17,connect,200502086#1r,200502086#2r,"7.4246154,43.7395901",start,end,,,true
bf629f97b1a19c03dae7,connect,214635117#2f,214635117#3f,"7.4175843,43.7261424",end,start,,,true
bf6592af784265a046a1,connect,1525349447#1f,981971425#1r,"7.4319009,43.7479894",end,end,,,true
bf787d4a4eccd49f5dd4,connect,1443764723#1f,176334445#1f,"7.4323065,43.7478634",start,start,,,true
bf7e2147f128f5008eca,connect,177588308#2f,177588308#2r,"7.4268886,43.7421179",end,start,,,true
bf8ff0a906dcfffd64f3,connect,159170498#1f,181479771#7r,"7.4168696,43.7371118",start,start,,,true
bf90b3f55f63f7ca4bc1,connect,1549110515#2f,1549110515#2r,"7.4112609,43.7297615",start,end,,,true
bf942b48120c3a0eb7c5,connect,168104492#1f,4230011#6f,"7.4274806,43.7404301",start,start,,,true
bfa05719055b655fe688,connect,167625740#3f,4227212#2f,"7.4250254,43.7314291",end,start,,,true
bfa0f3aed2d5e6d05534,connect,835609340#1f,835609340#1r,"7.4155989,43.7291637",end,start,,,true
bfabe038ac42d1d17b47,connect,450454878#1f,450454878#1r,"7.4175592,43.7300775",start,end,,,true
bfb1fa8efcb031c89164,connect,166149542#1r,254596870#2f,"7.4172340,43.7342644",end,end,,,true
bfc9d48cdd988480bae4,connect,92627422#1f,92627422#2f,"7.4206269,43.7266257",end,start,,,true
bfca8298f3143e4bbb54,connect,1019174498#1f,93207287#1f,"7.4377502,43.7514396",start,end,,,true
bfd92efda142283e4b9c,connect,1238339145#1f,93137589#1f,"7.4318045,43.7450422",end,end,,,true
bfd9581f016b05347be4,connect,1146071897#1f,1233853668#2r,"7.4150352,43.7343461",end,start,,,true
bff40fbaf02f6b4ec8ce,connect,155085120#1f,854880221#1f,"7.4155251,43.7319401",start,end,,,true
c00e60bfd25bbc7226a7,connect,159175448#1r,159175448#2r,"7.4383615,43.7492826",start,end,,,true
c01ecdd546ee72203265,connect,31900611#2f,31900611#3r,"7.4225136,43.7346600",end,end,,,true
c0282d95cef422284509,connect,503434360#1f,503434363#1f,"7.4167153,43.7357151",end,start,,,true
c02c9b41420fae640bdb,connect,4230100#1f,4230100#1r,"7.4352878,43.7499395",start,end,,,true
c030d9ffaf1d4971f13b,connect,1024523796#1f,1024523797#1r,"7.4290575,43.7337991",end,end,,,true
c03c04befc92b66b8634,connect,1019646823#2r,503090216#1f,"7.4106015,43.7310737",start,start,,,true
c0402582643cea78bcc5,connect,158189827#1f,200496088#1f,"7.4130849,43.7279672",start,end,,,true
c0481bbdf055aa72546a,connect,503633032#3f,718024988#1f,"7.4358329,43.7485042",start,end,,,true
c059c6fcd6c03e03045d,connect,158215197#1f,214635117#7r,"7.4184894,43.7255194",start,start,,,true
c05c64b4131cea41edb6,connect,1276784167#1f,503475643#1f,"7.4220901,43.7351390",end,end,,,true
c05ca04a333e885fdf41,connect,176477342#4f,35092475#1r,"7.4259881,43.7389156",end,end,,,true
c05e155542481a0d86ad,connect,159170509#3f,166399479#5f,"7.4212204,43.7354374",end,start,,,true
c06481d01329414848e1,connect,161775593#2f,161775593#2r,"7.4231012,43.7369385",start,end,,,true
c07349c25ad0eae73be4,connect,166558481#1f,176774211#2f,"7.4222734,43.7322074",end,end,,,true
c076e8aaabec29a0080c,connect,254596487#1r,92627405#1r,"7.4299244,43.7405561",end,start,,,true
c0884373e26c509dda71,connect,31900611#2r,31900611#3r,"7.4225136,43.7346600",start,end,,,true
c09339624f2a6d741e88,connect,688731299#4f,688731299#5f,"7.4150227,43.7330547",end,start,,,true
c0949a2ec4d5e5543137,connect,1019646822#2r,503434396#1f,"7.4267444,43.7415707",start,end,,,true
c0a25cc1aa181b4d4ce1,connect,161752642#1f,161752642#1r,"7.4287274,43.7416287",end,start,,,true
c0b33eda9da2f29a388b,connect,176760116#2f,176760116#3r,"7.4353822,43.7485009",end,end,,,true
c0bdf887bf832052885c,connect,181479771#4f,181479771#5r,"7.4159215,43.7353944",end,end,,,true
c0c7280af5e38d364c4e,connect,157719692#1f,176336376#2f,"7.4228604,43.7407827",start,end,,,true
c0c95039b71790048f8d,connect,1449972054#1f,1449972055#1f,"7.4134960,43.7315612",start,start,,,true
c0ca58f5ab5128b1e60b,connect,201009264#3r,360063233#1r,"7.4129275,43.7300768",end,end,,,true
c0cf7b45f1e85f306b98,connect,176257197#1f,176257197#2f,"7.4165641,43.7298148",end,start,,,true
c0daf612bdfa6cdc1d90,connect,31900625#1f,31900636#2f,"7.4232919,43.7347717",end,start,,,true
c0e6b1797cfbf8205461,connect,1551240829#1f,35092475#4r,"7.4267039,43.7379518",start,end,,,true
c0ea9bb2f8a23324f515,connect,1019646822#1f,165636046#4f,"7.4259854,43.7409847",start,end,,,true
c10559ff498351c44dba,connect,200507331#2f,200507331#2r,"7.4143084,43.7277512",end,start,,,true
c10ef6a2b4ed443ef321,connect,849737729#1f,849737729#1r,"7.4177043,43.7265896",end,start,,,true
c11b36ae09cb7962c987,connect,181479771#7r,686878340#1f,"7.4163956,43.7367559",end,start,,,true
c11e6a04911114142423,connect,177045624#1r,8056043#1f,"7.4226785,43.7321826",end,start,,,true
c12d122a8700085bf6fb,connect,586508235#1f,586508235#2f,"7.4248849,43.7394029",end,start,,,true
c1315a6891ea865217b0,connect,165636031#5f,165636031#6f,"7.4270171,43.7320437",end,start,,,true
c133395743034306d281,connect,164338247#3r,164338247#4f,"7.4283535,43.7424615",start,start,,,true
c13999ed3534224037c5,connect,160004393#1f,4229536#2f,"7.4273074,43.7375321",start,end,,,true
c146643611099fcd3054,connect,446542427#2r,446542427#3f,"7.4266982,43.7372385",start,start,,,true
c149a2e426db9763f89a,connect,1488095482#1r,161748261#2f,"7.4290158,43.7413078",end,end,,,true
c14ea08268adb2622ef8,connect,161887489#1f,503559464#3f,"7.4284596,43.7339317",end,end,,,true
c15be4b6081962db06d1,connect,158215178#1r,849737729#1r,"7.4177043,43.7265896",end,start,,,true
c18bcc8a207a98c87082,connect,176333304#3f,4230114#3r,"7.4330506,43.7493104",end,start,,,true
c193aa58d969e6704329,connect,1082312612#2r,158215196#1f,"7.4195001,43.7277049",start,start,,,true
c1952d2c43d26df467c4,connect,1443870918#1f,1443870918#1r,"7.4357049,43.7490716",start,end,,,true
c1978c7d82f7b3706948,connect,168104492#1f,4230011#5f,"7.4274806,43.7404301",start,end,,,true
c1a32361f423fbff8f85,connect,1024523796#1r,177396051#1f,"7.4290575,43.7337991",start,start,,,true
c1abaf903346ceb3d2ef,connect,120113157#1f,120113157#1r,"7.4204770,43.7383783",start,end,,,true
c1b4430f61285b16436c,connect,1019174499#1f,4230085#1f,"7.4377482,43.7516532",start,start,,,true
c1b68645ae4e6005c03e,connect,24672709#1f,24672709#1r,"7.4234038,43.7414414",start,end,,,true
c1c50e98b248d2f256f3,connect,167625756#1f,167625756#6f,"7.4287735,43.7459639",start,end,,,true
c1de0590cd0ba254f87b,connect,166009792#5f,166009792#6r,"7.4205220,43.7387999",end,end,,,true
c1e23dffae73b778eab0,connect,212766110#1f,503475667#1f,"7.4139866,43.7273444",start,start,,,true
c1f4d87b4cf7ed89812f,connect,158215176#1r,177052168#1f,"7.4176073,43.7274902",start,start,,,true
c1ff466ae88f1db065cb,connect,1444437334#1f,353889276#1f,"7.4301243,43.7417656",end,start,,,true
c2008591a2501a443d39,connect,159175448#1f,8056051#4f,"7.4383556,43.7493162",start,end,,,true
c2041fd2312e55862a15,connect,1549110517#3f,166399486#1f,"7.4128565,43.7307709",end,start,,,true
c20bde2abfcd17aa66fa,connect,158215197#2f,158215197#2r,"7.4186982,43.7256667",end,start,,,true
c20f9c9cdf86a6fe3c0e,connect,166009792#5r,168104483#3f,"7.4224194,43.7394287",end,end,,,true
c210482c4dee90238253,connect,181479771#1f,181479771#1r,"7.4154628,43.7349466",end,start,,,true
c21a1a4a79720b5f0733,connect,155085119#3r,67923339#1r,"7.4150328,43.7351033",start,end,,,true
c21daf543fa63991bca2,connect,200502086#3f,200502086#4r,"7.4244523,43.7396163",end,end,,,true
c22a82636d15020c3485,connect,161752641#1f,161752641#1r,"7.4290464,43.7426452",end,start,,,true
c22b0994e8a12f7f7fde,connect,78141882#1f,78141882#2f,"7.4212477,43.7370881",end,start,,,true
c231f7e80d64dbe56594,connect,176337641#1f,176337641#1r,"7.4158534,43.7365344",end,start,,,true
c23ebb590855983a4082,connect,1202747623#1f,1202747623#1r,"7.4183021,43.7272339",end,start,,,true
c244672863a20d29e3f8,connect,1019646822#1f,165636046#4r,"7.4259854,43.7409847",start,start,,,true
c24bfeb50471f3c74ce9,connect,166009792#1f,788120420#2f,"7.4239342,43.7399395",start,end,,,true
c24fa0829697c20717e9,connect,1197885780#1f,1197885780#1r,"7.4261980,43.7316703",end,start,,,true
c2585e6f120cfa832b2b,connect,165636031#4r,834313093#1f,"7.4270858,43.7325551",end,start,,,true
c267837b67ef45ac2f23,connect,158007923#1r,78147639#2f,"7.4274432,43.7317538",end,end,,,true
c267f3f08a79e85fb772,connect,161887489#1f,503559464#2r,"7.4277815,43.7335806",start,start,,,true
c26e9c71e2527c95d724,connect,169297863#2f,712182870#1r,"7.4259768,43.7326576",end,end,,,true
c282afc52ebffc045dd7,connect,686878340#1f,686878340#2r,"7.4163131,43.7367488",end,end,,,true
c2976b90780312b2888c,connect,31900611#3f,31900625#1r,"7.4225136,43.7346600",start,end,,,true
c2a33ce1a9c398ebbc32,connect,448186736#2f,448186736#2r,"7.4177116,43.7257629",end,start,,,true
c2a372fbf00bb3d50e0b,connect,1086377399#2f,503633032#5f,"7.4362390,43.7486766",end,end,,,true
c2a61dfa42e1eb845ad7,connect,1549110516#5f,1549110527#1f,"7.4125938,43.7302884",start,start,,,true
c2a9811ee0c350ff2033,connect,166009792#6f,166009792#6r,"7.4205220,43.7387999",start,end,,,true
c2b4034b3a88cf3d909e,connect,4227218#2f,93091318#1f,"7.4245070,43.7326819",end,start,,,true
c2cb106e379477e58c7e,connect,720165108#2f,962525763#1f,"7.4233775,43.7407979",start,end,,,true
c302a7231c686154c27a,connect,200493424#1f,503550460#1f,"7.4188777,43.7276502",end,end,,,true
c31b3f10e7ca04d2824f,connect,1034247204#1f,128273232#1f,"7.4362781,43.7494769",start,end,,,true
c322bdfe2dde52f533c4,connect,167625739#2f,167625739#2r,"7.4157416,43.7299772",end,start,,,true
c32aa7aabadcea2fe64a,connect,348748065#2f,348748065#2r,"7.4184513,43.7286729",end,start,,,true
c333f0785d39fc068b00,connect,182700195#2f,93137623#1f,"7.4382636,43.7494139",start,start,,,true
c33520c0d51054ed3bcd,connect,39839529#1f,39839529#1r,"7.4229757,43.7323832",start,end,,,true
c33b6829dadfdfc173c8,connect,158189815#1f,158189827#4f,"7.4143945,43.7289873",start,end,,,true
c34d4d993bc50aac345c,connect,1549110516#4r,1549110516#5r,"7.4125938,43.7302884",start,end,,,true
c34da7fc7c133d394c97,connect,4230097#1f,4230100#1f,"7.4352878,43.7499395",end,start,,,true
c3506fe6a4a4fdc6fe90,connect,201009264#1f,503753416#1f,"7.4149265,43.7308176",start,start,,,true
c3572e5250863d03596a,connect,176477342#2f,176477342#3f,"7.4257182,43.7386514",end,start,,,true
c373ecc11fcd95a99c2f,connect,503434372#1f,503434372#2f,"7.4172422,43.7301974",end,start,,,true
c3837993198c7ffb2960,connect,214635117#6f,214635117#6r,"7.4180618,43.7258075",start,end,,,true
c38668de94ab29f55723,connect,177189425#4f,214635114#1f,"7.4171764,43.7264037",end,start,,,true
c389852367deb099e563,connect,317925725#1r,990669429#1f,"7.4137621,43.7334251",end,start,,,true
c38a88c5a57773c65398,connect,778744698#4r,850261601#3f,"7.4293375,43.7394790",start,start,,,true
c39833f4208d76d575f3,connect,167625739#2f,167625739#3r,"7.4157416,43.7299772",end,end,,,true
c3996af45b055c678c7e,connect,4230006#1r,4230009#1r,"7.4272971,43.7397122",end,start,,,true
c3a13b59a046f5a8b379,connect,220547252#1f,220547252#1r,"7.4129768,43.7276055",end,start,,,true
c3a3efc1fa6dc1f43487,connect,1058067231#1f,158189831#1r,"7.4105756,43.7292018",end,end,,,true
c3c752a8d0c9ec4acbf5,connect,8056043#1f,8056043#2f,"7.4224951,43.7322421",end,start,,,true
c3cc92d66fbd6b2f20fc,connect,181479771#7f,686878340#1f,"7.4163956,43.7367559",start,start,,,true
c3d0ba6516a3e8b15999,connect,1086377398#1r,1086377398#2r,"7.4361963,43.7486042",start,end,,,true
c3d4b20d33de4eb60629,connect,156772047#6f,156772047#6r,"7.4287944,43.7387238",start,end,,,true
c3d59475d9d685328a8c,connect,157719644#2f,586268005#1f,"7.4236281,43.7372681",end,start,,,true
c3d5b28b308bd865c5e8,connect,334773233#1f,4230119#1f,"7.4295280,43.7466034",end,end,,,true
c3d92f24acfdb6d41f64,connect,446542424#1f,485746484#3f,"7.4246856,43.7370352",start,end,,,true
c3dad6774be90ba824c3,connect,166399478#3f,166399478#3r,"7.4178449,43.7290513",end,start,,,true
c3dd66bf302891142d12,connect,196538402#1f,4230117#1r,"7.4305927,43.7474010",end,end,,,true
c3e76588b3b79039a341,connect,158215176#1f,177052168#1r,"7.4176073,43.7274902",end,end,,,true
c3ee29972bf768ca2926,connect,693487406#3f,693487406#4f,"7.4329682,43.7466976",end,start,,,true
c3f9b29c34641d8d124a,connect,164338243#1f,164338243#1r,"7.4243137,43.7409389",end,start,,,true
c400bd82902b60896e8e,connect,200502710#1f,4097656#3f,"7.4257668,43.7390784",end,start,,,true
c40bc7718137d56ee163,connect,1452634279#1f,167086057#2f,"7.4186448,43.7344035",start,end,,,true
c40db19a0a2505c1ae79,connect,31900636#2f,31900636#2r,"7.4232919,43.7347717",start,end,,,true
c410f1dba1c7a9ff4c47,connect,93137578#1f,93137578#2f,"7.4310033,43.7456824",end,start,,,true
c415100a4576e14f33bb,connect,158215191#4f,158215191#4r,"7.4172435,43.7281684",start,end,,,true
c41c1d88d17bc1260e7c,connect,25739583#1f,503434370#2r,"7.4130796,43.7335259",start,start,,,true
c42f63dc667e39ac0c1e,connect,4227157#1f,4227158#2f,"7.4238205,43.7317950",start,end,,,true
c42f94fe8fcc57e930cd,connect,35092477#1f,35092477#2f,"7.4303860,43.7409695",end,start,,,true
c43c8a695155af9c6b92,connect,572941874#1f,572941874#2f,"7.4280638,43.7386121",end,start,,,true
c44773f58483095d283a,connect,1342546058#2r,1342546059#1r,"7.4319445,43.7461974",end,start,,,true
c45fab4104e42d6f6bf4,connect,155085109#1r,503434369#1f,"7.4136512,43.7333427",start,start,,,true
c467ae168bdf0a2526fe,connect,106705723#1f,4229327#1r,"7.4196041,43.7377617",start,start,,,true
c46d9970e613447b7f03,connect,1342556413#2r,93137558#5f,"7.4344177,43.7479471",start,start,,,true
c46e69b972b12d4018bc,connect,167625737#1f,176674531#2f,"7.4212586,43.7331660",start,end,,,true
c477e74a9e19994a1634,connect,92627406#6f,92627406#6r,"7.4199648,43.7270348",start,end,,,true
c47deb4ed961a5487f07,connect,1342556412#2r,1342556412#3f,"7.4342780,43.7481281",start,start,,,true
c47e0e5dfced1dc61ea6,connect,214635114#2f,214635115#1r,"7.4173149,43.7264524",end,end,,,true
c4860c00843fe2162bc6,connect,177232619#6f,778494667#2f,"7.4267574,43.7396232",start,end,,,true
c48d709bda2d22db8dee,connect,167625739#3f,39839531#1f,"7.4157049,43.7299405",end,start,,,true
c48f2139250f4b25063d,connect,161775593#1f,699218006#2f,"7.4231173,43.7369871",start,end,,,true
c4933ededbf8d4c9bc3b,connect,1449972061#1f,155085119#5f,"7.4145356,43.7348870",start,end,,,true
c49c9f44be5ee35b3e33,connect,128273233#2r,128273233#3r,"7.4339528,43.7490554",start,end,,,true
c4b9f8cfdec90de26625,connect,156772047#6f,156772047#7f,"7.4289548,43.7388035",end,start,,,true
c4ba4132a49436e2cc66,connect,159170452#1f,503447059#1f,"7.4192355,43.7323981",end,start,,,true
c4d7f10bd4ddf6491731,connect,4227216#2f,4227216#3f,"7.4245672,43.7329107",end,start,,,true
c4ea9bf08e7d9b663a5d,connect,158007908#1r,78147635#1f,"7.4279534,43.7325962",end,end,,,true
c4f70e41e545c41763ae,connect,177396440#1f,939532441#1r,"7.4293189,43.7453936",end,end,,,true
c4ffc90b7706de89c4be,connect,177588308#1f,177588308#1r,"7.4269295,43.7420877",end,start,,,true
c506fb3e17d2d12c2d4e,connect,177231049#1f,181479771#3f,"7.4154840,43.7349756",start,start,,,true
c50c8e263249e40bafaf,connect,166399478#4r,849737746#2r,"7.4178449,43.7290513",end,start,,,true
c513ec60f27582f40231,connect,879995943#1r,879995943#2f,"7.4261576,43.7376141",start,start,,,true
c51e306bf0dc7bb28463,connect,165636047#3f,165636047#3r,"7.4292849,43.7450455",start,end,,,true
c5290af37de7237c9735,connect,1388331345#1f,165636064#2f,"7.4216200,43.7369795",start,end,,,true
c52d06806ae9a1ed43eb,connect,166399496#1r,503434362#1f,"7.4191202,43.7371360",end,end,,,true
c532af7a58427928dccf,connect,1079489487#1f,1079489488#1f,"7.4181580,43.7351970",start,end,,,true
c5366bfee0a0d689c1a1,connect,1203755548#1f,4230097#3f,"7.4349868,43.7498920",start,end,,,true
c53b00cf26309d5a0eb4,connect,1443764723#1r,176334445#1f,"7.4323065,43.7478634",end,start,,,true
c561133fee9b12bd3c5b,connect,1019646823#1f,1019646823#2r,"7.4105613,43.7310656",end,end,,,true
c56a977f006cfdf32722,connect,167625727#20f,167625727#21f,"7.4214243,43.7281547",end,start,,,true
c56cdb829585e529c2e4,connect,1024523798#1f,503559464#5f,"7.4289837,43.7339747",start,end,,,true
c56deaa45f38596977c9,connect,1342546064#4f,93137558#2f,"7.4326049,43.7468759",end,start,,,true
c58571b5bb817f86b9d3,connect,159170452#1f,503447059#1r,"7.4192355,43.7323981",end,end,,,true
c58595da76e9cf486d67,connect,788120422#1f,792870577#2f,"7.4248856,43.7408323",start,end,,,true
c5a26fff5dfe34276735,connect,1034851195#1r,1034851195#2f,"7.4289583,43.7421789",start,start,,,true
c5b6dfe65f1e9f28e80a,connect,157719647#1f,4229577#1f,"7.4251499,43.7397216",start,start,,,true
c5ba8cecd368c268386a,connect,157719647#5f,157719647#6f,"7.4247735,43.7391242",end,start,,,true
c5bd5eccaef859a5823e,connect,157719652#2r,157719652#3f,"7.4255076,43.7403015",start,start,,,true
c5e3cffd1d1bb2663b90,connect,166399501#1r,166399501#2f,"7.4278912,43.7403036",start,start,,,true
c5f40ca504154302ec12,connect,446530365#3f,446530366#1f,"7.4145009,43.7283086",start,start,,,true
c61b31819a8e48cc0408,connect,1388331343#3f,161882794#1f,"7.4216613,43.7368152",end,end,,,true
c61cc4e62c8af1ab6dc7,connect,1453165194#1f,1453165194#1r,"7.4129634,43.7308102",start,end,,,true
c61f003f18e95fa55d72,connect,1314186412#1f,1314186412#1r,"7.4184341,43.7363551",start,end,,,true
c62c1fb9e73679aef223,connect,690642687#1f,854880221#4f,"7.4159033,43.7322153",end,start,,,true
c62e533f2e4a15ac7fa0,connect,166399487#1f,166399487#1r,"7.4153778,43.7333725",end,start,,,true
c63885906efbf5eef949,connect,1081601380#2f,1081601380#3r,"7.4216746,43.7334914",end,end,,,true
c6426488969233bcaa9c,connect,4230891#2r,4230891#3f,"7.4294579,43.7386365",start,start,,,true
c64317869c274a50618e,connect,1019174508#1f,4226740#1f,"7.4218736,43.7332095",start,end,,,true
c64e06cb5e30684aef08,connect,168104492#1f,168104492#2r,"7.4275105,43.7404621",end,end,,,true
c6569e6fd21fdc7de520,connect,4230006#3r,434567309#1f,"7.4275148,43.7399287",start,start,,,true
c65e0ac544da6c2f0621,connect,155085119#5f,155085119#5r,"7.4145356,43.7348870",end,start,,,true
c6678936811bd9783192,connect,778494662#1f,778494662#1r,"7.4267015,43.7395333",start,end,,,true
c66ac330717949014bb4,connect,788120422#1f,982061461#1f,"7.4248856,43.7408323",start,end,,,true
c66e1c8acfa54fa8b37a,connect,1365041526#1r,39839531#4f,"7.4146247,43.7291531",start,start,,,true
c67a3024ecefd4d25b7d,connect,176577460#4r,176577460#5f,"7.4139032,43.7293663",start,start,,,true
c67c35609f12aaa20cfd,connect,167625727#15f,833633729#2r,"7.4194061,43.7285766",start,start,,,true
c688ba5ea6e0feac2ee9,connect,1449972057#1f,1449972058#1f,"7.4134629,43.7319042",end,start,,,true
c68cca8e6cd3bdd155fd,connect,214635115#1r,833538179#2f,"7.4173406,43.7264722",start,end,,,true
c691c8d20bb010420dd4,connect,448186736#3f,448186736#3r,"7.4176540,43.7256176",end,start,,,true
c693d08e17028d81ce15,connect,161775592#1f,161775592#2f,"7.4278737,43.7384786",end,start,,,true
c6961cc177b2deab078c,connect,1031828867#1f,1031828867#1r,"7.4373958,43.7518064",end,start,,,true
c69a99cc5b67a7d0a231,connect,158215184#3f,158215184#3r,"7.4187182,43.7279531",end,start,,,true
c69b61b5f428e32ce9ab,connect,176684623#2f,176684623#2r,"7.4209184,43.7365938",start,end,,,true
c69d469c7d028be78371,connect,158215184#4f,158215184#5r,"7.4185546,43.7281517",end,end,,,true
c6a7050c2d926e04fbd2,connect,322963972#1f,322963972#2f,"7.4176308,43.7378618",end,start,,,true
c6aa543a7e7366710a97,connect,181479771#6r,181479771#7r,"7.4163956,43.7367559",start,end,,,true
c6bda6890580ada3fe77,connect,157719644#3r,254596486#1f,"7.4240136,43.7373476",start,start,,,true
c6ce41a9252cc8723521,connect,448285212#1r,448285793#2f,"7.4125771,43.7291392",start,end,,,true
c6cfeb25e208024ca0ac,connect,503434389#1f,503462467#1f,"7.4268674,43.7416515",start,end,,,true
c6e359f6b5145a5339f3,connect,95449778#1r,95449780#1f,"7.4193988,43.7379362",end,end,,,true
c6ec6a0cdf6ef791c46f,connect,4230114#1f,4230118#1f,"7.4307478,43.7476953",start,start,,,true
c6fab80737033064b8d1,connect,165636038#4f,503801215#1f,"7.4212208,43.7320944",end,end,,,true
c700759715b8ccdf76ab,connect,1202747622#2f,158215176#1r,"7.4180507,43.7272654",end,end,,,true
c707d92f705c31b08a79,connect,1342546061#1f,182700002#3f,"7.4324992,43.7461747",end,start,,,true
c7099415a7fa4146ca84,connect,1086377399#2f,1086377399#3f,"7.4362390,43.7486766",end,start,,,true
c70c1b10ca66dcd03e89,connect,688744015#2f,688744016#1f,"7.4145620,43.7327926",end,start,,,true
c71b9a605f6783ff4ea7,connect,166399501#2f,166399501#3r,"7.4279255,43.7403359",end,end,,,true
c72a36078f51b0bfe2ca,connect,93137615#2f,93137615#2r,"7.4300559,43.7428136",end,start,,,true
c72b8ea3723f449641eb,connect,1549110517#3f,1549110517#3r,"7.4128290,43.7307614",start,end,,,true
c74e4f0324dd774fbcc9,connect,423632264#1f,503462470#1f,"7.4175483,43.7317451",start,end,,,true
c74f44da8d70de0a2963,connect,158215205#5f,92627406#6f,"7.4203314,43.7267705",end,end,,,true
c75579c9670ba544e3c2,connect,1034247203#1f,128273232#1f,"7.4353103,43.7493880",end,start,,,true
c75ed81c4f9fe9e2ed12,connect,159170522#5f,850261592#1f,"7.4206431,43.7343829",end,start,,,true
c76ff2b5cb5bd2e1e499,connect,1342546058#2f,1342546059#1f,"7.4319445,43.7461974",start,end,,,true
c773b178ab6829bb2d23,connect,1342556413#1r,1342556413#2r,"7.4343787,43.7479782",start,end,,,true
c775973a16f13d5b2c32,connect,863835496#1f,863835496#2r,"7.4179059,43.7326892",end,end,,,true
c77b4e5ab37a16578a52,connect,158189827#3f,158189827#4f,"7.4143275,43.7289426",end,start,,,true
c783a2498b6337b74caf,connect,1086377398#2f,1086377398#2r,"7.4361963,43.7486042",start,end,,,true
c79d051a8e21cac4c4c2,connect,166399478#7r,348748065#1f,"7.4179191,43.7284751",start,start,,,true
c7ac569acf37ed59b467,connect,159170465#2f,159170465#3f,"7.4176317,43.7366515",end,start,,,true
c7acbf96dfd251f150e3,connect,1488095482#1f,161748261#2f,"7.4290158,43.7413078",start,end,,,true
c7afb8fef1ceb9ba7f85,connect,164338219#2f,164338219#3f,"7.4242846,43.7313189",end,start,,,true
c7b039182a87557bf45f,connect,161748261#1f,161748261#2f,"7.4289367,43.7412907",end,start,,,true
c7b60e09d420fabe59b7,connect,159170458#2f,159170458#2r,"7.4171729,43.7329860",start,end,,,true
c7c33f8c6963d8ad8110,connect,423632264#1f,423632264#2r,"7.4176953,43.7318119",end,end,,,true
c7e73225bf19f790013b,connect,39839529#3r,766768153#6r,"7.4234484,43.7326800",start,start,,,true
c7f3e956c5836defd23b,connect,693487406#1f,693487406#2f,"7.4330493,43.7466827",end,start,,,true
c80c595c21fd8e5a9d7c,connect,1019646823#1f,158007891#2f,"7.4104982,43.7310528",start,end,,,true
c80de8b9263586e6b14f,connect,1342556412#2r,1342556413#1f,"7.4342287,43.7480954",end,start,,,true
c8153143c1ea5763ad97,connect,157719664#2f,39838265#1f,"7.4250137,43.7406818",end,start,,,true
c828ab17bd63be471940,connect,1365041486#1r,1365041486#2f,"7.4294832,43.7385662",start,start,,,true
c833aa65ede613c1f933,connect,167625737#1f,167625737#2f,"7.4212789,43.7326409",end,start,,,true
c837e7ae6e4a537e33da,connect,1202747623#1f,158215178#1r,"7.4182475,43.7271739",start,start,,,true
c8388760ca6472e909da,connect,4230105#3f,4230105#3r,"7.4334951,43.7488339",end,start,,,true
c8407d2d6b1472700cc7,connect,176477342#1r,4229539#3r,"7.4256506,43.7386004",end,start,,,true
c840cecc66d588d60e2d,connect,792870577#2f,982061461#1f,"7.4248856,43.7408323",end,end,,,true
c8535d2957829eb58f41,connect,398362860#1f,952419572#1f,"7.4173054,43.7316813",end,start,,,true
c87a5fb64958a20759bf,connect,1202747622#1r,1202747622#2f,"7.4182279,43.7272596",start,start,,,true
c87b4092625e8a1cf7a3,connect,157719653#1r,92627415#1f,"7.4298880,43.7402056",end,end,,,true
c87f19990efec4772638,connect,93137615#2f,93137615#2r,"7.4304368,43.7427556",start,end,,,true
c87f1ea1d156cafe1775,connect,1149057192#1f,93137562#1f,"7.4373100,43.7491984",end,start,,,true
c88aeaa85085dbcd85ac,connect,92627406#1r,92627406#2r,"7.4190183,43.7276721",start,end,,,true
c88ecdfafaf9d19ae9a5,connect,176752959#1r,254596489#1r,"7.4225362,43.7375949",end,start,,,true
c8903ed91d97ab3875f2,connect,176577460#2f,176577460#2r,"7.4141458,43.7291795",end,start,,,true
c8923d1043a50d513ceb,connect,155085120#1r,854880221#1f,"7.4155251,43.7319401",end,end,,,true
c8a6c0d9ca966ce345c4,connect,39839529#3f,766768153#6r,"7.4234484,43.7326800",end,start,,,true
c8a832066629269f4a39,connect,4229273#1f,503462476#2f,"7.4170658,43.7299679",end,start,,,true
c8ad1ff6f66602952d57,connect,4230099#1r,4230100#1f,"7.4359741,43.7503615",end,end,,,true
c8b2497ef371e8648156,connect,214635115#2r,833538179#2f,"7.4173406,43.7264722",end,end,,,true
c8b5cd644dc60edc0d49,connect,161887493#1f,161887494#1f,"7.4267599,43.7331798",end,start,,,true
c8bcaf39252d643fabff,connect,254596489#1f,254596489#1r,"7.4225362,43.7375949",end,start,,,true
c8c584f104a6ff84efb2,connect,128273232#1f,128273232#1r,"7.4353103,43.7493880",start,end,,,true
c8ec64c7999e4b3d9b9e,connect,159170450#1r,503475644#1f,"7.4177034,43.7328346",end,start,,,true
c8ec8749559eb55be389,connect,161769679#1f,161769679#2f,"7.4277231,43.7387945",end,start,,,true
c8f7ec1c49299f320ab0,connect,423873046#1f,423873046#1r,"7.4295803,43.7455897",start,end,,,true
c8f9fb05800d1e108ad2,connect,166149556#1r,4229327#1f,"7.4193491,43.7378381",start,start,,,true
c8fa65f6b6f6dcb5dfec,connect,157719645#3f,157719645#3r,"7.4280815,43.7416059",end,start,,,true
c902187a25355e6ab4cf,connect,851991828#1f,851991828#2r,"7.4381839,43.7492902",end,end,,,true
c91396609bebf86ea23b,connect,1086377399#2f,503633032#6f,"7.4362390,43.7486766",end,start,,,true
c91b7735ef09c1829f3b,connect,568187257#1f,568187257#1r,"7.4297349,43.7403489",start,end,,,true
c926d5cd3c1bb71e50be,connect,1342546058#1f,1342546059#1r,"7.4319445,43.7461974",end,start,,,true
c9337bae259175cf8d06,connect,1342546058#2r,1342546058#3f,"7.4322678,43.7460405",start,start,,,true
c937ba7f1eb62aad3b8f,connect,572941874#3f,572941874#4f,"7.4281756,43.7386165",end,start,,,true
c93e2700c37593de5aa1,connect,159170458#1r,854880222#1r,"7.4171323,43.7329167",end,start,,,true
c960aaba1ebb91a87331,connect,143536279#2f,788197746#2f,"7.4191578,43.7385350",end,start,,,true
c96629cc8df09ac76d72,connect,176293207#1f,850261592#1f,"7.4206431,43.7343829",start,start,,,true
c96cc4bf1821277792a6,connect,834313093#1f,834313093#1r,"7.4270827,43.7326238",end,start,,,true
c97b9333f49f64878177,connect,166149542#6f,94399437#1f,"7.4197104,43.7369463",start,start,,,true
c9808ab6435988bdc1f8,connect,68814578#1f,788626301#1f,"7.4172970,43.7372997",end,end,,,true
c984673712f811b013de,connect,4226740#1f,60767229#1f,"7.4221705,43.7328624",start,end,,,true
c986d36c6016d4a43172,connect,834616138#1r,834616138#2f,"7.4204663,43.7267436",start,start,,,true
c99fd6cdfe54fba93150,connect,176321050#1r,176321050#2f,"7.4236117,43.7386150",start,start,,,true
c9a3563fa5ae1a1dfb1d,connect,158189817#2f,166399491#1f,"7.4155620,43.7285809",end,start,,,true
c9a6158dd6ac9b2d427b,connect,572941874#2r,93137627#2f,"7.4280638,43.7386121",end,end,,,true
c9a9aae7068aca5c21f7,connect,166399477#3f,501241476#1f,"7.4145611,43.7268525",end,start,,,true
c9b902e46c0fcc339ba2,connect,201009264#3f,201009264#3r,"7.4128197,43.7303666",end,start,,,true
c9c0d6e0134d875c5b89,connect,850261577#1f,850261577#2r,"7.4232600,43.7302013",end,end,,,true
c9d4823aa00cd4126e48,connect,156242237#1f,353889282#1f,"7.4304317,43.7413276",start,end,,,true
c9d68dc490952b02fa99,connect,203711531#1f,226201294#1r,"7.4268130,43.7371633",end,end,,,true
c9e148e76e9f1bb5730b,connect,503638814#2r,503638814#3r,"7.4369557,43.7498418",start,end,,,true
c9e94756b374bf6c3776,connect,446530365#1f,690915731#1r,"7.4147909,43.7285210",end,end,,,true
c9eb7b0c51d4e9824a6f,connect,161887490#1f,161887492#2f,"7.4271154,43.7332555",end,end,,,true
c9f2de87ccf735e00e5f,connect,254596488#1r,503783369#1f,"7.4301941,43.7443870",end,start,,,true
ca04052ef09bfd47640e,connect,201009262#1f,80377817#1f,"7.4160112,43.7309516",start,end,,,true
ca05794fc3e01dceab78,connect,1034851195#2f,1034851195#2r,"7.4289583,43.7421789",start,end,,,true
ca1acbda86a924aaad2c,connect,155085121#1f,503434354#1f,"7.4150762,43.7330950",start,end,,,true
ca1ef9f539ae692cd0c5,connect,4230011#4f,4230011#5r,"7.4274367,43.7404503",end,end,,,true
ca2970d7722e85e31f51,connect,200502086#1f,586508238#2f,"7.4246154,43.7395901",end,end,,,true
ca2f792ca2fc5a003ed6,connect,1174009935#1f,51691775#1f,"7.4297438,43.7413520",end,start,,,true
ca593ad760aa4d653a1e,connect,165636047#3f,165636047#4r,"7.4294832,43.7454716",end,end,,,true
ca59fd583c9bc2d4dc35,connect,158215196#2r,177052555#1r,"7.4194392,43.7281402",end,end,,,true
ca61c9938619ffa9e973,connect,176336114#1f,176336114#2f,"7.4230327,43.7384802",end,start,,,true
ca6b42d16ca2ea05e65f,connect,4230006#2f,4230006#2r,"7.4274959,43.7399103",end,start,,,true
ca6b83e37189d552839c,connect,1549110516#2r,1549110516#3r,"7.4127939,43.7303590",start,end,,,true
ca7375d09c74877d7fe5,connect,200502086#4f,200502086#4r,"7.4244523,43.7396163",start,end,,,true
ca78ce02653a9a8f03f3,connect,176682382#1f,176682382#2r,"7.4125829,43.7285141",end,end,,,true
ca8adb9063cb09c895f7,connect,25082741#1r,699218006#2f,"7.4231173,43.7369871",end,end,,,true
ca8bf538e60814c62589,connect,1361686923#1f,68814575#1f,"7.4173557,43.7372467",start,start,,,true
ca8d8b51374076c5bd40,connect,348019480#1f,446542427#1r,"7.4254466,43.7371178",start,end,,,true
ca98d8e5516d7326b271,connect,157719645#6f,157719645#6r,"7.4284853,43.7421636",start,end,,,true
ca991bf04b1f9b51430b,connect,159170465#2r,159170465#3r,"7.4176317,43.7366515",start,end,,,true
ca9fbe60291473acd7d3,connect,166399501#4f,850261602#7f,"7.4280619,43.7404648",start,end,,,true
caa68fec473e5f54a324,connect,1131276186#1f,503471323#2f,"7.4167329,43.7320466",start,end,,,true
caa76968d1e27dc23414,connect,503471324#1f,503471324#2f,"7.4373008,43.7490695",end,start,,,true
caaa23ac01b60ecc5a97,connect,1238339144#5f,93137576#1f,"7.4305032,43.7428351",end,end,,,true
cabab09aed44f4a7b707,connect,182700008#1f,503462468#3f,"7.4342119,43.7472003",start,end,,,true
cac0ebba243ff6519540,connect,4097656#4f,4097656#4r,"7.4252293,43.7396860",end,start,,,true
cac3dadce4cbf010d766,connect,1058067232#1f,1549110515#3f,"7.4106261,43.7292783",end,end,,,true
cac53599d88de45129d4,connect,1449972043#1f,850261580#1r,"7.4256911,43.7316275",end,end,,,true
cac83364cb09b7d210a0,connect,161887490#2f,161887492#2f,"7.4271154,43.7332555",start,end,,,true
cad5b0eade5589fe5e54,connect,156188798#1f,156188798#1r,"7.4289548,43.7388035",end,start,,,true
cadcfdb427e13115a138,connect,157719645#12f,93137591#2f,"7.4306594,43.7454678",end,start,,,true
cadda4318f49d17bc1e4,connect,200502086#2f,200502086#2r,"7.4245418,43.7396014",end,start,,,true
cade1dc36a31da7047fd,connect,809470170#2f,809470170#2r,"7.4279571,43.7393275",end,start,,,true
cae5cbad137a181166ea,connect,176684623#2f,176684623#2r,"7.4200388,43.7362377",end,start,,,true
cafa17adea15720bd099,connect,1410590319#1f,503434370#2f,"7.4130796,43.7335259",end,end,,,true
cb040ac62a563e1d1ae5,connect,177052163#1f,177189425#3r,"7.4169271,43.7263995",start,end,,,true
cb05d8211b670d720fc9,connect,503434355#1f,503434355#2f,"7.4152812,43.7331591",end,start,,,true
cb08aedacdec3b5cd9f6,connect,1146071897#1f,1233853668#2r,"7.4149386,43.7342219",start,end,,,true
cb1ce9034279c5013335,connect,161752639#2f,161752642#1r,"7.4288463,43.7416416",end,end,,,true
cb210b1396f794b5f4ad,connect,158215184#6f,158215184#7f,"7.4181426,43.7282837",end,start,,,true
cb32ca46d31eee23f58c,connect,1365041523#1f,176577460#3f,"7.4139233,43.7293508",start,end,,,true
cb33fd1a75f122b0f379,connect,4230114#1f,4230114#1r,"7.4307478,43.7476953",start,end,,,true
cb380e18fdca1119657a,connect,93137615#2r,93137615#3f,"7.4300559,43.7428136",start,start,,,true
cb4cae1986bcb92da334,connect,157719653#1f,157719653#1r,"7.4279687,43.7379148",end,start,,,true
cb544cf7169a8f39b4d6,connect,4229658#1f,4229658#2f,"7.4271787,43.7394313",end,start,,,true
cb646a512199cb59c1a9,connect,4227230#1f,503813540#1f,"7.4220576,43.7321018",start,end,,,true
cb6552782aa2be6569b5,connect,952419569#1f,952419571#1f,"7.4171229,43.7316079",start,end,,,true
cb6e93a97738872e768b,connect,214635117#1f,214635117#1r,"7.4173167,43.7263600",start,end,,,true
cb709e0b8d80232d0c01,connect,1314186421#1f,166399478#6f,"7.4179056,43.7287625",start,end,,,true
cb8024f8ced92747defb,connect,161887489#1r,503559464#3r,"7.4277815,43.7335806",end,end,,,true
cb80dded27b073dbd002,connect,166399512#1f,8056051#5f,"7.4384231,43.7493139",start,end,,,true
cb9e012bb1d13df4f468,connect,150050283#1f,150050283#1r,"7.4173816,43.7298765",start,end,,,true
cb9e7406dadccc83748f,connect,157719645#12f,157719645#12r,"7.4305027,43.7453643",start,end,,,true
cba950001c8a882c18a4,connect,157719662#1f,962525763#1f,"7.4235192,43.7406289",end,start,,,true
cbb0c4d865f62213d0b5,connect,168104483#2f,176336113#1f,"7.4228529,43.7390946",start,start,,,true
cbb0d8bf975923100c88,connect,1453878835#1f,176776331#8f,"7.4214168,43.7365583",end,end,,,true
cbbae337f92874d9b3ae,connect,157719668#1f,157719668#1r,"7.4238573,43.7399010",start,end,,,true
cbbd53aaf032cf334983,connect,1365209993#1r,92627426#1r,"7.4224687,43.7274114",start,end,,,true
cbc1bef3f6282a916120,connect,158215184#7r,448186730#2f,"7.4181426,43.7282837",end,end,,,true
cbcc930abe721253d7d6,connect,168890950#1r,4227214#4f,"7.4223806,43.7299372",end,end,,,true
cbd1f4b8fa0f0cefc9c9,connect,353889390#1f,353889390#1r,"7.4129686,43.7295886",start,end,,,true
cbe019088a04d84ea4a5,connect,164338247#1f,164338247#1r,"7.4283283,43.7421754",end,start,,,true
cbe02e645e66cd956990,connect,348748065#1f,348748065#2f,"7.4179886,43.7284950",end,start,,,true
cbebc34adf84b2a0363a,connect,200502710#1f,4097656#2f,"7.4257668,43.7390784",end,end,,,true
cbeeb0579069b4a3c969,connect,720165108#2r,720165108#3r,"7.4233819,43.7408807",start,end,,,true
cbf1c7b5ac121b1ae8dc,connect,1082312613#1f,92627406#5f,"7.4197532,43.7275894",start,start,,,true
cbf27de53a2a10032394,connect,176760116#1f,176760116#1r,"7.4349290,43.7482407",start,end,,,true
cbf533cf5b1e849c91cd,connect,4230099#4r,4230099#5r,"7.4369421,43.7503705",start,end,,,true
cbfa743ad48d668bde3d,connect,1342556413#1f,1342556413#2f,"7.4343787,43.7479782",end,start,,,true
cbfb3afbdfcead04c035,connect,1443764723#2r,176334442#1f,"7.4334983,43.7484416",start,start,,,true
cbff2afda442d366438e,connect,686878340#1f,686878340#1r,"7.4163131,43.7367488",end,start,,,true
cc031bd1da1a89f2a619,connect,68814581#1f,68814587#1f,"7.4176530,43.7373119",end,end,,,true
cc0e2ef77f3ac2938a48,connect,166009792#6r,851792660#1r,"7.4200043,43.7387594",start,end,,,true
cc13eb9f74386d40744b,connect,157719647#7f,176321050#4r,"7.4246137,43.7388584",end,start,,,true
cc1489785fbc4ddc0a76,connect,158215192#1f,167625739#1r,"7.4160562,43.7301923",end,end,,,true
cc1ed6f73550a03db088,connect,1149057192#1f,182700195#2f,"7.4374722,43.7492664",start,end,,,true
cc312028cc75f84beb66,connect,158189831#2f,158189831#3f,"7.4104585,43.7289212",end,start,,,true
cc3b5fab05cf1fcf74ae,connect,158189827#1f,278143566#1r,"7.4137509,43.7285262",end,start,,,true
cc443b343246a1632924,connect,834313093#2f,834313093#3r,"7.4274484,43.7326834",end,end,,,true
cc7c18e7d8b4fed17450,connect,1086377398#1f,1086377398#2r,"7.4361963,43.7486042",end,end,,,true
cc83895310cc642d29b8,connect,92627441#1f,92627441#2f,"7.4124987,43.7286071",end,start,,,true
cc8b3f9b54d7cade38e1,connect,503462465#2f,93137630#1f,"7.4306302,43.7427422",end,end,,,true
cca81b824e642dc214f1,connect,164338230#4r,164338230#5f,"7.4196565,43.7342503",start,start,,,true
ccb07df87638593c70f9,connect,1365041523#1r,176577460#3r,"7.4141458,43.7291795",start,end,,,true
ccbf5066be09e4bb5302,connect,176576014#1f,176576014#1r,"7.4218357,43.7398553",end,start,,,true
ccc27fdc0edcc8127d9c,connect,840101178#1f,840101178#1r,"7.4212309,43.7332121",start,end,,,true
ccc5c4c8f195c562bedb,connect,1019646823#2r,463430038#1f,"7.4106015,43.7310737",start,start,,,true
cccff6ec79cda216d8f7,connect,1203849334#2f,1203849334#2r,"7.4204923,43.7349268",end,start,,,true
ccd7e58962a419d4c9b1,connect,164338222#1f,164338222#1r,"7.4280458,43.7332532",start,end,,,true
ccdb4e65041f5b0dd46f,connect,503559464#1f,503559464#1r,"7.4271452,43.7333639",start,end,,,true
cce9b65b6f9698dc45de,connect,1549110516#2f,1549110516#2r,"7.4127939,43.7303590",end,start,,,true
ccf103eb8bb437daaa43,connect,158189827#1f,158189827#2f,"7.4137509,43.7285262",end,start,,,true
ccf5f8ba894860b477cc,connect,4098197#4f,4098197#4r,"7.4321389,43.7478505",end,start,,,true
ccf61ada741d9ca5411e,connect,4229329#1f,943188283#1r,"7.4193334,43.7381654",start,start,,,true
ccf8908dd033f3b05f0f,connect,159170465#4f,159170465#4r,"7.4178943,43.7366780",start,end,,,true
cd0076bf6302e7916291,connect,168890943#1f,850261575#3f,"7.4249462,43.7307057",start,end,,,true
cd0543b2f4f6992c742e,connect,165636031#3r,834313093#1r,"7.4270858,43.7325551",start,end,,,true
cd1389c74fdd76640410,connect,158189830#2r,257071645#1r,"7.4101838,43.7290311",start,end,,,true
cd1d3caa54c0aee12179,connect,1342556412#2f,1342556413#1r,"7.4342287,43.7480954",start,end,,,true
cd23978083721701d279,connect,169297863#1f,177045624#1r,"7.4228153,43.7321967",start,start,,,true
cd45f79deecfeab74847,connect,166149571#3f,318654737#1r,"7.4148737,43.7284100",end,end,,,true
cd5eb6cb604e105bd235,connect,161885378#2f,4227216#2f,"7.4245672,43.7329107",end,end,,,true
cd6a9cd70d03dcaa65b9,connect,1203858294#1f,423632269#1f,"7.4171888,43.7314765",end,start,,,true
cd6b1aefc87302af4358,connect,1449972040#1f,166399491#1f,"7.4153540,43.7287159",start,end,,,true
cd707fd761ecd2eb4cdd,connect,157719664#4f,166009791#1f,"7.4256003,43.7404449",end,start,,,true
cd786aed6b73c852b38e,connect,1428926465#1f,423632273#1f,"7.4123118,43.7286832",start,end,,,true
cd79397ece32b4f91fd6,connect,93137560#2f,93137591#1f,"7.4307503,43.7455581",end,start,,,true
cd79e8018ef3373d3dbb,connect,120113156#1r,120113156#2r,"7.4203651,43.7379469",start,end,,,true
cd7d51a297583c19b5aa,connect,1082281160#2f,1082281160#2r,"7.4179173,43.7258428",start,end,,,true
cd8198f85c57f19a5db2,connect,4230099#8r,4230099#9r,"7.4362389,43.7497178",start,end,,,true
cd8a2faecf66ca628c20,connect,176527122#2f,177189425#1f,"7.4157810,43.7264182",end,start,,,true
cdae248dedb4784fccd7,connect,850261575#2f,850261575#3f,"7.4240680,43.7302982",end,start,,,true
cdbc9da5965ee9db8fab,connect,1342556412#2r,1342556413#1r,"7.4342287,43.7480954",end,end,,,true
cdbf89e626594a8964d6,connect,4230105#3f,4230105#4f,"7.4334951,43.7488339",end,start,,,true
cde30ad1da281af38e6b,connect,322963972#4f,788626301#1f,"7.4174595,43.7373343",end,start,,,true
cde71cd9fbb86dfcaace,connect,1202747623#1r,158215178#1r,"7.4182475,43.7271739",end,start,,,true
cde8ab1a8262690f25b7,connect,176321050#2f,176321050#3f,"7.4236422,43.7386370",end,start,,,true
cdf7c3a76c52b4b2fc6b,connect,164338230#4f,164338230#4r,"7.4196565,43.7342503",end,start,,,true
cdf8e7bb8395cbbfe64f,connect,4229539#1f,4229539#1r,"7.4246822,43.7388509",end,start,,,true
cdf9605a9f651a8eca66,connect,159170498#1f,176337650#1f,"7.4158802,43.7368238",end,start,,,true
cdfcdacb8fb854c4be2b,connect,80378486#1f,93091311#1f,"7.4214215,43.7318757",start,end,,,true
ce07ab3bf71a312ea057,connect,353889383#1f,353889383#2f,"7.4378163,43.7514811",end,start,,,true
ce0d1ba85e6636b3cbb1,connect,1551240829#1f,1551240829#2f,"7.4267196,43.7379046",end,start,,,true
ce24f3f01d3cb3c40731,connect,694608614#1f,694608615#1f,"7.4189985,43.7324054",start,end,,,true
ce29b1b73575841e52d1,connect,169297863#1f,169297863#2f,"7.4245897,43.7323501",end,start,,,true
ce30a8700f54b87f66f2,connect,1276784167#1f,503475643#2f,"7.4220901,43.7351390",end,start,,,true
ce46bacc994268cb45f8,connect,357168416#1f,357168416#1r,"7.4287627,43.7464825",start,end,,,true
ce50a266211f268d7a8f,connect,166399478#7r,348748065#1r,"7.4179191,43.7284751",start,end,,,true
ce5126889b3dab9b5a8f,connect,158189817#1r,158215191#4f,"7.4167776,43.7281825",end,end,,,true
ce5c71fffe7eae3377e4,connect,1202361392#1f,157719645#3r,"7.4276654,43.7411907",end,end,,,true
ce5d797a5635cef645e6,connect,1079492040#1r,176293207#2f,"7.4207360,43.7343802",end,start,,,true
ce72ee10d1eff4f5b2b6,connect,93137575#1f,93137575#1r,"7.4316697,43.7450773",start,end,,,true
ce82f54a7322db320511,connect,24668403#1f,24668403#1r,"7.4209724,43.7399088",end,start,,,true
ce83ab2357390a09a655,connect,155085119#4r,67923339#1f,"7.4150328,43.7351033",end,start,,,true
ce9612a7ee4774e87068,connect,1525349447#1f,1525349447#1r,"7.4319009,43.7479894",end,start,,,true
ceab8484283cf53c5f48,connect,1388331350#1f,166399484#1f,"7.4217683,43.7369071",end,end,,,true
cec3c93bcb7e591d09bf,connect,317925725#1f,317925725#1r,"7.4137621,43.7334251",start,end,,,true
ced9f352697ab795b965,connect,159170517#4f,159170522#3f,"7.4196441,43.7342962",end,end,,,true
cede224e81ff47ac3260,connect,176682382#3r,176682613#1f,"7.4130832,43.7291057",end,end,,,true
cee1165e81bdec6a9ff9,connect,166399478#1r,503702167#1f,"7.4176125,43.7294974",start,start,,,true
ceea12d0cb88ae78c5ee,connect,177588306#1r,4230186#3f,"7.4277383,43.7429274",end,start,,,true
ceecb6a9e7a8c415d9ee,connect,1243224901#1f,1243224902#1f,"7.4287594,43.7461676",end,start,,,true
cef0500f25ad4e3252e6,connect,690914538#1f,690914539#2r,"7.4136599,43.7273734",start,start,,,true
cef8eb96943cadb2df2b,connect,220547252#1f,220547252#1r,"7.4132997,43.7274216",start,end,,,true
cf08a383264ee417a9f9,connect,177590093#1f,503783376#2f,"7.4347588,43.7481430",start,start,,,true
cf153f4a7aae3e41ea3e,connect,166399487#6r,94399927#1f,"7.4165509,43.7355383",start,end,,,true
cf1fca325a27c9eea0a9,connect,693487406#1f,693487406#1r,"7.4330493,43.7466827",end,start,,,true
cf31d513ff80d335def2,connect,160004399#1f,160004399#1r,"7.4261667,43.7373421",end,start,,,true
cf37b55bbd25f57c420b,connect,155085119#3f,67923339#1f,"7.4150328,43.7351033",end,start,,,true
cf3f8b0cd62f5849aa7a,connect,1365041526#1f,39839531#4f,"7.4146247,43.7291531",end,start,,,true
cf42573d38b8f656d10a,connect,166399478#8f,348748065#1r,"7.4179191,43.7284751",start,end,,,true
cf461238012933a146cb,connect,503434362#1f,503550471#1f,"7.4191202,43.7371360",end,start,,,true
cf4b09d955a525fd3cac,connect,166399501#4f,166399501#4r,"7.4287442,43.7411034",end,start,,,true
cf4b15345ec9cc7fbe9a,connect,8056051#4f,93137623#1f,"7.4382326,43.7493201",start,end,,,true
cf50cc0e4fa7e5c0f627,connect,176334446#1f,51691775#1f,"7.4297697,43.7410018",start,end,,,true
cf5977314cde266eb0b9,connect,156772047#4r,156772047#5f,"7.4287155,43.7385771",start,start,,,true
cf5cfa7c4aeebb656169,connect,176477342#1f,176477342#2r,"7.4256981,43.7386253",end,end,,,true
cf68dd51af9a05bf3987,connect,503783376#1f,93137558#5f,"7.4344483,43.7479647",start,end,,,true
cf6b7533650830ef2816,connect,446542427#1f,446542427#1r,"7.4254466,43.7371178",start,end,,,true
cf7503deb970e45727ed,connect,161887492#1f,161887492#1r,"7.4272940,43.7332957",end,start,,,true
cf7ade9572675e91d6bd,connect,93137573#1f,93137573#1r,"7.4345387,43.7474770",end,start,,,true
cf8350c3b85558418874,connect,1452797913#1f,1452797914#2f,"7.4316187,43.7459440",end,start,,,true
cf88fa567053233f88b4,connect,78147638#2f,78147638#3f,"7.4193927,43.7387634",end,start,,,true
cf89c84582bee25a8de7,connect,4230106#2r,4230106#3r,"7.4328986,43.7486842",start,end,,,true
cf972567388d5d242c34,connect,699218006#1f,699218006#1r,"7.4220043,43.7368716",start,end,,,true
cfa4f511f8c4459e961c,connect,167625738#1f,4227198#3f,"7.4202234,43.7326573",start,start,,,true
cfa50b4ecee299346728,connect,161885378#1f,161885378#1r,"7.4245595,43.7329487",end,start,,,true
cfac6af73ca3b9f58796,connect,448186736#4f,448186736#5f,"7.4177486,43.7255243",end,start,,,true
cfdb952e1e18ceaaf47a,connect,1202747623#2f,503550463#1f,"7.4183136,43.7272447",end,start,,,true
cfdd61c229d005d9fccf,connect,1202747623#1f,1202747623#1r,"7.4182475,43.7271739",start,end,,,true
cfdd9f261715a524e88f,connect,164338247#4f,164338247#4r,"7.4283535,43.7424615",start,end,,,true
cff41af2f96c223b20da,connect,4227216#2f,93091318#1f,"7.4245672,43.7329107",end,end,,,true
d039e68dfa95b027fd2b,connect,176674530#1f,176674530#1r,"7.4246137,43.7388584",start,end,,,true
d0492679fa301085551d,connect,503434361#2f,804900035#1f,"7.4168917,43.7300170",end,start,,,true
d049b56ff5ad5a24a8b1,connect,39839529#3f,39839529#3r,"7.4234851,43.7326198",start,end,,,true
d05cc01fac0a9b0f9f98,connect,503813544#1f,503813544#1r,"7.4182711,43.7320380",start,end,,,true
d06441f90856366803f2,connect,161882805#1r,168890943#1f,"7.4250635,43.7307735",end,end,,,true
d066030d1073ab730430,connect,1342556413#2f,93137558#5r,"7.4344177,43.7479471",end,end,,,true
d06a85fb0dbe7c41df86,connect,503550462#1f,503550463#1r,"7.4186803,43.7274752",start,start,,,true
d075d72e609ebb02a278,connect,156242237#1f,156242237#2f,"7.4304920,43.7413449",end,start,,,true
d07f63397fe959cb1623,connect,167625727#2f,167625727#3f,"7.4173816,43.7298765",end,start,,,true
d087638964aad4e32395,connect,128273233#3f,128273233#3r,"7.4339528,43.7490554",start,end,,,true
d0a4b4ae063608c0b99f,connect,4230044#2f,850261612#1f,"7.4308515,43.7433450",end,start,,,true
d0b52d629595da176edc,connect,159170458#3r,166149542#1r,"7.4172340,43.7342644",start,end,,,true
d0c31d65c15f339369a1,connect,423632264#1f,423632264#1r,"7.4175483,43.7317451",start,end,,,true
d0c39f04f844dbe43d2d,connect,158215196#1r,177052555#1f,"7.4194392,43.7281402",start,start,,,true
d0c948e74f00d8b58ec7,connect,176477342#1f,4229537#1f,"7.4256506,43.7386004",start,start,,,true
d0ceeca376cdd70adaa2,connect,176333306#1f,503462467#1f,"7.4268727,43.7416018",end,start,,,true
d0d0085f53e13f1751f1,connect,334773233#1f,334773233#1r,"7.4287627,43.7464825",start,end,,,true
d0e53f525842a82a0d0c,connect,1086377399#2r,503633032#6f,"7.4362390,43.7486766",start,start,,,true
d0e9d487d074520d34ec,connect,176321050#3f,176321050#3r,"7.4245517,43.7388671",end,start,,,true
d0ec4b7e44a11e99bb67,connect,158189817#2f,158189817#2r,"7.4155620,43.7285809",end,start,,,true
d0ff553efc596b332e31,connect,168959165#2f,33749607#1f,"7.4175017,43.7349718",end,start,,,true
d1063bf3462768ace65b,connect,166643408#2f,854880222#1f,"7.4171323,43.7329167",end,end,,,true
d1076e450afaadd3bee5,connect,166399477#3f,899409586#1f,"7.4153736,43.7264406",start,start,,,true
d10cb607d790ee87b6cb,connect,503633032#2f,718024988#1f,"7.4358329,43.7485042",end,end,,,true
d10e0bd5239eb0e09a0e,connect,166399491#1f,182692348#2f,"7.4153540,43.7287159",end,end,,,true
d1129a813a469445a5a9,connect,1443764723#1f,1443764723#2f,"7.4326452,43.7478930",end,start,,,true
d1184424bc9cc168c6f3,connect,156772047#8f,156772047#9r,"7.4291695,43.7390118",end,end,,,true
d12505f4a7f4bc81044a,connect,1238339144#2f,1238339144#3f,"7.4313351,43.7444778",end,start,,,true
d12f9c8d7992ae91fced,connect,1470365900#1f,353889280#1f,"7.4301265,43.7411082",start,end,,,true
d146c95d21db0fe02f11,connect,214635115#1f,833538179#2r,"7.4173406,43.7264722",end,start,,,true
d1486f7e6a9d82f371ec,connect,181479771#3r,181479771#4f,"7.4158135,43.7353199",start,start,,,true
d1555399cc337fdc1caa,connect,690653919#1f,690653921#1f,"7.4175115,43.7319332",start,end,,,true
d157319cf2f83ce38769,connect,317925725#1r,688744912#1r,"7.4144363,43.7338298",start,end,,,true
d15a38b18191f3760baf,connect,161887494#2r,4227216#4r,"7.4251814,43.7330313",start,start,,,true
d15c9a09ba98fcca9fac,connect,177231049#1f,177231049#1r,"7.4153585,43.7350225",end,start,,,true
d15f1fc98925ddc33fc9,connect,1452797915#2f,1452797915#2r,"7.4321230,43.7459177",start,end,,,true
d16c3abcd9bb007c2ada,connect,158007908#1r,78147635#1r,"7.4279534,43.7325962",end,start,,,true
d1713823dbb7edd76106,connect,1410590314#1r,1449972061#1r,"7.4141396,43.7345609",end,start,,,true
d173da514f5f4aab781d,connect,157719645#7f,177590090#1f,"7.4285482,43.7424396",end,start,,,true
d178ce4edebccd79585c,connect,164338225#1r,176674531#2f,"7.4212586,43.7331660",end,end,,,true
d17b5572fb724e33ca08,connect,4230106#2r,4230106#3f,"7.4328986,43.7486842",start,start,,,true
d17d635756e4502ed543,connect,690914542#2f,690914542#3r,"7.4140299,43.7275634",end,end,,,true
d17da66dd0c4eb0dd478,connect,1212029941#1f,353889390#1f,"7.4130320,43.7298527",start,end,,,true
d182c07f3ea22fd2fb51,connect,166399501#4f,166399501#5r,"7.4287442,43.7411034",end,end,,,true
d1862e2fa42041d88e0d,connect,4230099#2f,4230099#3f,"7.4366445,43.7504507",end,start,,,true
d192ecfae47b65cae358,connect,4098197#2r,4098197#3r,"7.4317323,43.7475177",start,end,,,true
d19828b14c610a7335e4,connect,176321050#4f,176674530#1r,"7.4246137,43.7388584",end,end,,,true
d19d17d03cca18ba3697,connect,159175448#1f,159175448#1r,"7.4383556,43.7493162",start,end,,,true
d19d4fd57301f224ab3d,connect,1342546088#1f,4230099#9f,"7.4362389,43.7497178",end,start,,,true
d19d550f7af579e5a2ce,connect,664388472#1f,664388473#1f,"7.4385587,43.7490135",start,end,,,true
d1a29530efde3775dcdf,connect,161748260#2f,166399501#5r,"7.4287442,43.7411034",end,end,,,true
d1a54f1efb8f3ed71ce6,connect,1086377394#1f,503471324#2f,"7.4373008,43.7490695",start,start,,,true
d1b7d69feae2b5d238a7,connect,157719701#1f,157719701#1r,"7.4261788,43.7403164",end,start,,,true
d1b8fb05c2e6d5a7f941,connect,1131276185#1f,93137593#1f,"7.4348795,43.7476316",start,start,,,true
d1bb4c6f5f4f36b2479b,connect,4230099#8f,4230099#8r,"7.4362389,43.7497178",end,start,,,true
d1bd7f99ae2f0608327a,connect,1203858295#1f,177380385#1f,"7.4170920,43.7314895",start,end,,,true
d1c5dc5498fda1cbd846,connect,4229539#1r,4229539#2r,"7.4246822,43.7388509",start,end,,,true
d1c5e4e1d13d47b1a871,connect,4230122#2f,4230122#3r,"7.4301502,43.7463481",end,end,,,true
d1d601e2f44de40ae8a9,connect,1230398878#1r,1435532404#1f,"7.4382863,43.7496931",end,start,,,true
d1d66301740b96c4e759,connect,158215184#1f,158215184#1r,"7.4187697,43.7278398",end,start,,,true
d1df978436a01fab5be9,connect,446530365#2f,690915731#1r,"7.4147909,43.7285210",start,end,,,true
d1e1bffd34fa02052010,connect,176477342#1r,95825511#1f,"7.4256981,43.7386253",start,start,,,true
d1e9904ece7df37f6cf3,connect,4230099#2r,4230099#3f,"7.4366445,43.7504507",start,start,,,true
d1ef28bdedbc90c70c6d,connect,158189819#1f,318654737#1r,"7.4144690,43.7280561",start,start,,,true
d1f5190a975801d3b143,connect,690914552#1f,690914552#2f,"7.4167104,43.7297555",end,start,,,true
d1f94beb965db6116c13,connect,176085755#2f,353889280#1f,"7.4300925,43.7411040",end,start,,,true
d1fee21a385aa8bd68f7,connect,158189817#1f,158189817#2f,"7.4162353,43.7285095",end,start,,,true
d20569dac80f8b990fac,connect,1428926458#1f,503475642#3r,"7.4221062,43.7366647",start,end,,,true
d210be940aa663505bfc,connect,157719668#2f,157719668#2r,"7.4236490,43.7403378",end,start,,,true
d21e4d155daa844ac2e4,connect,4229893#1f,8056043#2f,"7.4223724,43.7323258",start,end,,,true
d21ea2b1d4244ca442ba,connect,165636031#2f,165636031#2r,"7.4268692,43.7325168",end,start,,,true
d221f2a6f4942591d957,connect,1283578082#2f,159170540#1f,"7.4201640,43.7371758",end,start,,,true
d223ae190c4891f25c5e,connect,503447058#1f,503447059#1f,"7.4192355,43.7323981",start,start,,,true
d22598fe2d24241306e3,connect,1283578084#4f,1361685182#1r,"7.4188428,43.7358779",start,end,,,true
d233a154c54456b6fc56,connect,93137558#4r,93137558#5r,"7.4344177,43.7479471",start,end,,,true
d23558883523b9be5ac0,connect,164338222#2f,4227233#1f,"7.4275506,43.7329977",end,end,,,true
d23651638cbe4ec40cd8,connect,165636046#2f,165636046#2r,"7.4257024,43.7406200",start,end,,,true
d23a0883d277629ab4cf,connect,181479771#3f,181479771#4r,"7.4158135,43.7353199",end,end,,,true
d24955293d01a2d229e8,connect,176760116#2f,176760116#2r,"7.4352112,43.7484063",start,end,,,true
d254dee1ac17999b4293,connect,4230122#1f,4230122#2f,"7.4297607,43.7461300",end,start,,,true
d2593f7158282c32a267,connect,143536261#3f,156780348#1r,"7.4193676,43.7388641",start,end,,,true
d26346a600ae9000278a,connect,181479774#5f,854880221#1f,"7.4152073,43.7322380",end,start,,,true
d2691eea0ab36215f605,connect,31900636#1f,31900636#1r,"7.4232919,43.7347717",end,start,,,true
d2826138e110e0f77c85,connect,176334445#1f,4230105#1f,"7.4322901,43.7479601",end,start,,,true
d282c8c285042eaf1032,connect,25103757#1f,25103757#2f,"7.4300165,43.7418430",end,start,,,true
d284c2eec7152896b1e7,connect,1203843643#1f,448285793#1f,"7.4129686,43.7295886",end,start,,,true
d28b474294765c0a9e7f,connect,503475642#2r,503475642#3r,"7.4221062,43.7366647",start,end,,,true
d2913dca798db05482b0,connect,690914541#1r,690914542#3f,"7.4140299,43.7275634",end,start,,,true
d2a59be4b71e0b1dadd8,connect,1099877048#2r,1342546094#1f,"7.4374105,43.7502869",start,end,,,true
d2b575af85726d99032a,connect,1326369794#1r,503638814#1r,"7.4367609,43.7496694",start,end,,,true
d2b6b78b7396fb00cffc,connect,93137615#2r,93137615#3r,"7.4300559,43.7428136",start,end,,,true
d2c37f7e9314184cef4e,connect,177590093#1f,503783376#1f,"7.4347588,43.7481430",start,end,,,true
d2cb917dea1b2a2f9df5,connect,1174006399#1f,93137569#2f,"7.4308061,43.7454300",end,end,,,true
d2cda88330fe5c042a4a,connect,4227216#4f,4227216#4r,"7.4251814,43.7330313",end,start,,,true
d2e5f0669ebfb3cefa4b,connect,200502086#3f,200502086#3r,"7.4245418,43.7396014",start,end,,,true
d2f0c0f58d4b9320f5a8,connect,503550469#1f,503550469#2f,"7.4186537,43.7374948",end,start,,,true
d2f7ad0fdea8a54a5a60,connect,4227216#3r,4227216#4r,"7.4251026,43.7330219",start,end,,,true
d3013f16562a9706755e,connect,214636589#2r,214636589#3r,"7.4223501,43.7345465",start,end,,,true
d30ad240333c782b0835,connect,1342546060#1f,693487406#3r,"7.4329682,43.7466976",end,start,,,true
d312a63afbbd16accbd8,connect,158215180#1f,214635117#8f,"7.4186176,43.7254261",end,end,,,true
d3270ecb046729216abd,connect,1452797913#1f,1452797914#1r,"7.4316187,43.7459440",end,start,,,true
d340fe8b521d308ae796,connect,156188798#1f,156772047#5f,"7.4287155,43.7385771",start,start,,,true
d35027a55dca3bc32cdd,connect,503813544#1r,503813546#1r,"7.4182711,43.7320380",end,start,,,true
d35099cc61cefcbb26f5,connect,159170465#2r,159170465#3f,"7.4176317,43.7366515",start,start,,,true
d352135e78fba5a9ecd1,connect,503783377#1r,929856547#1r,"7.4357328,43.7486711",start,end,,,true
d355159b0398e0b33077,connect,169297863#1f,169297863#1r,"7.4228153,43.7321967",start,end,,,true
d380b105e0d422ba3e90,connect,434567309#1f,434567309#1r,"7.4275148,43.7399287",start,end,,,true
d38457cf40f2b87d1010,connect,850261602#7f,850261602#7r,"7.4280619,43.7404648",end,start,,,true
d38c04ff034bcbe545fb,connect,181479771#7f,181479771#7r,"7.4168696,43.7371118",end,start,,,true
d39c815b80e6e3a4b16b,connect,4229539#3f,4229539#3r,"7.4256506,43.7386004",end,start,,,true
d3ac9d03974686c9ac35,connect,128273234#1f,128273234#1r,"7.4326032,43.7490151",end,start,,,true
d3bc3f44c755dc810b5a,connect,1079489484#1f,121378297#3f,"7.4181253,43.7351240",start,end,,,true
d3bf7549fbd402f7740c,connect,158215184#3f,158215184#4f,"7.4187182,43.7279531",end,start,,,true
d3d6a2c19c009713c5b5,connect,503559460#1f,93137562#1f,"7.4372440,43.7491569",start,end,,,true
d3d74ae3ae442ee14f01,connect,448186736#1f,448186736#2f,"7.4178687,43.7258772",end,start,,,true
d3d8006781c1f421036a,connect,176576014#1f,176576014#1r,"7.4216227,43.7399889",start,end,,,true
d3dd093b0adb59378398,connect,1549110515#2f,1549110515#3f,"7.4111145,43.7296599",end,start,,,true
d3e095de6d875b8d4934,connect,788197746#3f,8135845#1f,"7.4190334,43.7382639",end,start,,,true
d3e98c294ff59376b14c,connect,1449407307#1f,1449407308#1r,"7.4313788,43.7469299",end,end,,,true
d3f320268caefe98e701,connect,159170444#1f,167086057#1f,"7.4190184,43.7351944",end,start,,,true
d3f3eccc6a652b016625,connect,835382435#1f,835382435#1r,"7.4207474,43.7324131",start,end,,,true
d3fe087b0e051a7ebd5a,connect,176577460#1r,176577460#2r,"7.4143369,43.7290323",start,end,,,true
d405d0b663b0893435e0,connect,1146071897#1r,1233853668#2r,"7.4150352,43.7343461",start,start,,,true
d4077c1b99cff5b3c533,connect,157719645#8f,157719645#9r,"7.4288349,43.7431913",end,end,,,true
d415b3a7f0ea8c45bcf6,connect,176333306#1f,4230011#1r,"7.4268727,43.7416018",end,end,,,true
d41fb6e08a6dd0f22da4,connect,834616138#1f,834616138#1r,"7.4204493,43.7267233",start,end,,,true
d423989643594f9f334f,connect,159170535#2f,159170535#3f,"7.4204874,43.7340796",end,start,,,true
d4247db2464e5c202686,connect,1549110516#2f,1549110516#3r,"7.4127939,43.7303590",end,end,,,true
d425fbb967673745ee92,connect,161882793#1f,166558481#2f,"7.4223724,43.7323258",start,end,,,true
d441512522f35db2bac4,connect,334773233#2f,334773233#2r,"7.4287594,43.7461676",end,start,,,true
d44b1a715fe9d28c2dc1,connect,177588306#1r,177588306#2r,"7.4276709,43.7429450",start,end,,,true
d44bf3963be206f2793f,connect,1131276185#2f,503633032#1f,"7.4353083,43.7482361",end,start,,,true
d4570913032df44ac5f8,connect,176336113#1f,176336113#1r,"7.4225968,43.7390300",end,start,,,true
d46070e77c1e0a63263d,connect,157719645#11r,157719645#12f,"7.4305027,43.7453643",start,start,,,true
d4645a4b40b68ee91672,connect,278143574#3f,690914550#1f,"7.4165702,43.7295888",start,start,,,true
d468927a5e9d68c4df10,connect,158215178#1f,158215178#1r,"7.4177043,43.7265896",start,end,,,true
d476fc8358c492439ee2,connect,4230006#1f,4230006#1r,"7.4272971,43.7397122",start,end,,,true
d4796ed75b47144187aa,connect,4230099#9f,4230099#9r,"7.4362389,43.7497178",start,end,,,true
d47d35061198b7169a83,connect,176333304#3f,176333304#4f,"7.4330506,43.7493104",end,start,,,true
d4849af9d3c5f7c31fa6,connect,155085116#1f,731054116#1f,"7.4168649,43.7331966",end,start,,,true
d48ec7d7ea0109c5e807,connect,128273233#1r,128273233#2f,"7.4336033,43.7488565",start,start,,,true
d48ef8c68df768744ff2,connect,254596486#2f,35092475#5r,"7.4264265,43.7378776",end,start,,,true
d493cc24f8bdf9d56eed,connect,1024523797#1r,1024523798#1f,"7.4290583,43.7338557",start,end,,,true
d49b33d50e5434871086,connect,157719643#1f,157719643#2f,"7.4236028,43.7413352",end,start,,,true
d4b0211a24c5d5301f28,connect,4229900#1f,92627408#3f,"7.4168143,43.7298244",end,end,,,true
d4b4584ce491206a683f,connect,766768153#2f,766768153#2r,"7.4223636,43.7341605",start,end,,,true
d4b6fce048d07fcf6a7c,connect,1549110514#1f,92627436#1r,"7.4111533,43.7300026",end,end,,,true
d4c138092adf2b943a07,connect,128273233#1f,4230105#4r,"7.4334951,43.7488339",start,end,,,true
d4cc006a9e50aca67fc1,connect,157719668#1r,157719668#2r,"7.4238054,43.7399519",start,end,,,true
d4e6dac54c59f1b847c8,connect,4230006#3f,4230006#3r,"7.4275148,43.7399287",end,start,,,true
d4eb57c51d42420df531,connect,1551240829#1f,1551240830#1f,"7.4267196,43.7379046",end,end,,,true
d51a5c24a23f27a18f16,connect,177052555#1f,177052555#1r,"7.4194392,43.7281402",start,end,,,true
d51b88256814a536fd22,connect,39839529#2r,39839529#3f,"7.4234851,43.7326198",start,start,,,true
d5385954e162f81365f9,connect,176333304#3f,4230114#3f,"7.4330506,43.7493104",end,end,,,true
d54b95b3e29fe2501ea2,connect,176337641#1f,176337641#2f,"7.4158534,43.7365344",end,start,,,true
d54ce21da27c13fd6af4,connect,95825511#2f,95825511#3f,"7.4262317,43.7384794",end,start,,,true
d555c2a00397b9d90290,connect,168104492#1r,4230011#5r,"7.4274806,43.7404301",end,start,,,true
d55c5d2344d1597e60c0,connect,166009794#4f,176333307#1f,"7.4285224,43.7435476",end,start,,,true
d5643dc7ca619318cc21,connect,161882793#1f,8056043#2f,"7.4223724,43.7323258",start,end,,,true
d56ec3a598c25e124795,connect,1034247204#2f,503638814#2f,"7.4368691,43.7497821",end,start,,,true
d56f8fb5ac1f8136e985,connect,176774211#2f,176774211#2r,"7.4220781,43.7322379",start,end,,,true
d571544ad3c067287656,connect,334773233#2f,334773233#2r,"7.4295280,43.7466034",start,end,,,true
d5738ae9076df203becb,connect,962525763#1f,962525763#1r,"7.4233775,43.7407979",end,start,,,true
d5767e8731c706e54210,connect,1388331350#3f,165636064#1f,"7.4217176,43.7369324",end,start,,,true
d580f7701c2a56e7f737,connect,1031828867#1r,93207288#1f,"7.4374507,43.7517199",end,start,,,true
d5865be22c42c7d7f2fa,connect,181479771#7r,686878369#1r,"7.4168696,43.7371118",start,start,,,true
d5872bbdf4db83d843a7,connect,181479771#4r,181479771#5f,"7.4159215,43.7353944",start,start,,,true
d588b98765d3a7033d31,connect,879995943#1f,879995943#2f,"7.4261576,43.7376141",end,start,,,true
d58f6acbd365d7927b87,connect,1444437334#1f,25103757#1f,"7.4301243,43.7417656",end,start,,,true
d590c75e5f9e74e69775,connect,177189425#2f,177189425#3r,"7.4169271,43.7263995",end,end,,,true
d5a341f065c77a072dc3,connect,176577460#3f,176577460#4r,"7.4139233,43.7293508",end,end,,,true
d5a342665e627aeaa181,connect,158215184#2f,158215184#3r,"7.4187375,43.7279139",end,end,,,true
d5a3e6955ca158e5d10a,connect,688744015#1f,688744015#2f,"7.4145982,43.7327723",end,start,,,true
d5a64d60eb5cb22ac34d,connect,690653920#1f,690653920#2f,"7.4174061,43.7318928",end,start,,,true
d5a9b2a34888948a08aa,connect,157719652#3r,166009791#1f,"7.4256003,43.7404449",start,start,,,true
d5bda70d910ac6846c61,connect,158189830#2r,257071645#1f,"7.4101838,43.7290311",start,start,,,true
d5c25e980d8f1eccfa78,connect,503783368#1f,503783368#1r,"7.4297948,43.7435479",start,end,,,true
d5d2478acb752f103d8b,connect,166399489#1f,166399489#2f,"7.4174840,43.7371490",end,start,,,true
d5d3fafcbc87b0c0b5ba,connect,4227208#2f,4227208#2r,"7.4261146,43.7317410",end,start,,,true
d5dbd0513af55bf0c5b3,connect,161887489#1r,503559464#3f,"7.4277815,43.7335806",end,start,,,true
d5f8de4089ed28d6c1fc,connect,159170498#1f,181479771#7f,"7.4168696,43.7371118",start,end,,,true
d608d14175ac317bdcec,connect,835609340#1f,835609340#2f,"7.4155989,43.7291637",end,start,,,true
d6115131401ea1a37e46,connect,1342546064#2f,1342546065#1f,"7.4326371,43.7470140",end,start,,,true
d61161bdfe423ae08410,connect,157719668#1f,166009792#1f,"7.4238573,43.7399010",start,end,,,true
d61b679c88377b1f4db2,connect,850261602#1f,850261602#2r,"7.4292983,43.7400304",end,end,,,true
d62f0e1f9f2dc379e385,connect,182700002#6f,182700002#7f,"7.4319390,43.7455138",end,start,,,true
d6306aaa7d022d20dfe2,connect,155085119#1f,155085119#1r,"7.4136598,43.7334433",start,end,,,true
d6385cfc59de2e3bab47,connect,322963972#2f,322963972#3f,"7.4178130,43.7376590",end,start,,,true
d64bc3c54a529c315fb2,connect,168959165#1f,168959165#2f,"7.4174495,43.7349101",end,start,,,true
d64e51e71b28744a9054,connect,165636039#1f,353889282#1f,"7.4304242,43.7412903",end,start,,,true
d659af6f0d798e079703,connect,157719643#2f,24672709#1f,"7.4234038,43.7414414",end,start,,,true
d66cccc4f3a88e869e99,connect,503753417#1f,503753417#1r,"7.4160902,43.7314856",end,start,,,true
d67d6f0b007c1d7a4491,connect,166399500#3f,835609340#1f,"7.4156689,43.7291127",end,start,,,true
d6846669eefb6f9f9710,connect,693487406#3f,693487406#3r,"7.4330073,43.7466904",start,end,,,true
d68ac732cd506d530922,connect,25082741#3f,25082741#3r,"7.4247736,43.7371579",end,start,,,true
d6a1bac58af8cdf06f9a,connect,572941874#1f,572941874#1r,"7.4281042,43.7385976",start,end,,,true
d6c905c1afdede42d15d,connect,850261601#2f,850261601#3r,"7.4293375,43.7394790",end,end,,,true
d6cbdda6ed250f3a785f,connect,720165108#2r,720165108#3f,"7.4233819,43.7408807",start,start,,,true
d6e1daa624b6c57f1cb9,connect,1451501763#1r,4229536#1f,"7.4258188,43.7372699",start,start,,,true
d6e6d503d180bbc024ed,connect,1488095482#1f,161748261#3f,"7.4290158,43.7413078",start,start,,,true
d6ecb0fb21dfe03305c3,connect,176321050#4r,176674530#1r,"7.4246137,43.7388584",start,end,,,true
d6f0c480cf2adde3c225,connect,1233853668#3f,1233853668#3r,"7.4150352,43.7343461",start,end,,,true
d6f2264696986a8ff0d9,connect,4230118#2f,4230118#2r,"7.4305927,43.7474010",end,start,,,true
d70609623f54509bc7ab,connect,939532441#1f,939532441#1r,"7.4293189,43.7453936",start,end,,,true
d70de3611e434cc996c6,connect,4230011#4f,4230011#5f,"7.4274367,43.7404503",end,start,,,true
d716e6e74ca2196cdd66,connect,200499288#2f,4230007#1r,"7.4295273,43.7409524",end,end,,,true
d71b3818d196a2a7d5b9,connect,879995943#2r,879995944#1r,"7.4265215,43.7377194",start,end,,,true
d71c2bd70407fe6d64a3,connect,503559464#5f,503559464#5r,"7.4289837,43.7339747",end,start,,,true
d733aa25a1eedc0fc1b0,connect,128273234#2r,176333304#2f,"7.4331158,43.7492223",start,start,,,true
d735b7c413c41d6ee855,connect,1079492040#1r,176293207#1f,"7.4207360,43.7343802",end,end,,,true
d73bb1f1a02d215467a1,connect,294081873#1f,294081873#1r,"7.4207290,43.7400916",end,start,,,true
d759b2ca64d7c8856d59,connect,177052163#1r,177189425#3f,"7.4169271,43.7263995",end,start,,,true
d75b6337000a700a1e11,connect,161882805#1r,168890943#3f,"7.4255354,43.7310263",start,end,,,true
d760149e6530b0921a67,connect,166856355#1r,166856356#1r,"7.4296829,43.7467716",start,end,,,true
d77064d45ae486dbfa7f,connect,1202747622#2r,158215176#1r,"7.4180507,43.7272654",start,end,,,true
d778e9cd773e534d413d,connect,161887494#2f,4227216#4r,"7.4251814,43.7330313",end,start,,,true
d77b8645649de0435aeb,connect,169297863#2r,712182870#1f,"7.4259768,43.7326576",start,start,,,true
d77e7f5ae816bddd134b,connect,1203522177#1f,4230099#8f,"7.4365835,43.7500356",start,start,,,true
d787776768137c344d8d,connect,166399487#1r,503434355#2f,"7.4153492,43.7333324",end,end,,,true
d78f92983ffcc74b3ddc,connect,1283578084#3f,1361685182#1r,"7.4188428,43.7358779",end,end,,,true
d78fddd86cf83768888b,connect,1203849334#1r,1203849334#2f,"7.4201329,43.7348777",start,start,,,true
d796ac2dc54437161b78,connect,166149542#1f,166149542#1r,"7.4172340,43.7342644",start,end,,,true
d79c57dbacf5d480ac96,connect,688669118#1f,863835496#2r,"7.4179250,43.7327288",start,start,,,true
d7a72d7ad120ede56492,connect,156772047#1f,156772047#2r,"7.4269813,43.7377491",end,end,,,true
d7bfd304b277cafc66b2,connect,159175448#3r,664388472#1r,"7.4383730,43.7492178",end,start,,,true
d7d1eb0db80232ed6f26,connect,214635117#6f,214635117#7f,"7.4180931,43.7257852",end,start,,,true
d7d89e4a3772a918640f,connect,4227216#3f,93091318#1f,"7.4245672,43.7329107",start,end,,,true
d7da0fbaf21fa433fdea,connect,176477342#2r,176477342#3f,"7.4257182,43.7386514",start,start,,,true
d7dbb388e7f79fe83bd6,connect,156772047#1r,879995944#1r,"7.4267700,43.7377594",end,start,,,true
d7de07744fa9c3831490,connect,503783376#1r,503783376#2f,"7.4347588,43.7481430",start,start,,,true
d7e18eec318cda9f8471,connect,93137615#1f,93137615#2r,"7.4304368,43.7427556",end,end,,,true
d7e3d13910866954d866,connect,4230891#3r,4230891#4f,"7.4303209,43.7402961",start,start,,,true
d7f1ac7ac150a2c14b2d,connect,688731299#4f,688731299#4r,"7.4150227,43.7330547",end,start,,,true
d7f5ebbe47a08efcd2c8,connect,809470168#2f,809470170#1r,"7.4276904,43.7390755",start,end,,,true
d7fb913823d2ee68dc7b,connect,165636047#4f,165636047#4r,"7.4295803,43.7455897",end,start,,,true
d80fbad52e44917244fe,connect,1365041529#2f,166399500#3f,"7.4156194,43.7290766",end,start,,,true
d82f48047f731efdf618,connect,177590090#2f,177590092#1r,"7.4284206,43.7424626",end,end,,,true
d832d2b97d9370d19af8,connect,177189425#1f,177189425#1r,"7.4157810,43.7264182",start,end,,,true
d8499b6711fa2810cc5a,connect,334520662#1r,423632277#2f,"7.4120098,43.7281136",end,start,,,true
d858adee4ec6805f0b53,connect,158215197#1f,214635117#8r,"7.4184894,43.7255194",start,end,,,true
d861d729372139cc067a,connect,176477342#1r,4229539#3f,"7.4256506,43.7386004",end,end,,,true
d86ddcac18dc7600f3cd,connect,166009792#6f,166009792#6r,"7.4200043,43.7387594",end,start,,,true
d86f228ed234c6d35800,connect,157719645#8f,177590090#1f,"7.4285482,43.7424396",start,start,,,true
d882693827e335762b44,connect,93207291#1f,93207291#2f,"7.4374624,43.7504013",end,start,,,true
d8ae406a4146d2b9d1a5,connect,423632277#1f,423632277#2f,"7.4120098,43.7281136",end,start,,,true
d8b46c8260666441a523,connect,176774211#2r,176774263#2f,"7.4220781,43.7322379",end,end,,,true
d8b78f875c72c0577c92,connect,834185360#3f,834185360#3r,"7.4270171,43.7320437",end,start,,,true
d8bd98777eadba47a7d0,connect,1551240829#2f,1551240830#1f,"7.4267196,43.7379046",start,end,,,true
d8beacd58e8c34d4a189,connect,1342546064#3f,1342546065#1r,"7.4326371,43.7470140",start,end,,,true
d8c2ef94de184df1e459,connect,690914541#1f,690914542#3f,"7.4140299,43.7275634",start,start,,,true
d8c6d871715ae3823fd3,connect,176760116#1r,176760116#2f,"7.4352112,43.7484063",start,start,,,true
d8c7f7720ec20341e13b,connect,128273233#1f,128273233#2f,"7.4336033,43.7488565",end,start,,,true
d8cc3999b1c3025a734b,connect,1174009935#1f,24655134#6f,"7.4297390,43.7414891",start,end,,,true
d8d0e2bc989d33fb0d4c,connect,39839531#2f,39839531#3f,"7.4148705,43.7293323",end,start,,,true
d8d7072b0e69de8652d5,connect,158215196#1f,158215196#1r,"7.4194392,43.7281402",end,start,,,true
d8e052d97583564e233c,connect,200502322#2f,93137594#1f,"7.4223454,43.7376357",end,start,,,true
d8e33f6307607b18d417,connect,160004399#1r,4229536#1f,"7.4261726,43.7373162",end,end,,,true
d8e622a45e3dd4e4c483,connect,165636046#1f,166009791#1f,"7.4256731,43.7405657",start,end,,,true
d8e8c464ca35d33386f7,connect,840345537#1f,840345537#1r,"7.4266307,43.7425605",start,end,,,true
d8e964efb26bfc589b72,connect,176336111#3f,176336114#3f,"7.4231169,43.7384790",end,start,,,true
d8ec0be92bf15036fcfb,connect,177232619#7f,308214646#2r,"7.4270648,43.7394705",end,start,,,true
d8ecf86a4fc15eaa9473,connect,688731299#1f,688731299#1r,"7.4143409,43.7321316",end,start,,,true
d8f2023461dad4f0de0b,connect,214635114#1f,503462473#1f,"7.4171764,43.7264037",start,end,,,true
d8f6596a8714509beadb,connect,212764303#1f,360063227#1f,"7.4120630,43.7282935",end,start,,,true
d8f975c91f5bf34e2abc,connect,1148675745#1f,4230007#1f,"7.4295273,43.7409524",start,start,,,true
d8ff09683b2e82bf042d,connect,25082741#6f,348019480#2f,"7.4254806,43.7372286",end,end,,,true
d903c259d05bd78b1669,connect,503471324#1f,503559460#1f,"7.4372796,43.7490771",start,end,,,true
d90cdd0a278642d4da04,connect,166009795#1f,166009795#1r,"7.4190942,43.7380836",end,start,,,true
d9162ac2901636eb9579,connect,157719645#7f,157719645#7r,"7.4285174,43.7423514",start,end,,,true
d92640d13fbca0129163,connect,322963972#4f,788626302#1f,"7.4174595,43.7373343",end,start,,,true
d92654772cd5cb8f3fdf,connect,1449972041#1f,166399484#1f,"7.4217284,43.7368774",start,start,,,true
d92ffba3d998f7f582f1,connect,166149542#4f,166149542#4r,"7.4195128,43.7367973",start,end,,,true
d93948c786a2d424697a,connect,4230011#7f,4230011#7r,"7.4276726,43.7402742",start,end,,,true
d94cbbb33f830fe40151,connect,182694289#1f,182694289#1r,"7.4275506,43.7329977",start,end,,,true
d94cdcd3db99f668fcf1,connect,4230011#6f,4230011#6r,"7.4274806,43.7404301",start,end,,,true
d962cae18b25d97fb067,connect,176577460#5f,176577460#6r,"7.4139142,43.7296684",end,end,,,true
d9700ffd1be5041ef8d3,connect,1082515450#1r,161775592#4f,"7.4277072,43.7389813",start,end,,,true
d97c598aa4d03103d398,connect,176752959#1r,254596489#1f,"7.4225362,43.7375949",end,end,,,true
d97e659925cd2d1a94a3,connect,167625727#13f,167625727#14f,"7.4192036,43.7286984",end,start,,,true
d98174e59141074508c5,connect,166399478#1r,4229274#3f,"7.4174924,43.7296303",end,end,,,true
d9a6b76bde9432391493,connect,4230011#4r,4230011#5r,"7.4274367,43.7404503",start,end,,,true
d9b36a0d0a0549eb1e99,connect,92627406#2f,92627406#2r,"7.4190183,43.7276721",start,end,,,true
d9d088e2911fe9b91dc4,connect,166399488#1r,67923338#2f,"7.4184263,43.7367055",end,end,,,true
d9dba81819159ca47d45,connect,155085121#5f,854880221#1f,"7.4152073,43.7322380",end,start,,,true
d9e52036159b412f848c,connect,158215184#2f,158215184#2r,"7.4187375,43.7279139",end,start,,,true
d9e530695f81cab1d295,connect,1388331343#2f,1388331343#3f,"7.4216263,43.7368079",end,start,,,true
d9f1aaceb025532efaf8,connect,879995943#1r,879995943#2r,"7.4261576,43.7376141",start,end,,,true
da07e9d388b26615b310,connect,165636047#4r,423873046#1f,"7.4295803,43.7455897",start,start,,,true
da3399e9ba53842b81c7,connect,31900611#2r,31900611#3f,"7.4225136,43.7346600",start,start,,,true
da386d69a8baa028f666,connect,1327492337#1f,176082026#1f,"7.4166940,43.7316990",end,start,,,true
da4ac7f03f33d5f750dd,connect,1019646822#1f,1019646822#1r,"7.4265803,43.7414196",end,start,,,true
da4f9fe5557e9188dbcb,connect,850261602#2f,850261602#3r,"7.4292741,43.7401071",end,end,,,true
da5e771266f09ad441e0,connect,176477342#1f,95825511#1f,"7.4256981,43.7386253",end,start,,,true
da6809303d0dc29f128f,connect,161769679#2f,161769679#3f,"7.4277645,43.7386667",end,start,,,true
da697dd30e4e0c5289fd,connect,159170479#1f,159170479#2f,"7.4186937,43.7335836",end,start,,,true
da8f6919c15ac8b5694b,connect,177590090#1f,177590090#1r,"7.4285482,43.7424396",start,end,,,true
da93f2d23d09f8d25eda,connect,156780348#1f,156780348#1r,"7.4191759,43.7388562",end,start,,,true
da971da7685978b3f907,connect,1449972043#1f,4227208#2r,"7.4261146,43.7317410",start,start,,,true
da9b6afdbfd51adb466f,connect,176760116#3f,176760116#3r,"7.4355176,43.7485686",end,start,,,true
da9f7dfa8340a8aa1580,connect,1131276184#1f,503633034#3f,"7.4354656,43.7483892",start,end,,,true
dab223e465d902d32df6,connect,835609340#1r,835609340#2f,"7.4155989,43.7291637",start,start,,,true
dab61207cac0c1975c19,connect,1551240829#2f,161775592#1f,"7.4269003,43.7379155",end,start,,,true
dacc858078479647e328,connect,4230119#1f,4230119#1r,"7.4296109,43.7466980",start,end,,,true
dad13d5153b78b7aa692,connect,165636031#6f,165636031#6r,"7.4270171,43.7320437",start,end,,,true
dad41a3fe3b319b5475b,connect,166399477#1f,166399477#2f,"7.4156307,43.7264178",end,start,,,true
dae4b385a20c6a474896,connect,176477342#3f,176477342#4f,"7.4259548,43.7388818",end,start,,,true
dae6e73f61c6d6407217,connect,4229274#1f,4229274#2f,"7.4170563,43.7298295",end,start,,,true
daf26167bfa2e87fd244,connect,93091319#1f,93091319#2f,"7.4178574,43.7323215",end,start,,,true
daf7c564d1f25be61aa9,connect,1034247203#1r,128273232#1f,"7.4353103,43.7493880",start,start,,,true
daf7d8e076a42c3b6f4f,connect,156780348#1r,689855606#1r,"7.4191759,43.7388562",start,end,,,true
dafcd1967d3574053c7b,connect,503475642#1f,503475642#1r,"7.4230269,43.7368624",start,end,,,true
db09f1997f9d608fa12c,connect,176510129#1f,4229329#2f,"7.4192151,43.7383443",end,start,,,true
db0c0f7a82c0670300b0,connect,78147639#2f,78147639#2r,"7.4274531,43.7317736",start,end,,,true
db217a008db7e6a73788,connect,1146071897#1r,1233853668#3r,"7.4150352,43.7343461",start,end,,,true
db2a004caf33ff999f6c,connect,166009792#2f,166009792#3r,"7.4229579,43.7396013",end,end,,,true
db36926358d78476a478,connect,166399478#3r,166399478#4r,"7.4178449,43.7290513",start,end,,,true
db377a36997e43a84cf6,connect,690914542#2r,690914542#3f,"7.4140299,43.7275634",start,start,,,true
db37a0e94a91f7585d12,connect,165636030#4f,165636031#6f,"7.4269610,43.7320141",end,end,,,true
db404326920200618176,connect,4230011#1r,4230011#2r,"7.4269316,43.7415762",start,end,,,true
db4a8013ea1ba554f817,connect,157719649#1f,166009792#4f,"7.4228610,43.7395679",start,start,,,true
db51975a3f1b95ebdf55,connect,849737743#1f,849737743#2r,"7.4179701,43.7288111",end,end,,,true
db53da598d48e3f3cb51,connect,166399488#3r,503434362#1f,"7.4189979,43.7371197",start,start,,,true
db57fc72c19cee639d5e,connect,165636031#4r,165636031#5r,"7.4272752,43.7324382",start,end,,,true
db636f6be23baec6a01c,connect,1230247123#1r,160004393#1r,"7.4279727,43.7377783",end,start,,,true
db7700887a8bc89c0ad6,connect,278143566#1r,446530365#4f,"7.4142897,43.7281543",end,start,,,true
db7d96e08bf4ab583dd3,connect,1449972061#1f,155085119#5r,"7.4145356,43.7348870",start,start,,,true
db8098d4024eb2eb7fff,connect,24668173#2f,840345537#1r,"7.4267118,43.7427869",start,start,,,true
db850c02d4423a594fd4,connect,128273234#2f,128273234#2r,"7.4331158,43.7492223",end,start,,,true
db859457a84a9971b93d,connect,4227209#1r,4227209#2f,"7.4237538,43.7311702",start,start,,,true
db9b8d3d04128273ca2e,connect,31900611#1f,31900611#2f,"7.4224533,43.7346164",end,start,,,true
dbd4f431f9a8f5b83190,connect,690914538#1r,690914539#2f,"7.4136599,43.7273734",end,end,,,true
dbdd770bb4200d555f2b,connect,166856356#1f,166856356#1r,"7.4296829,43.7467716",start,end,,,true
dc01b6be962728b95cd2,connect,164338240#1f,164338240#2f,"7.4202449,43.7390142",end,start,,,true
dc03f26a559610d292b3,connect,1314186412#1r,94399437#2f,"7.4184341,43.7363551",end,start,,,true
dc05320ee53bc7989ef8,connect,1024523797#1r,1024523798#1r,"7.4290583,43.7338557",start,start,,,true
dc0c188da8ad9cdc0aa5,connect,158215196#1f,158215196#2r,"7.4194392,43.7281402",end,end,,,true
dc0d84b231b667b9f263,connect,176336111#3f,176336114#2f,"7.4231169,43.7384790",end,end,,,true
dc1eb7a328cf12348be9,connect,166009792#1r,166009792#2f,"7.4238573,43.7399010",start,start,,,true
dc2d538f1e281e8550d8,connect,214635117#3r,448186736#1r,"7.4179149,43.7259119",start,end,,,true
dc35c5e9a763b6b886ab,connect,176577460#1f,176577460#2r,"7.4143369,43.7290323",end,end,,,true
dc4d1f8d7be689e4f282,connect,1001561438#1f,1001561438#1r,"7.4129989,43.7311411",end,start,,,true
dc5552c68dcd033820f8,connect,92627431#1f,92627431#1r,"7.4299866,43.7440127",start,end,,,true
dc5a56d7a97c41413304,connect,31900625#1f,31900636#2r,"7.4232919,43.7347717",end,end,,,true
dc657222a8983c2e5a35,connect,503559464#1f,503559464#1r,"7.4273110,43.7334891",end,start,,,true
dc80a0f834acda13c694,connect,177232625#1f,4230006#3r,"7.4274959,43.7399103",start,end,,,true
dc851967f391937726f8,connect,172533153#1f,172533153#2f,"7.4177694,43.7318859",end,start,,,true
dc873716d6b14078a4d0,connect,1146071897#1r,1233853668#2f,"7.4150352,43.7343461",start,end,,,true
dc9c8b4fa73a51d34ecd,connect,177396049#1f,177396051#1f,"7.4296714,43.7344182",start,end,,,true
dca78ebc08e4ba5ca5c1,connect,92627406#4f,92627406#5r,"7.4197532,43.7275894",end,end,,,true
dcc7ed997b29cdaa6f31,connect,176760116#3f,503783377#1f,"7.4355176,43.7485686",end,start,,,true
dccfaf1e5e02f0466a4d,connect,1365041486#2r,4230891#3f,"7.4294579,43.7386365",start,start,,,true
dcd3bd2e7208b0d64755,connect,166399497#1f,686878366#1f,"7.4171314,43.7372002",end,start,,,true
dce59d2dcf64193611e9,connect,1230247123#1r,4230891#1r,"7.4280368,43.7378020",start,end,,,true
dce752fe7942d6169ea9,connect,214635117#4r,214635117#5f,"7.4179643,43.7258768",start,start,,,true
dcf228d5b1f233b9532c,connect,1549110515#1r,1549110515#2r,"7.4112609,43.7297615",start,end,,,true
dcf517d01f88ffe749cb,connect,850261602#6f,850261602#7f,"7.4282679,43.7403863",end,start,,,true
dcf59712b62b426ebf70,connect,1086377398#2f,1086377398#2r,"7.4361604,43.7486422",end,start,,,true
dcfb03eb337984b997a6,connect,165636047#1r,176333307#4r,"7.4292417,43.7449588",end,start,,,true
dcfcd9d1b29841b3f942,connect,120113157#1r,946562629#1r,"7.4204770,43.7383783",end,start,,,true
dcfdfd49713bedbbeaa1,connect,24655134#1f,254596488#1r,"7.4301941,43.7443870",start,end,,,true
dd19e294a641278923a2,connect,165636031#2f,165636031#3f,"7.4268692,43.7325168",end,start,,,true
dd1d4d897f95e8903a3a,connect,214635117#4f,214635117#5f,"7.4179643,43.7258768",end,start,,,true
dd1dd00a0055135bcf4f,connect,157719698#3f,157719698#4f,"7.4261788,43.7403164",end,start,,,true
dd239b1544917e1f6337,connect,4227158#1f,4227158#2f,"7.4240640,43.7314339",end,start,,,true
dd290a3d703ff8c9e5ce,connect,155085116#1f,854880222#1f,"7.4165016,43.7326972",start,start,,,true
dd2a3fffd9fa395c015c,connect,1024523798#1r,503559464#5r,"7.4289837,43.7339747",end,start,,,true
dd320b24ad3905c279df,connect,254596486#2r,35092475#5f,"7.4264265,43.7378776",start,end,,,true
dd36557547f119475300,connect,160004393#1f,160004393#1r,"7.4273074,43.7375321",start,end,,,true
dd3a46d07b79a844c3e8,connect,4229900#1f,804900035#1f,"7.4167819,43.7299324",start,end,,,true
dd4969f637135def86b5,connect,159170458#1r,166643408#2r,"7.4171323,43.7329167",end,start,,,true
dd4ab6b0bf8128c11ee4,connect,160004399#1f,160004399#2f,"7.4261667,43.7373421",end,start,,,true
dd51454e19d2322895ce,connect,503434370#1f,503434370#1r,"7.4132849,43.7338591",end,start,,,true
dd57228c1aa39e09645e,connect,1202361416#1f,1202361416#2f,"7.4247199,43.7391431",end,start,,,true
dd6f391d216de892128e,connect,155085119#2r,155085119#3f,"7.4150714,43.7350030",start,start,,,true
dd6f8ae577c72843d2ab,connect,690914540#1f,690914540#1r,"7.4138691,43.7276549",end,start,,,true
dd781f1ad988032d7e0f,connect,159170465#1r,94399455#1f,"7.4173020,43.7364794",end,end,,,true
dd7de319fc5d3f96a35d,connect,503633032#1f,718024988#1f,"7.4355046,43.7483485",end,start,,,true
dd88701299ca8bf21482,connect,503462468#2f,503462468#3f,"7.4340907,43.7471251",end,start,,,true
dd8ca6bfc8bf6a556c6e,connect,1327492347#1f,804900033#1f,"7.4167049,43.7318623",start,end,,,true
dd8cbb1f624a0f3f4ebe,connect,4227233#1r,712182870#1f,"7.4273553,43.7329696",end,end,,,true
dd95c888cdabe64efb2a,connect,1435532402#1f,1435532404#1f,"7.4382863,43.7496931",end,start,,,true
dda74d794e7719f16edb,connect,503475647#1f,503475651#1f,"7.4182698,43.7326660",start,start,,,true
dda9240b43f22f170d23,connect,4230011#1f,4230011#1r,"7.4268727,43.7416018",start,end,,,true
ddb409b4f4a84ed1c929,connect,4230113#2f,4230113#3f,"7.4310222,43.7470051",end,start,,,true
dddb122ab31a52284596,connect,1212029941#1r,353889390#1f,"7.4130320,43.7298527",end,end,,,true
ddebf04ffe87f7911e8f,connect,929856547#1f,929856547#2r,"7.4362390,43.7488925",end,end,,,true
de023b859778412185df,connect,503550462#1f,503550463#1f,"7.4186803,43.7274752",start,end,,,true
de02580ff0e60571e32a,connect,158215184#6r,158215184#7f,"7.4181426,43.7282837",start,start,,,true
de03904220ab48b4f548,connect,161748261#4f,25179329#1f,"7.4289096,43.7414847",end,end,,,true
de0c92af7d8639756522,connect,176674530#2r,176674530#3r,"7.4242857,43.7383814",start,end,,,true
de1258d093a35c0cfbbb,connect,1342546058#1r,1342546059#1f,"7.4319445,43.7461974",start,end,,,true
de1376cada9360f7fea4,connect,1082312613#1f,1082312613#1r,"7.4197532,43.7275894",start,end,,,true
de21900ac0b898d4740c,connect,693487406#2f,693487406#2r,"7.4330493,43.7466827",start,end,,,true
de26b0c5bd94c2703424,connect,39839529#3f,93091320#1r,"7.4234851,43.7326198",start,end,,,true
de27529e7921d7bf22c0,connect,1283578084#1f,1283578084#2f,"7.4191732,43.7360964",end,start,,,true
de303c6c00a33d9f12b5,connect,157719645#10r,157719645#9r,"7.4291274,43.7437824",end,start,,,true
de337664183f6f586d93,connect,157719649#1f,157719649#2f,"7.4228479,43.7396288",end,start,,,true
de60bc7e52171808093c,connect,1549110516#2f,1549110516#2r,"7.4128029,43.7303615",start,end,,,true
de60faafdfa4d6f6d263,connect,166399501#5f,166399501#5r,"7.4288124,43.7411123",end,start,,,true
de69caafd853a37aa1a3,connect,157719645#5f,164338247#1f,"7.4284853,43.7421636",end,start,,,true
de7fb89a942be6d352f8,connect,39839529#1f,4227241#1f,"7.4229757,43.7323832",start,start,,,true
de807ccb6e490b3ddb09,connect,92627406#4r,92627406#5f,"7.4197532,43.7275894",start,start,,,true
de8c37dd3ce3aa07afdf,connect,200499288#1f,353889272#1f,"7.4297438,43.7413520",start,start,,,true
de92ec5a14c80acb345d,connect,24655134#1f,24655134#2f,"7.4296454,43.7433201",end,start,,,true
de9578f02ee68f47e10f,connect,334773233#1f,4230119#1r,"7.4295280,43.7466034",end,start,,,true
de9ce8bcb316736db8bd,connect,166149542#3r,166149542#4r,"7.4195128,43.7367973",start,end,,,true
dea21530cc7cf884fe77,connect,214635115#1r,214635115#2f,"7.4173406,43.7264722",start,start,,,true
deaa0504e46c8da2d066,connect,176321050#3r,176321050#4f,"7.4245517,43.7388671",start,start,,,true
deaaaff4eb95b92d4b2d,connect,4227216#3r,4227216#4f,"7.4251026,43.7330219",start,start,,,true
deac9d04088bbd77724a,connect,1449407308#1f,1449407308#1r,"7.4313788,43.7469299",start,end,,,true
deacca4b5836f96ec80a,connect,4227216#1f,4227216#2r,"7.4235413,43.7326981",end,end,,,true
deb31ffb202097dfa58f,connect,4227208#1r,4227208#2f,"7.4262064,43.7317676",start,start,,,true
debe8e867791f2cf0b7c,connect,1327492345#1f,503471323#2f,"7.4167841,43.7320393",start,start,,,true
decd605b0144fafa51bf,connect,360063227#1r,360063227#2f,"7.4118229,43.7284180",start,start,,,true
ded4b18de49960400618,connect,503434369#1f,503434369#2f,"7.4137669,43.7333628",end,start,,,true
ded90a4cca5f0c1ea450,connect,92627406#4f,92627406#4r,"7.4197143,43.7276077",start,end,,,true
dedb25ca7f3fa555921e,connect,1361686923#1f,166399497#1f,"7.4173557,43.7372467",start,start,,,true
dee4add20ba1f50c5a0b,connect,1148675745#1f,4230007#1r,"7.4295273,43.7409524",start,end,,,true
def1726ca2c1d1e7b18b,connect,181479771#7f,181479771#7r,"7.4163956,43.7367559",start,end,,,true
def3861173a13e9c7c23,connect,31900611#1f,31900611#1r,"7.4223501,43.7345465",start,end,,,true
df341b69142ec7789b86,connect,93091320#1f,93091320#1r,"7.4235688,43.7326347",end,start,,,true
df3c3db10fbb6fc0ada5,connect,93137615#1f,93137615#1r,"7.4304898,43.7427540",start,end,,,true
df3eadaba72da343ca26,connect,159170465#4f,159170465#4r,"7.4184263,43.7367055",end,start,,,true
df400f71fd307473f56e,connect,448186736#1f,448186736#1r,"7.4178687,43.7258772",end,start,,,true
df4b94e149df1f0aaecd,connect,4229893#3f,905452639#1f,"7.4227135,43.7324118",end,start,,,true
df4bf2cef6d69d9263bc,connect,1451501763#1r,4229536#1r,"7.4258188,43.7372699",start,end,,,true
df713616cb58854b3cce,connect,167625737#4f,423632259#2f,"7.4214613,43.7320579",end,start,,,true
df79a103424c994ccfc6,connect,164338230#4f,164338230#5r,"7.4196565,43.7342503",end,end,,,true
df82709225293f5fe4b3,connect,158189819#1f,200507331#1r,"7.4144215,43.7278940",end,end,,,true
df8b41d791588a20fee5,connect,156772047#1f,156772047#2f,"7.4269813,43.7377491",end,start,,,true
df99ce779a924a85b37b,connect,164338222#2f,182694289#1r,"7.4275506,43.7329977",end,end,,,true
dfaf7062c859fd89ec26,connect,507581429#1f,507581432#1f,"7.4253874,43.7413902",start,end,,,true
dfb807de39e706f8cb3b,connect,690915731#1f,690915731#1r,"7.4145009,43.7283086",end,start,,,true
dfbc3355e1deb7a97933,connect,201009262#1f,4229292#1f,"7.4160071,43.7308906",end,end,,,true
dfe9b85f1c7d9ac2e44d,connect,214636589#3r,31900611#1f,"7.4223501,43.7345465",end,start,,,true
dfec4420f7123561c283,connect,334773233#1r,4230119#1f,"7.4295280,43.7466034",start,end,,,true
dfed39b61cceb495dff6,connect,155085119#1r,990669429#1f,"7.4136598,43.7334433",end,end,,,true
dff412fc53ddda7c53da,connect,157719645#9f,157719645#9r,"7.4288349,43.7431913",start,end,,,true
dff712d48aa1d5edf77a,connect,161887489#1f,161887489#1r,"7.4277815,43.7335806",start,end,,,true
dff798e60da6d9800cca,connect,1342546060#1f,693487406#3f,"7.4329682,43.7466976",end,end,,,true
dffa325b8743bb993b2a,connect,1243224903#1f,167625756#5f,"7.4287495,43.7459592",end,end,,,true
e000565a901e2e68b945,connect,503434361#2f,503462459#1f,"7.4168917,43.7300170",end,end,,,true
e0089c3af3bc24111a83,connect,164338230#4r,164338230#5r,"7.4196565,43.7342503",start,end,,,true
e03d22d11eab81187b49,connect,503633034#2f,503633034#3f,"7.4358874,43.7485926",end,start,,,true
e044393ef1d3d4f71e4a,connect,164338247#3f,164338247#4f,"7.4283535,43.7424615",end,start,,,true
e048cf9676d9d20033e0,connect,849737743#2f,849737743#2r,"7.4179701,43.7288111",start,end,,,true
e04f2528c77dbeb80133,connect,1319454162#1r,854880222#1r,"7.4165016,43.7326972",start,end,,,true
e05c93eeb2f8cbda230b,connect,1243224901#1f,334773233#2r,"7.4287594,43.7461676",end,start,,,true
e05eda1a5dfb3c5ee4d7,connect,1086377398#1f,1086377398#1r,"7.4364857,43.7482915",start,end,,,true
e066012bc7f2be4813de,connect,166399478#8f,166399478#8r,"7.4179191,43.7284751",start,end,,,true
e06ad6860e4168da6edd,connect,214635117#4f,214635117#4r,"7.4179149,43.7259119",start,end,,,true
e06f78d8453ed0fdaa4a,connect,1202730135#1r,181479772#1f,"7.4135748,43.7315009",end,end,,,true
e0774921be29daff08f3,connect,1024393368#1f,120062660#1f,"7.4192194,43.7358048",start,end,,,true
e082e33a64d00b86ddb2,connect,165636046#2r,165636046#3f,"7.4258150,43.7407942",start,start,,,true
e0996bc8aef6dd2c70ab,connect,120113156#2f,120113156#2r,"7.4203758,43.7379838",end,start,,,true
e0a3f340c187327140c2,connect,334365244#1f,334365244#1r,"7.4223981,43.7410519",end,start,,,true
e0a7cab7761452cdfff6,connect,1470365903#1f,1470365904#1f,"7.4300925,43.7411040",end,end,,,true
e0a963b2af62aee8aae0,connect,176334442#1f,176334442#2r,"7.4338201,43.7486357",end,end,,,true
e0ac9eee5229e9e576cb,connect,1238339144#1f,93137589#1f,"7.4316697,43.7450773",end,start,,,true
e0afd0b73e628b844fd2,connect,4230105#1r,4230105#2r,"7.4325004,43.7480371",start,end,,,true
e0b07e1ff53ee7170d9e,connect,1082312612#1r,92627406#2f,"7.4195101,43.7276397",end,end,,,true
e0b56889a377c9e72ee3,connect,1342546065#1f,1342546065#1r,"7.4326371,43.7470140",start,end,,,true
e0b8825398875f586804,connect,809470170#1f,809470170#2f,"7.4277379,43.7391243",end,start,,,true
e0c59ede41ac5170e59c,connect,1081601380#2r,176776353#1r,"7.4217052,43.7333985",end,start,,,true
e0c5e725e8ce56656015,connect,4097656#2f,4097656#2r,"7.4258325,43.7390187",start,end,,,true
e0d48e4d239e82baa24c,connect,834616138#1f,834616138#1r,"7.4204663,43.7267436",end,start,,,true
e0d9e7b21725d5303e12,connect,1019360050#2f,120114107#1r,"7.4167980,43.7319595",end,start,,,true
e0e5ef6b3becde4b8aa3,connect,161748259#2f,161748259#3f,"7.4288753,43.7413010",end,start,,,true
e0e8f378043677cf122c,connect,200502086#1r,586508238#2f,"7.4246154,43.7395901",start,end,,,true
e0f89b98e6bcf2413ac0,connect,158215180#2f,214635117#8r,"7.4186176,43.7254261",start,start,,,true
e1146c50bfa3a586272f,connect,157719645#3f,157719645#4r,"7.4280815,43.7416059",end,end,,,true
e12386727de59353d301,connect,4229536#1f,4229536#1r,"7.4258188,43.7372699",start,end,,,true
e12fe73cb1e4266abb0a,connect,1034247204#1f,1034247204#1r,"7.4367327,43.7497787",end,start,,,true
e1341eba9be95f865207,connect,851792660#1f,851792660#1r,"7.4198758,43.7387972",end,start,,,true
e13c98cc278eae20031a,connect,176321050#2r,176321050#3f,"7.4236422,43.7386370",start,start,,,true
e13efc8f3f647c745d05,connect,214636589#1f,503475643#3f,"7.4222309,43.7350130",start,end,,,true
e144ae6b2b2924aa9bf2,connect,4230099#1f,4230099#1r,"7.4362936,43.7503054",end,start,,,true
e14f36ab81a9b81c5ff3,connect,166399496#1f,166399496#1r,"7.4196126,43.7376408",end,start,,,true
e15deb7a8b649aeec8d0,connect,1449972055#1f,181479772#1f,"7.4135408,43.7314434",end,start,,,true
e162f0a481fd3860c770,connect,1549110517#1r,1549110517#2r,"7.4126765,43.7307014",start,end,,,true
e16bbd2fe6913877dadd,connect,503633032#2f,503633032#3f,"7.4358329,43.7485042",end,start,,,true
e173692afbc33ca61844,connect,1342556412#1r,1342556413#1r,"7.4342287,43.7480954",start,end,,,true
e17d00d7a85bd9b1dc98,connect,166009792#1f,166009792#2r,"7.4238573,43.7399010",end,end,,,true
e18e140331e1f5d8c793,connect,156780348#1f,689855606#1r,"7.4191759,43.7388562",end,end,,,true
e18f2a4ec81e9cde8988,connect,423632264#1r,503462470#1f,"7.4175483,43.7317451",end,end,,,true
e1a36210709d72d2f198,connect,176776331#6f,176776331#7f,"7.4211295,43.7354300",end,start,,,true
e1aa61c01454cee6ca2a,connect,503475642#1r,503475642#2r,"7.4221688,43.7367400",start,end,,,true
e1ad627a5a2e724ad4aa,connect,177590090#2f,177590092#1f,"7.4284206,43.7424626",end,start,,,true
e1b6a4d2a3586c2ac021,connect,156772047#7f,156772047#7r,"7.4291221,43.7389623",end,start,,,true
e1c678d07c2925a4ee6f,connect,93137615#4r,93137615#5f,"7.4300849,43.7439776",start,start,,,true
e1c943b70bc1a01bfa73,connect,93137615#4f,93137615#4r,"7.4299328,43.7429980",start,end,,,true
e1d395a9db9f638fdcc9,connect,200493424#3f,503462474#1f,"7.4188008,43.7277330",end,start,,,true
e1dbb5726a8dbcb5dde6,connect,181479771#6r,181479771#7f,"7.4163956,43.7367559",start,start,,,true
e1ff3fe645a1aae2119a,connect,156188798#1r,156772047#5f,"7.4287155,43.7385771",end,start,,,true
e211c58ec2924359006e,connect,164338230#2f,164338230#2r,"7.4197593,43.7337483",start,end,,,true
e2152108841b754d2e27,connect,160004399#1f,160004399#1r,"7.4261726,43.7373162",start,end,,,true
e23e56101e0b26ad36a1,connect,4230009#1f,4230009#1r,"7.4272971,43.7397122",end,start,,,true
e242c3a7c456907f23de,connect,166399478#1r,4224972#1f,"7.4174924,43.7296303",end,start,,,true
e250e5a229b66f8c0ae6,connect,1428926465#1f,92627441#1f,"7.4124008,43.7285892",end,start,,,true
e25675f65af70c766851,connect,176674530#1f,176674530#1r,"7.4245768,43.7387969",end,start,,,true
e258985f8e5c06fd0cfb,connect,201009264#1f,201009264#1r,"7.4149265,43.7308176",start,end,,,true
e25d12ff29c3cbed3a68,connect,503783369#1r,92627431#1r,"7.4299866,43.7440127",start,end,,,true
e25ef6b24a20d0728b1c,connect,166149542#6r,94399437#1f,"7.4197104,43.7369463",end,start,,,true
e26fcb7ffb38ac6e9f9b,connect,92627418#1f,92627427#1f,"7.4273068,43.7376640",start,end,,,true
e27556f928a997dfab86,connect,203711531#1f,446542427#3f,"7.4268130,43.7371633",end,end,,,true
e29a238c6ff81c7f3282,connect,849737746#1f,849737746#2r,"7.4179138,43.7290624",end,end,,,true
e2a3778988a4fee9fa38,connect,766768153#4r,766768153#5f,"7.4227984,43.7331475",start,start,,,true
e2a38ed3d6a209b5e703,connect,1551240830#1f,35092475#4r,"7.4266414,43.7379299",start,start,,,true
e2b15428c9d567d56f6a,connect,176477344#1f,176800018#1f,"7.4228185,43.7374352",end,start,,,true
e2b5d440b81118c91627,connect,158189817#1f,158215191#4f,"7.4167776,43.7281825",start,end,,,true
e2cca595f167733ea320,connect,176321050#4f,4229539#1f,"7.4246137,43.7388584",end,start,,,true
e2d4ae7e675aa60a6ffc,connect,157719645#7r,177590090#1r,"7.4285482,43.7424396",start,end,,,true
e2dc6fe5dcf7b9326162,connect,156780348#1r,689855607#1f,"7.4191759,43.7388562",start,start,,,true
e2e3574f0b0f58617e06,connect,1549110516#1r,201009264#3r,"7.4128197,43.7303666",end,start,,,true
e2e7b928762e3cbb5920,connect,120114107#1f,503471323#1f,"7.4167980,43.7319595",end,start,,,true
e309a31da83634f83d05,connect,24668173#2f,840345537#1f,"7.4267118,43.7427869",start,end,,,true
e30ad1a1a600dcb6172c,connect,159175448#1f,159175448#2f,"7.4383615,43.7492826",end,start,,,true
e320fa118931a3f067be,connect,176682382#2r,176682613#1r,"7.4130832,43.7291057",start,start,,,true
e3297e917f768ffc1d00,connect,39839531#1f,503702168#2f,"7.4157049,43.7299405",start,end,,,true
e3348cb866779fa03d93,connect,4230891#3r,4230891#4r,"7.4303209,43.7402961",start,end,,,true
e3365d3ed8f1b2f9acca,connect,68814578#1f,68814578#2f,"7.4172970,43.7372997",end,start,,,true
e33f0a91a9e01223d5fe,connect,1342546058#1f,1342546058#1r,"7.4318201,43.7462794",start,end,,,true
e35f537055f9fa90e8d6,connect,200507331#2r,690914542#1f,"7.4143084,43.7277512",start,start,,,true
e36ea7c761e0865ac7d7,connect,158215192#1r,167625739#1f,"7.4160562,43.7301923",start,start,,,true
e3700060bc352abdd61f,connect,423632264#2f,503813546#1f,"7.4178089,43.7318525",end,start,,,true
e38c9f1c3639cdfff54a,connect,1086377394#1f,1086377394#2f,"7.4372967,43.7490407",end,start,,,true
e38ed58200e983b62747,connect,161752639#1f,25179329#2f,"7.4289072,43.7416370",start,end,,,true
e392787538a79f9770b7,connect,943188283#1f,943188283#1r,"7.4193710,43.7381177",start,end,,,true
e3945f221bfb3ab986e7,connect,4230044#1f,93137576#1f,"7.4306447,43.7428212",start,start,,,true
e39c78c48224847c37ac,connect,1174006401#1f,93137569#2f,"7.4308061,43.7454300",start,end,,,true
e3a33b58f01a69b98668,connect,254596486#2f,35092475#5f,"7.4264265,43.7378776",end,end,,,true
e3ad8fd47b48cfe89b42,connect,4097656#3f,4097656#3r,"7.4256829,43.7393282",end,start,,,true
e3b1f395220eb2e1aeec,connect,254596489#1f,78149827#1f,"7.4237917,43.7375487",start,end,,,true
e3bb0d102e296343c958,connect,201009264#2f,360063233#1r,"7.4129275,43.7300768",end,end,,,true
e3be6714be99d77885d5,connect,1549110518#1f,1549110518#1r,"7.4125676,43.7306280",end,start,,,true
e3c41f022c5c6677e138,connect,176477340#2f,176477340#3f,"7.4229295,43.7377667",end,start,,,true
e3d1d72e47f798690797,connect,353889282#2f,503462465#1f,"7.4304412,43.7414767",end,start,,,true
e3dadc227f796cd8f50e,connect,150050283#3f,150050283#3r,"7.4174748,43.7302241",end,start,,,true
e3dba0c87502416ab26a,connect,1443764724#1f,1443764724#1r,"7.4351531,43.7490673",end,start,,,true
e3dbe56f98e4393c0aff,connect,214635117#7r,214635117#8r,"7.4184894,43.7255194",start,end,,,true
e3f9b4e5f1a5192931ec,connect,166399501#2f,166399501#2r,"7.4278912,43.7403036",start,end,,,true
e3fb8db47163b6d5d7f0,connect,166399496#1r,8135845#1f,"7.4196126,43.7376408",start,end,,,true
e406cc8fff90d48d80cb,connect,158189826#1f,261740025#1r,"7.4141701,43.7280669",start,start,,,true
e43698052e007fdea0d2,connect,1443764724#1f,176334442#2f,"7.4346497,43.7490410",start,end,,,true
e43b86d3600dd4624cb5,connect,1233828725#2f,176333307#4r,"7.4292417,43.7449588",end,start,,,true
e44f658da768b74c2515,connect,161752645#1f,809470168#1f,"7.4276779,43.7390344",end,start,,,true
e461578fc8a8180c8aa6,connect,1243224905#1f,1243224906#1f,"7.4289839,43.7460105",start,end,,,true
e473f5d9dd837c9fc672,connect,503550472#1r,68814581#1f,"7.4181048,43.7375494",end,start,,,true
e476a723790f0de3a07b,connect,166399487#4r,166399487#5f,"7.4162427,43.7343930",start,start,,,true
e4774d40b5ee5a0b45e4,connect,214635117#4f,448186736#1f,"7.4179149,43.7259119",start,start,,,true
e477e5b65da1fed73f92,connect,4230007#1r,4230007#2r,"7.4295170,43.7405242",start,end,,,true
e47a3ba926a308c8819a,connect,4097656#3f,4097656#4r,"7.4256829,43.7393282",end,end,,,true
e47cce62eb89a36094d6,connect,1525349447#1f,176334445#2f,"7.4321217,43.7479413",start,end,,,true
e4807d65c211320d01d3,connect,4097656#1f,4097656#1r,"7.4258325,43.7390187",end,start,,,true
e4842cafd423fc6ee25e,connect,4227208#2r,834185366#2r,"7.4262064,43.7317676",end,start,,,true
e4850c2e7b5a7cc6d1f3,connect,176477342#3f,176477342#3r,"7.4257182,43.7386514",start,end,,,true
e4862e91cdd5b1eacdbb,connect,778744698#2f,778744698#3r,"7.4290554,43.7392537",end,end,,,true
e48ef34786479c264c0f,connect,1243224901#1f,334773233#2f,"7.4287594,43.7461676",end,end,,,true
e49378a66938afc0bd62,connect,1082281160#2f,214635117#5r,"7.4179643,43.7258768",end,end,,,true
e495d5c19e375c935f78,connect,31900611#3r,31900611#4f,"7.4224410,43.7346741",start,start,,,true
e49a8585dcae19c46c05,connect,158189827#4f,176577460#1f,"7.4143945,43.7289873",end,start,,,true
e4a234564fdeecaa5994,connect,4230009#1f,809470168#3f,"7.4272971,43.7397122",end,end,,,true
e4acc49b040602fe3c89,connect,1342556412#2f,1342556412#2r,"7.4342287,43.7480954",start,end,,,true
e4b4bf274b85ff0b9097,connect,788197747#1f,851792660#1f,"7.4198758,43.7387972",start,end,,,true
e4b9816e17436ac8db40,connect,1342546061#1f,182700002#1f,"7.4327882,43.7464088",start,end,,,true
e4d1ff9c349f4aa8167c,connect,1549110517#1r,1549110518#1f,"7.4125676,43.7306280",end,end,,,true
e5130a391a7131bdfffb,connect,1202730135#1f,1202730135#2r,"7.4136854,43.7315034",end,end,,,true
e520529e36c6d355f4ac,connect,1019646823#1r,158007891#2r,"7.4104982,43.7310528",end,start,,,true
e53c5d9cd20f3e69dc6c,connect,1202361392#1f,157719645#2f,"7.4276654,43.7411907",end,end,,,true
e53f406b487c41fa63bd,connect,166009795#1r,4229329#1f,"7.4193334,43.7381654",end,start,,,true
e55d59749ff3d42f4fd2,connect,177045626#1f,67923338#1r,"7.4178699,43.7372793",end,end,,,true
e55f03b778f176eabf0b,connect,92627425#1f,92627425#2f,"7.4104678,43.7292641",end,start,,,true
e56199bddcd44cd3fc8f,connect,1443764722#1f,1443764722#1r,"7.4311988,43.7468029",end,start,,,true
e562f628a9583932a39b,connect,177052163#1f,177052163#2r,"7.4169133,43.7264472",end,end,,,true
e56ebd67cb24107d627b,connect,568187257#2r,568187257#3f,"7.4291921,43.7406247",start,start,,,true
e56f7ff7031effee0b92,connect,503783369#1f,92627431#1r,"7.4299866,43.7440127",end,end,,,true
e576ef23b01916846db5,connect,686878340#2f,686878340#2r,"7.4162897,43.7367429",end,start,,,true
e57cb050564b1f64adc2,connect,157719669#1f,157719669#2f,"7.4233784,43.7414254",end,start,,,true
e58ccbd854fd06fa84c8,connect,1314186412#1f,1314186412#1r,"7.4183968,43.7363903",end,start,,,true
e59389edc64bda23c7fe,connect,4230117#1r,4230118#2f,"7.4305927,43.7474010",end,end,,,true
e59aecbc2a24b5a92c9d,connect,766768153#2f,766768153#3r,"7.4223250,43.7339783",end,end,,,true
e59f5d230fad48495568,connect,160004399#1r,4229536#2f,"7.4261726,43.7373162",end,start,,,true
e5a0e87e8a1181e04038,connect,161629440#1f,941922152#1f,"7.4377449,43.7517526",start,start,,,true
e5a5ac7a261b5c58f6a6,connect,176321050#4r,4229539#1r,"7.4246137,43.7388584",start,end,,,true
e5b580532ecf3d34a29c,connect,1525349447#1r,981971425#1r,"7.4319009,43.7479894",start,end,,,true
e5b8bf45bd8d080e7e86,connect,161887490#2f,161887493#1f,"7.4271452,43.7333639",end,start,,,true
e5b9887ee97f31b0600a,connect,1365041529#1r,1365041529#2r,"7.4155500,43.7291265",start,end,,,true
e5baab19e12fabae6d2e,connect,165636047#4f,423873046#1f,"7.4295803,43.7455897",end,start,,,true
e5bad856bd757adcb9ce,connect,156772047#7f,156772047#8r,"7.4291221,43.7389623",end,end,,,true
e5be38a1cd0b9cf19462,connect,166399483#1f,39839530#1f,"7.4214594,43.7317948",end,start,,,true
e5c0ff84ea72911eaf81,connect,176334445#1f,176334445#2f,"7.4322901,43.7479601",end,start,,,true
e5c48303e2a3d0cd106f,connect,92627408#1f,92627408#2f,"7.4166242,43.7297690",end,start,,,true
e5c9f07dc1ce5fd6e6bd,connect,166149542#4r,166149542#5f,"7.4195932,43.7368519",start,start,,,true
e5cc5f88f25cff8aa8cd,connect,157719652#1f,4097656#5f,"7.4251499,43.7397216",start,end,,,true
e5d116226e76a84e9ca6,connect,168104492#1f,168104492#2f,"7.4275105,43.7404621",end,start,,,true
e5dedd5d0660923c128e,connect,4230118#1f,4230118#2f,"7.4307104,43.7475120",end,start,,,true
e5df61a3c772317e128c,connect,164338218#1f,164338218#1r,"7.4237595,43.7301648",end,start,,,true
e5ec2d7185bd97af31de,connect,448186736#4r,448186736#5f,"7.4177486,43.7255243",start,start,,,true
e5f7011c1ee03519a2d7,connect,214635114#1f,214635114#2f,"7.4173167,43.7263600",end,start,,,true
e601dcfa8d51f7c515fd,connect,159170458#2f,159170458#2r,"7.4172167,43.7341419",end,start,,,true
e61515c4ec17e2cb177b,connect,160004398#1f,160004399#2r,"7.4261538,43.7373955",start,start,,,true
e616003b1dac8264003a,connect,166643408#1f,166643408#1r,"7.4165073,43.7320176",start,end,,,true
e61ea92163024a75264f,connect,92627433#1f,92627433#1r,"7.4131311,43.7308615",start,end,,,true
e62fbdd333567842a7ec,connect,212764302#1f,92627441#1f,"7.4124008,43.7285892",end,start,,,true
e63008f336dc4a8860f2,connect,166399478#3r,849737746#2r,"7.4178449,43.7290513",start,start,,,true
e63a4383727a00826e19,connect,176336377#1f,176336377#1r,"7.4233784,43.7414254",start,end,,,true
e6411b910a5dbdde45d7,connect,1365041523#1r,176577460#4r,"7.4139233,43.7293508",end,end,,,true
e6431c0b7abe27644e07,connect,334511470#1f,334511470#1r,"7.4138095,43.7369046",end,start,,,true
e64a6dcaaf3c9af93a4e,connect,792884355#1f,792884355#2f,"7.4252835,43.7414366",end,start,,,true
e64df7fc0540b08e0e66,connect,4230099#1f,4230099#2f,"7.4362936,43.7503054",end,start,,,true
e65fa7fa12949ce57f73,connect,1019174508#2f,1081601380#3f,"7.4217098,43.7335584",start,end,,,true
e6924b94eb6aa7863996,connect,1034851195#1f,25179329#2r,"7.4289072,43.7416370",start,start,,,true
e69b7a6384dc006b9262,connect,1212029941#1f,1212029941#1r,"7.4130320,43.7298527",start,end,,,true
e6aab6db211b8360f812,connect,1549110527#1f,360063232#1f,"7.4125925,43.7302403",end,start,,,true
e6b2ac48d26e781f03fc,connect,688731299#1f,688731299#2r,"7.4143409,43.7321316",end,end,,,true
e6c5cdb03a9ff2a3ff13,connect,157719645#6r,157719645#7r,"7.4285174,43.7423514",start,end,,,true
e6c66ad2674803a21b86,connect,1365209993#1r,167625727#22f,"7.4222370,43.7274310",end,end,,,true
e6caf49cc96b229c9378,connect,1146071897#1f,1233853668#1r,"7.4149386,43.7342219",start,start,,,true
e6e7a881fb5e2f6b9878,connect,128273233#2f,128273233#3r,"7.4339528,43.7490554",end,end,,,true
e6edb73e11fe1310e168,connect,766768153#4r,766768153#5r,"7.4227984,43.7331475",start,end,,,true
e6f543400019b344610f,connect,1058067232#1f,158189831#1f,"7.4105756,43.7292018",start,start,,,true
e6ff064a01f56d1f0950,connect,4229539#2f,4229539#2r,"7.4246822,43.7388509",start,end,,,true
e70e941f4f2c6886cae1,connect,201009264#2f,201009264#3f,"7.4129275,43.7300768",end,start,,,true
e7165f5b547f7b2804d1,connect,201009262#1f,80377817#2f,"7.4160112,43.7309516",start,start,,,true
e71bbf71533ecf7ba8a9,connect,833633729#1r,833633729#2r,"7.4194109,43.7285315",start,end,,,true
e72176de6668ec8bbf16,connect,159170465#3f,159170465#3r,"7.4176317,43.7366515",start,end,,,true
e732be35782cf4b0b249,connect,308214646#3f,4229658#1f,"7.4271748,43.7394883",end,start,,,true
e73cba1c3b680c9f390e,connect,687577826#1f,687577826#2f,"7.4226229,43.7299232",end,start,,,true
e7559de0904573bcbdb9,connect,1174009934#1f,93137566#1f,"7.4229562,43.7374302",end,start,,,true
e75bdb20880b963cb36a,connect,423632259#1f,503801215#1f,"7.4212208,43.7320944",start,end,,,true
e75c90fe8cb139eae426,connect,503783376#1f,93137558#5r,"7.4344483,43.7479647",start,start,,,true
e76354e11681d450b1b1,connect,4230011#7r,434567309#2f,"7.4277541,43.7401666",start,end,,,true
e770c8b8fda911f59c0b,connect,166856356#1r,4230119#1f,"7.4296109,43.7466980",start,start,,,true
e788a209a092a0f2e6ff,connect,295618745#1r,788197746#3f,"7.4190334,43.7382639",end,end,,,true
e7935789457c2f0b228a,connect,1131276187#2f,120114108#1f,"7.4181118,43.7343425",start,end,,,true
e798b867d8b3f196994f,connect,214636589#2f,214636589#2r,"7.4223122,43.7346973",start,end,,,true
e79a2ed225c41da7a333,connect,161733292#1r,850261602#7f,"7.4282679,43.7403863",end,start,,,true
e79e5771c32252094afb,connect,1034851195#1f,25179329#2f,"7.4289072,43.7416370",start,end,,,true
e7a58f1b7a04abbbe9aa,connect,568187257#3r,568187257#4r,"7.4291256,43.7407531",start,end,,,true
e7a7a225dea01f221d68,connect,176776353#1f,176776353#1r,"7.4217052,43.7333985",end,start,,,true
e7aa6ed65f57550b2e23,connect,1435973405#1f,176760117#1f,"7.4379979,43.7496196",start,end,,,true
e7b42a9c7de54d2576c9,connect,172533153#1f,503813546#1r,"7.4178089,43.7318525",start,end,,,true
e7b47c7b6f98fc5b192c,connect,167625727#17f,167625727#18f,"7.4207149,43.7286532",end,start,,,true
e7b7d8c7950f978ea5d2,connect,1058067232#1f,1549110515#3r,"7.4106261,43.7292783",end,start,,,true
e7c81ce3fa8b69f79ae7,connect,165636030#3f,165636030#4f,"7.4265891,43.7317105",end,start,,,true
e7cfe3c16ed37ae17c7c,connect,176760116#1f,503783376#2r,"7.4349290,43.7482407",start,start,,,true
e7d09ae9db5969d4c2c7,connect,176682382#2r,176682382#3f,"7.4130832,43.7291057",start,start,,,true
e7d827a5c96d5e3b5fa3,connect,167625727#1f,167625743#1f,"7.4172044,43.7298528",start,end,,,true
e7eb551db6b53b8e3348,connect,159170479#2f,159170479#3f,"7.4192747,43.7336790",end,start,,,true
e7ef12d99be90f4e58f7,connect,1342546060#1f,693487406#4f,"7.4329682,43.7466976",end,start,,,true
e7efa53aecc9b354ff39,connect,778744698#4r,850261601#2f,"7.4293375,43.7394790",start,end,,,true
e7f56be161170b57760d,connect,166149542#5f,166149542#5r,"7.4197104,43.7369463",end,start,,,true
e8191d0943339d16eaae,connect,1086377394#1r,1086377394#2f,"7.4372967,43.7490407",start,start,,,true
e81a878fcb93e4b050f4,connect,78149827#1r,92627403#1r,"7.4252100,43.7374505",end,start,,,true
e81b25d437713e09f015,connect,788197747#1r,943191877#1f,"7.4196733,43.7388253",start,end,,,true
e81c7c01a18db1913f22,connect,693487406#1f,693487406#1r,"7.4331276,43.7466684",start,end,,,true
e825d96a9489189d1f7a,connect,157719652#1r,4097656#5f,"7.4251499,43.7397216",end,end,,,true
e835899597a7b782bc6a,connect,334773233#1r,357168416#1f,"7.4287627,43.7464825",end,start,,,true
e839aba0a45f936f92dc,connect,166149542#2r,166149542#3r,"7.4172425,43.7352819",start,end,,,true
e83fe17d5a16143caa8a,connect,78149827#1f,78149827#1r,"7.4252100,43.7374505",start,end,,,true
e84108c1383573138896,connect,503813534#1f,503813534#1r,"7.4196227,43.7322971",start,end,,,true
e844fdcccb2c61b2c6f3,connect,503702169#1f,92627408#1f,"7.4164568,43.7296438",end,start,,,true
e84c68b9df628a5a8ad1,connect,176477342#4r,35092475#1f,"7.4259881,43.7389156",start,start,,,true
e857d39d718bcba60566,connect,4230081#1f,4230081#2f,"7.4374643,43.7503080",end,start,,,true
e857fd24729311d31671,connect,1388331345#1f,1388331345#2f,"7.4215509,43.7369680",end,start,,,true
e8597377b4e3b06e9d56,connect,982081599#2f,982081599#3f,"7.4228537,43.7384545",end,start,,,true
e85a4ce7e64f8f591758,connect,214636589#2r,31900611#1r,"7.4223501,43.7345465",start,end,,,true
e8634b5e9fe7134bd17f,connect,348019480#1f,348019480#2f,"7.4254477,43.7371826",end,start,,,true
e864cb9d5b25357cf7c6,connect,166399488#1r,166399488#2f,"7.4185243,43.7367315",start,start,,,true
e869e79af36d9c93cce6,connect,1233853668#2r,1233853668#3r,"7.4150352,43.7343461",start,end,,,true
e8885fb715f78e854076,connect,4227208#1f,834185366#2r,"7.4262064,43.7317676",end,start,,,true
e8939afdb07083776cdb,connect,353889390#1f,448286547#1f,"7.4129686,43.7295886",start,end,,,true
e89acb0aab34cc760e78,connect,503434372#2f,503434372#3f,"7.4173459,43.7302730",end,start,,,true
e8aae2fcc8e573467b9d,connect,214635117#6f,214635117#6r,"7.4180931,43.7257852",end,start,,,true
e8ab23aff3f1ac810590,connect,156188798#1f,156772047#4f,"7.4287155,43.7385771",start,end,,,true
e8b5e8afaa2a68d80b3c,connect,161887490#2f,503559464#1f,"7.4271452,43.7333639",end,start,,,true
e8bac928984af46309ae,connect,158189817#1f,158189817#1r,"7.4162353,43.7285095",end,start,,,true
e8bf04462066908011fd,connect,166399501#3r,850261602#7f,"7.4280619,43.7404648",start,end,,,true
e8d10e61b3c21ba3c584,connect,158189817#2f,261740027#1f,"7.4155620,43.7285809",end,end,,,true
e8d60b902afd086ed1ee,connect,143536261#3f,143536279#1f,"7.4181954,43.7389898",end,start,,,true
e8db78356d343a3d1344,connect,689855606#1f,689855607#1r,"7.4191759,43.7388562",start,end,,,true
e8db872cdbda330b186a,connect,164338219#1f,164338219#2f,"7.4248118,43.7314569",end,start,,,true
e8e331cfc6ac5deaaf8a,connect,176085754#1f,92627415#1f,"7.4298880,43.7402056",start,end,,,true
e8f06c55a98b718a00f6,connect,503447059#2f,503447059#2r,"7.4196227,43.7322971",end,start,,,true
e90a54ff7f8451d04907,connect,176086161#2f,503434401#1f,"7.4197171,43.7323987",end,end,,,true
e9211b6a1d38dde54df7,connect,158215180#1f,177049248#4f,"7.4186176,43.7254261",end,end,,,true
e9320f55f0c16f46c63b,connect,423632269#1f,952419573#1f,"7.4173897,43.7316435",end,start,,,true
e9350747e63f2257f454,connect,181479774#1f,181479774#2f,"7.4163064,43.7332498",end,start,,,true
e93efac1d9c129b57a0f,connect,360063233#1f,360063233#2r,"7.4128541,43.7299988",end,end,,,true
e94c6765e570f8f3e5b5,connect,200502086#4f,586508238#1f,"7.4244523,43.7396163",start,start,,,true
e94f8bf29d384ba32e20,connect,158215180#4f,158215180#5f,"7.4187538,43.7253044",end,start,,,true
e95cc23a78c719ad11c1,connect,176333307#1f,176333307#2r,"7.4286809,43.7437975",end,end,,,true
e962658300eeb1958d5e,connect,93137575#2f,93137575#2r,"7.4311566,43.7453008",end,start,,,true
e9669d49e891fea36a76,connect,157719641#1r,176336376#4f,"7.4234104,43.7404968",start,end,,,true
e970c5ed57614d0a03f9,connect,166399488#2f,166399488#3f,"7.4189151,43.7370478",end,start,,,true
e976865ee157c35ee9b7,connect,766768153#2r,766768153#3r,"7.4223250,43.7339783",start,end,,,true
e977a07db1d52a2d7fc3,connect,120062272#1f,120113155#3f,"7.4181469,43.7344518",start,start,,,true
e97cd3bbea89dc4a32d2,connect,4230011#4f,4230011#4r,"7.4274367,43.7404503",end,start,,,true
e9802619a266e7309d61,connect,161752639#1r,25179329#2f,"7.4289072,43.7416370",end,end,,,true
e98b1d626a0745b68b08,connect,50501898#1f,93137621#1f,"7.4334133,43.7467199",end,start,,,true
e99955a19d2601d7c17a,connect,161887489#1f,503559464#3r,"7.4277815,43.7335806",start,end,,,true
e9ab0988307bb90977c5,connect,1086377398#2r,503633032#4f,"7.4361604,43.7486422",start,end,,,true
e9bbfce1d58685c66cb3,connect,158215205#5f,834616138#1r,"7.4204493,43.7267233",start,end,,,true
e9c5244c2d0f390536c1,connect,8352246#5f,8352246#6f,"7.4193205,43.7351534",end,start,,,true
e9ff3e3b33e7910e7344,connect,1019174508#3f,1019174508#4f,"7.4213956,43.7343821",end,start,,,true
ea036bb0202a54a4ad16,connect,176337641#1r,176337650#1r,"7.4156760,43.7367069",end,start,,,true
ea0eef70e29e231e19d5,connect,161882802#1f,4227273#1f,"7.4211575,43.7367707",end,end,,,true
ea1ed1074448bd759691,connect,161748259#3f,25179329#1f,"7.4288786,43.7413316",end,start,,,true
ea1f4e0efdcd8daf1a60,connect,155085119#3f,155085119#4f,"7.4150328,43.7351033",end,start,,,true
ea31f880f87b3478c015,connect,503475643#2f,503475643#3f,"7.4221934,43.7350629",end,start,,,true
ea39b6adfab65ba3b42f,connect,156188798#1f,156772047#6f,"7.4289548,43.7388035",end,end,,,true
ea3dc0ad03f010de5816,connect,4230011#5f,4230011#6f,"7.4274806,43.7404301",end,start,,,true
ea49f88066b374379683,connect,25179329#1r,25179329#2r,"7.4289096,43.7414847",start,end,,,true
ea537a57101353696569,connect,176337638#1f,176337638#2f,"7.4186131,43.7374601",end,start,,,true
ea538f2015cf19bd44f5,connect,1327492342#1f,176395399#1f,"7.4157601,43.7314006",start,end,,,true
ea68d1992bd1398d0ef2,connect,181479771#3f,336130958#1r,"7.4158135,43.7353199",end,end,,,true
ea6b6e144d4a836f3f6b,connect,157719669#1f,176336377#1f,"7.4233784,43.7414254",end,start,,,true
ea6b983265017145ae2e,connect,850261602#5r,850261602#6r,"7.4286979,43.7404329",start,end,,,true
ea7525f535cb59556211,connect,4230114#1f,4230114#1r,"7.4317927,43.7488214",end,start,,,true
ea8e76ff0f4365136a6c,connect,4230099#5f,4230099#5r,"7.4368502,43.7502536",end,start,,,true
ea8f5f2564bc4782f328,connect,360063233#1f,360063233#1r,"7.4129275,43.7300768",start,end,,,true
ea9b2a0f24e36b7e22e2,connect,1549110515#1r,1549110515#2f,"7.4112609,43.7297615",start,start,,,true
eaa97da48ca7a4371e10,connect,1453165194#1f,166399486#2r,"7.4129634,43.7308102",start,end,,,true
eaae3e77224f872c0e7b,connect,1086377386#1f,1086377386#2f,"7.4388102,43.7493678",end,start,,,true
eab9ebffd35f98a214ff,connect,1410590314#1r,503434370#1r,"7.4140607,43.7345159",start,end,,,true
eabebea21bb2aa4bc047,connect,164338241#4f,166009792#4f,"7.4224194,43.7394287",end,end,,,true
eacbbc5bf993537f6730,connect,158215192#1f,158215192#1r,"7.4160562,43.7301923",end,start,,,true
eaccf167c988d970f40f,connect,176757513#2f,93091314#1f,"7.4184110,43.7319247",end,start,,,true
ead322f4cfebbf398e89,connect,176321050#1f,176321050#1r,"7.4236117,43.7386150",end,start,,,true
eae1ae6ad030c49271d4,connect,177588306#1r,4230186#2f,"7.4277383,43.7429274",end,end,,,true
eaec6573e437ac26e345,connect,176510133#2f,176674530#4f,"7.4241349,43.7382264",end,start,,,true
eaf644383e1f41d906c6,connect,157719644#3r,586268005#1f,"7.4236281,43.7372681",end,start,,,true
eafbb095e61eff86ed3f,connect,166399487#3f,166399487#4f,"7.4160425,43.7339478",end,start,,,true
eb0d88314b44291e35d9,connect,720165108#1f,720165108#1r,"7.4232955,43.7408298",start,end,,,true
eb12455d7509a0f1de70,connect,166009792#3r,166009792#4f,"7.4228610,43.7395679",start,start,,,true
eb1d6a933168f55c5b60,connect,835609340#2f,835609340#2r,"7.4155989,43.7291637",start,end,,,true
eb1f3e2a553fe467a640,connect,93137566#1f,93137566#2f,"7.4240628,43.7374155",end,start,,,true
eb2455dcd441afc22095,connect,879995943#2f,879995944#1r,"7.4265215,43.7377194",end,end,,,true
eb31513745f96ac4f37c,connect,176337638#2f,176337642#1f,"7.4189707,43.7371710",end,start,,,true
eb3439d58cdb598b0196,connect,4229325#1f,4229325#2r,"7.4197492,43.7376941",end,end,,,true
eb3866f6acfe7ea2cb10,connect,25082741#1f,25082741#2f,"7.4233732,43.7370100",end,start,,,true
eb45474e290a523b64a4,connect,1365041529#1f,1365041529#1r,"7.4155500,43.7291265",end,start,,,true
eb4b5c921103120ac666,connect,1081601380#3f,1081601380#3r,"7.4217098,43.7335584",end,start,,,true
eb5c448c4d9b29073f1c,connect,688731312#1f,688744016#1f,"7.4142775,43.7324533",start,end,,,true
eb6328f921bedbad9f1a,connect,161752639#1f,161752639#2f,"7.4288570,43.7416412",end,start,,,true
eb67a91394c8b4e46bcc,connect,35092475#2f,35092475#2r,"7.4262495,43.7387673",start,end,,,true
eb6859ed98ab676e9e42,connect,1031828867#1f,1031828867#1r,"7.4374507,43.7517199",start,end,,,true
eb6d6780fb183a9a81c6,connect,690914551#1f,690914551#1r,"7.4164206,43.7295679",end,start,,,true
eb6f5a80ee05109b7093,connect,4098197#3f,4098197#4r,"7.4317353,43.7475492",end,end,,,true
eb7ed70cca9367d00b09,connect,157719653#1f,157719653#1r,"7.4298880,43.7402056",start,end,,,true
eb82cb0696c723953781,connect,165636047#1f,176333307#4r,"7.4292417,43.7449588",start,start,,,true
eb84a93a1aff1f8f6af2,connect,161887494#1f,161887494#2f,"7.4267295,43.7331734",end,start,,,true
eb87cc1771e17c3058e1,connect,1079492040#1f,176293207#2f,"7.4207360,43.7343802",start,start,,,true
eb9feadde29d9ef5b058,connect,1086377399#3r,503633034#2f,"7.4361911,43.7487300",start,start,,,true
eba21efa7b306f125d78,connect,854880221#1f,854880221#2f,"7.4155251,43.7319401",end,start,,,true
ebb7b4c3a42ea50eec66,connect,720165108#1r,720165108#2f,"7.4233775,43.7407979",start,start,,,true
ebc5bad9d35c458d6319,connect,809470168#2f,809470170#1f,"7.4276904,43.7390755",start,start,,,true
ebd00cd23b9eb9062047,connect,503783368#1f,92627431#1r,"7.4297948,43.7435479",start,start,,,true
ebd07e7d3dad8a4217d0,connect,214636589#1r,214636589#2r,"7.4223122,43.7346973",start,end,,,true
ebd62b3bfdaaf5c72097,connect,849737729#1f,849737729#1r,"7.4175669,43.7265452",start,end,,,true
ebe03ae5c6914e236410,connect,166399487#4f,166399487#5r,"7.4162427,43.7343930",end,end,,,true
ebed3d53d06181952cb9,connect,166399478#8r,348748065#1r,"7.4179191,43.7284751",end,end,,,true
ebfc39e7e77f5dab89ff,connect,158215191#3f,158215191#3r,"7.4172435,43.7281684",end,start,,,true
ec06932cf662cac36abc,connect,157719645#7f,157719645#7r,"7.4285482,43.7424396",end,start,,,true
ec1324a79ed9d790c076,connect,1342546061#1f,182700002#2f,"7.4327882,43.7464088",start,start,,,true
ec186229363f829e219e,connect,1365041523#1f,176577460#3r,"7.4139233,43.7293508",start,start,,,true
ec227eee0fbf383a1e0b,connect,503447058#1f,694608614#1f,"7.4190645,43.7324597",end,end,,,true
ec31e4c25b3ff62f2b8f,connect,159170458#3f,159170458#3r,"7.4172340,43.7342644",end,start,,,true
ec3c30cbdbf2821fd1cd,connect,166399487#3f,177231047#1r,"7.4157229,43.7336596",start,end,,,true
ec3ccf1eadae3e1ad7d1,connect,158215205#1f,158215205#5f,"7.4203314,43.7267705",start,end,,,true
ec3fab9b01779b6bfd1a,connect,176321050#1f,176321050#2f,"7.4236117,43.7386150",end,start,,,true
ec44d47f0a42681b2fbd,connect,689855606#1f,689855606#1r,"7.4191759,43.7388562",start,end,,,true
ec497c71156f0fbc93b8,connect,78147638#1f,788197747#1f,"7.4196733,43.7388253",start,end,,,true
ec6eb1a6cdfb3fba7418,connect,1233828725#1f,177546829#1r,"7.4291378,43.7450311",end,start,,,true
ec76245e96f1e14c169a,connect,39839529#3r,93091320#1r,"7.4234851,43.7326198",end,end,,,true
ec793b2b68252396361d,connect,78141884#1f,93137606#1f,"7.4209338,43.7371530",start,end,,,true
ec7ef4e83fdd9b8b47be,connect,833633729#1r,833633729#2f,"7.4194109,43.7285315",start,start,,,true
ec820424c2f6f470a085,connect,176974531#2f,503753417#1r,"7.4160486,43.7314634",end,end,,,true
ec856fb43c3648faa40b,connect,176682382#2f,176682384#1r,"7.4125829,43.7285141",start,end,,,true
ec8b972ef8ca756f4738,connect,165636046#1r,165636046#2f,"7.4257024,43.7406200",start,start,,,true
ec927b6cdab1fab42dfa,connect,835609340#1f,835609340#1r,"7.4156689,43.7291127",start,end,,,true
ec9e20fc59f2ba5adff2,connect,200502085#1f,200502085#2f,"7.4249983,43.7396047",end,start,,,true
ec9f5f2ecd2b597f1676,connect,1082312613#1f,1082312613#2r,"7.4198425,43.7275973",end,end,,,true
ec9f67e5665452f9cc14,connect,503462468#1f,93137621#2f,"7.4336055,43.7468414",start,end,,,true
eca6d7fd1a8a723c339f,connect,158215196#1f,158215196#1r,"7.4195001,43.7277049",start,end,,,true
ecad78b20a5d93961962,connect,33749607#1f,33749607#1r,"7.4176721,43.7355507",end,start,,,true
ecaf9926cc0676e11b60,connect,850261601#3f,850261601#3r,"7.4293684,43.7398637",end,start,,,true
ecb0f0c042516b57109b,connect,8135891#2f,8135891#3f,"7.4280902,43.7440807",end,start,,,true
ecb6b936466f7ff7bc40,connect,4230099#8f,4230099#9r,"7.4362389,43.7497178",end,end,,,true
ecbb767cbae49980506b,connect,434567309#1f,434567309#2f,"7.4276466,43.7400580",end,start,,,true
ecc5d54aba9dd35e2c93,connect,8056051#3f,8056051#4f,"7.4382326,43.7493201",end,start,,,true
ecc612d3ad5eeec35099,connect,92627403#1f,92627403#1r,"7.4264707,43.7374911",start,end,,,true
ecd521c236e22c212967,connect,161775593#1r,25082741#1f,"7.4231173,43.7369871",end,start,,,true
ecd58084d1087516a781,connect,92627406#1f,92627406#1r,"7.4190183,43.7276721",end,start,,,true
ecde7eef1d031ef1b256,connect,503638814#1f,503638814#2f,"7.4368691,43.7497821",end,start,,,true
ece424973ae7179933ba,connect,181479771#7r,686878369#1f,"7.4168696,43.7371118",start,end,,,true
ece44ed636e6e7cdb82c,connect,181479771#6f,686878340#1f,"7.4163956,43.7367559",end,start,,,true
ecf29b4fcb0abe2bb69b,connect,159170458#1f,166643408#2r,"7.4171323,43.7329167",start,start,,,true
ecf3812a0e6b2d920836,connect,353889282#1f,353889282#2f,"7.4304317,43.7413276",end,start,,,true
ecf8c0687fa52d1db563,connect,507581426#1f,507581437#1f,"7.4251449,43.7411231",end,start,,,true
ecfb1da72e7a6546ce09,connect,720165108#1r,720165108#2r,"7.4233775,43.7407979",start,end,,,true
ecff9d76b798aba7f39a,connect,503090215#1f,503434368#2f,"7.4123698,43.7287424",end,end,,,true
ed014f234af1467fdcd3,connect,1297328848#1f,1297328848#1r,"7.4144730,43.7349731",start,end,,,true
ed14b119522fc0255f0e,connect,690914551#1f,690914551#2r,"7.4164206,43.7295679",end,end,,,true
ed1def53794148ccd793,connect,690914551#1f,804900034#2f,"7.4163655,43.7295806",start,start,,,true
ed2094416dbe4063631b,connect,166399488#1f,67923338#2f,"7.4184263,43.7367055",start,end,,,true
ed2843de4e5875125bc8,connect,92627406#3r,92627406#4r,"7.4197143,43.7276077",start,end,,,true
ed3524abf0c721b7e322,connect,1197885780#1f,1197885781#1f,"7.4261980,43.7316703",end,start,,,true
ed354e21280c781f16b7,connect,572941874#1r,93137627#2r,"7.4280638,43.7386121",start,start,,,true
ed3db194d167387f4f10,connect,182700002#5f,182700002#6f,"7.4322096,43.7458844",end,start,,,true
ed410547178321cab679,connect,1019174508#2f,1019174508#3f,"7.4216930,43.7336006",end,start,,,true
ed5b03575640ef449cae,connect,4230006#1r,4230006#2f,"7.4274015,43.7398154",start,start,,,true
ed7500d68988597dec86,connect,214635117#2r,214635117#3f,"7.4175843,43.7261424",start,start,,,true
ed7ca74cfaa8d5090263,connect,158215184#2r,158215184#3f,"7.4187375,43.7279139",start,start,,,true
ed8a21715942c8537b62,connect,1019174509#9f,503813547#1f,"7.4188882,43.7325457",end,end,,,true
ed935098d8abadc25efc,connect,1019174509#7f,159170525#1f,"7.4188947,43.7327273",end,start,,,true
eda32e66d8145e5dfc43,connect,158007923#1f,158007923#1r,"7.4274432,43.7317538",start,end,,,true
eda4d1a8ff3573e78b3d,connect,1034247203#1r,338900930#1f,"7.4353103,43.7493880",start,start,,,true
edaccd32d6e075549dd0,connect,92627426#2f,92627426#2r,"7.4225745,43.7274186",start,end,,,true
edb55a4da58422874bed,connect,507581426#1f,507581429#1f,"7.4252664,43.7412557",start,end,,,true
edc30d665c598406eccd,connect,176774211#1f,176774211#2f,"7.4220781,43.7322379",end,start,,,true
edc7c833483323203000,connect,1449972056#1f,155085109#1f,"7.4134956,43.7320571",start,start,,,true
edf60a9b9856d05082e9,connect,664388472#1r,664388473#1f,"7.4385587,43.7490135",end,end,,,true
ee1040263ce8682b21a6,connect,159170450#1f,159170450#1r,"7.4176139,43.7336615",end,start,,,true
ee1d1d76323485f79359,connect,1019174509#3f,1019174509#4f,"7.4185261,43.7339910",end,start,,,true
ee2ef32d1b77598a0c44,connect,120114108#1f,1327492338#1f,"7.4170647,43.7324108",start,end,,,true
ee378535b710f90c0c9a,connect,166009792#4r,166009792#5r,"7.4224194,43.7394287",start,end,,,true
ee3b500ba0e00b80f006,connect,4230006#2f,4230006#3f,"7.4274959,43.7399103",end,start,,,true
ee43ebe9e8f69f4e44c5,connect,164338230#1f,164338230#1r,"7.4197593,43.7337483",end,start,,,true
ee489203916029020e10,connect,1001561436#1f,1001561437#1f,"7.4117641,43.7312377",start,end,,,true
ee496a35acb095a452ed,connect,181479771#1r,181479771#2r,"7.4154628,43.7349466",start,end,,,true
ee4bb9cd7ac8abc2ff01,connect,176577460#3f,176577460#3r,"7.4141458,43.7291795",start,end,,,true
ee500da0304ae657fa68,connect,168959163#1f,168959163#2f,"7.4175696,43.7348985",end,start,,,true
ee53fffa600fd04f4802,connect,157719645#8f,157719645#8r,"7.4285482,43.7424396",start,end,,,true
ee670f2ab39f059d6722,connect,200507666#1f,850230914#1f,"7.4214451,43.7311093",end,start,,,true
ee67a95cf7595f874caf,connect,788197747#1r,851792660#1f,"7.4198758,43.7387972",end,end,,,true
ee688c0dd299375a4334,connect,177232619#7f,308214646#3r,"7.4270648,43.7394705",end,end,,,true
ee6c9c70b7a8df6ad0d9,connect,93207287#1f,93207288#1f,"7.4378163,43.7514811",start,end,,,true
ee70cbef5c0e2cc1f3b7,connect,503462466#1f,93137614#1f,"7.4341117,43.7473392",start,end,,,true
ee7b8810407571eae5cf,connect,1233828726#1f,503462472#4f,"7.4139956,43.7272676",start,end,,,true
ee7efb69fb243d2d0336,connect,446530365#2f,446530366#1r,"7.4145009,43.7283086",end,end,,,true
ee7f089f26f6b16ca434,connect,39839531#1f,39839531#2f,"7.4151335,43.7295240",end,start,,,true
eeac23360806567bb9b1,connect,176130562#1f,176130562#2f,"7.4175577,43.7275571",end,start,,,true
eec326090716f1836b70,connect,4229539#1r,4229539#2f,"7.4246822,43.7388509",start,start,,,true
eedeb36e1616be6a5d33,connect,1342556413#2f,93137558#4f,"7.4344177,43.7479471",end,end,,,true
eedeb8f0e9821532552a,connect,159170479#3f,164338230#2r,"7.4197593,43.7337483",end,end,,,true
eee54ef790eeab332a55,connect,1233853668#1r,1233853668#2f,"7.4149386,43.7342219",start,start,,,true
eef2016e91fe82c5c092,connect,4230007#1r,4230007#2f,"7.4295170,43.7405242",start,start,,,true
ef06eca7a982b116f248,connect,166399487#1r,166399487#2f,"7.4153778,43.7333725",start,start,,,true
ef116b51ca895a13ee5e,connect,39839531#1f,690915732#1f,"7.4151335,43.7295240",end,start,,,true
ef1289eb8ba0070359de,connect,161882802#1f,8352246#1f,"7.4211575,43.7367707",end,start,,,true
ef264797e4476d04a7ca,connect,165636030#2f,165636030#3f,"7.4265430,43.7316796",end,start,,,true
ef338bdcf85ce54d5c65,connect,4098197#4f,423826027#1f,"7.4321389,43.7478505",end,start,,,true
ef35b087a32a29ec9e96,connect,35092475#4r,35092475#5f,"7.4266414,43.7379299",start,start,,,true
ef487e60ab0815f4c119,connect,161882805#1r,168890943#2f,"7.4250635,43.7307735",end,start,,,true
ef4932ac7fd6a2ad8f7d,connect,1449972061#1f,1449972061#1r,"7.4145356,43.7348870",start,end,,,true
ef55bb2e19f475598602,connect,1024523798#1f,177396034#2f,"7.4289837,43.7339747",start,end,,,true
ef60d4e2b9dbd4888a37,connect,834313093#3f,834313093#3r,"7.4274484,43.7326834",start,end,,,true
ef68ac878cfc33bab556,connect,1203849334#2r,262902069#2f,"7.4204923,43.7349268",start,start,,,true
ef68c5ffc3aa71a3b8ae,connect,214635114#2f,214635117#1f,"7.4173167,43.7263600",start,start,,,true
ef750a657dd9138f4edf,connect,446542427#1f,446542427#2f,"7.4255384,43.7371215",end,start,,,true
ef78ffdfbb24bccf17e4,connect,159170450#1r,503475646#1f,"7.4177034,43.7328346",end,end,,,true
ef7bfb522afd6492ba6f,connect,150050283#1r,150050283#2f,"7.4173891,43.7299374",start,start,,,true
ef7e19d191cffd3fb825,connect,177189425#3f,177189425#4r,"7.4170823,43.7263970",end,end,,,true
ef8da9bbc20c4e519d5a,connect,161887490#2f,161887492#2r,"7.4271154,43.7332555",start,start,,,true
efa46af847b8a1785bfe,connect,164338218#1r,167625719#3f,"7.4237595,43.7301648",start,end,,,true
efbbcc208f9da76cae99,connect,166558481#2f,176774211#2r,"7.4222734,43.7322074",start,start,,,true
efc446af9993923ab8ea,connect,503434363#1f,94399590#1f,"7.4168138,43.7358114",end,end,,,true
efcf9dd00524fb6a847f,connect,833538179#1f,833538179#2r,"7.4173273,43.7265143",end,end,,,true
efd07095dd51cd872e70,connect,164338218#1r,850261577#1f,"7.4236192,43.7303334",end,start,,,true
efea2c6a4baade2d850e,connect,176337641#2r,176337641#3f,"7.4158380,43.7358009",start,start,,,true
effcf97e722e2bc92083,connect,200998962#1f,503462470#1r,"7.4175483,43.7317451",end,start,,,true
f000047ef6915778fb70,connect,690914543#2f,690914543#2r,"7.4143351,43.7276540",end,start,,,true
f00195f347825b1d1438,connect,165636031#6f,4227208#1r,"7.4269610,43.7320141",end,end,,,true
f003eb23da9a81fcc001,connect,39838824#1f,788120420#1f,"7.4242946,43.7401883",end,start,,,true
f01db16bac1f2bf4f5ee,connect,1365041526#1f,39839531#3f,"7.4146247,43.7291531",end,end,,,true
f03598e2e35ecaa54e7d,connect,946562629#1f,946562629#1r,"7.4204770,43.7383783",end,start,,,true
f03a114f3c92323282b5,connect,1549110515#2f,1549110515#2r,"7.4111145,43.7296599",end,start,,,true
f03ae2e599c8be837793,connect,166399486#1f,166399486#2r,"7.4129634,43.7308102",end,end,,,true
f050c9edf2483b043687,connect,212766110#1f,212766110#2f,"7.4138491,43.7273873",end,start,,,true
f066bbef3d4a97045cf5,connect,1327492342#1f,944079968#1f,"7.4157369,43.7314239",end,start,,,true
f070b53f1be16e7ca2be,connect,166009792#5f,166009792#5r,"7.4205220,43.7387999",end,start,,,true
f079e98f3ff1347ee580,connect,1024523796#1r,1024523797#1r,"7.4290575,43.7337991",start,end,,,true
f080446d2df0cfbc27cc,connect,503813544#1f,503813544#1r,"7.4183455,43.7320769",end,start,,,true
f089783779e9c183cc25,connect,4230891#1r,4230891#2f,"7.4290580,43.7383175",start,start,,,true
f092a15f4048ba3bdd69,connect,177189425#2f,177189425#3f,"7.4169271,43.7263995",end,start,,,true
f093757d4216ef367d8d,connect,166149542#3f,166149542#3r,"7.4195128,43.7367973",end,start,,,true
f0957cc72cfd0bb07668,connect,150050283#3r,450454878#1r,"7.4175592,43.7300775",end,end,,,true
f09704ca7d2aa1c96fbc,connect,157719644#3f,157719644#3r,"7.4240136,43.7373476",end,start,,,true
f098739c28d4907fd906,connect,278143571#1f,278143571#1r,"7.4165966,43.7295047",start,end,,,true
f0989339e23039b32e10,connect,4230006#1r,4230006#2r,"7.4274015,43.7398154",start,end,,,true
f0a30287f7a42352e831,connect,1342546111#2f,503783369#1r,"7.4301941,43.7443870",end,end,,,true
f0a79d53a6274da5d9a2,connect,177045627#1f,68814587#1f,"7.4176530,43.7373119",start,end,,,true
f0b403a2273edb4f4297,connect,334364604#1f,334364604#1r,"7.4223981,43.7410519",end,start,,,true
f0b83c6893b89cd42dad,connect,1549110516#1f,1549110516#1r,"7.4128197,43.7303666",start,end,,,true
f0c870aa0faefe23231e,connect,156188798#1r,156772047#6f,"7.4289548,43.7388035",start,end,,,true
f0cfeccf19bb71c2f30c,connect,92627406#1f,92627406#1r,"7.4188971,43.7276850",start,end,,,true
f0da16b8d6bbc7d84c83,connect,1342556412#1f,1342556413#1f,"7.4342287,43.7480954",end,start,,,true
f0dcdc52248794131c91,connect,177231049#1f,181479771#2f,"7.4154840,43.7349756",start,end,,,true
f0dedb46f79d59da3b3f,connect,155085119#3r,155085119#4r,"7.4150328,43.7351033",start,end,,,true
f0eba1a8ce26644c9577,connect,161887491#1r,177396034#1f,"7.4295550,43.7344862",start,start,,,true
f0ec7c43f756911f47df,connect,158215184#6f,158215184#7r,"7.4181426,43.7282837",end,end,,,true
f0ed1a29b71c0a2e9844,connect,1082281156#1f,1082281156#1r,"7.4177013,43.7262513",start,end,,,true
f0f3b4e6109cd3efecbc,connect,165636047#1r,165636047#2f,"7.4292595,43.7449991",start,start,,,true
f0f6d09a3fe9dd5d1623,connect,172533153#1f,423632264#2f,"7.4178089,43.7318525",start,end,,,true
f0f912a4491867b84e52,connect,503753416#1f,503753419#1f,"7.4149265,43.7308176",start,end,,,true
f0fcadb26b4bc2aa446f,connect,93137615#5f,93137615#5r,"7.4302157,43.7441406",end,start,,,true
f10829ab686e2a083ce4,connect,176334441#1r,176395397#1f,"7.4140217,43.7303195",start,end,,,true
f10ed535087605bf4815,connect,157719645#4f,157719645#5r,"7.4283093,43.7418409",end,end,,,true
f116575204b41005e2f8,connect,503462465#3f,93137576#1f,"7.4306447,43.7428212",end,start,,,true
f12011928bf8575be4af,connect,177588308#1f,4230187#3f,"7.4269537,43.7420698",start,start,,,true
f12e838acb57dd2bb04d,connect,503559460#1f,851792666#1f,"7.4372796,43.7490771",end,end,,,true
f130777889bc22b4302e,connect,1342546111#2f,24655134#1f,"7.4301941,43.7443870",end,start,,,true
f140f653d466444da112,connect,157719647#1f,4097656#5r,"7.4251499,43.7397216",start,start,,,true
f14aac92df4b037cb7e3,connect,158215185#1f,503462472#3f,"7.4138383,43.7272130",start,end,,,true
f14b9fde13c89b24ab38,connect,182692350#1r,318654737#1r,"7.4148737,43.7284100",start,end,,,true
f14f2bac3ee85046823b,connect,1019360049#1f,1327492344#1f,"7.4166762,43.7320103",start,start,,,true
f16e7b078c84136e9a76,connect,166399487#3f,166399487#4r,"7.4160425,43.7339478",end,end,,,true
f172a3931a66b00add23,connect,93137615#1r,93137630#1f,"7.4304898,43.7427540",end,start,,,true
f173c20c47ea21626dae,connect,166399487#6f,166399487#6r,"7.4165509,43.7355383",end,start,,,true
f17f71bde721b735614d,connect,159170509#3f,166399479#4f,"7.4212204,43.7354374",end,end,,,true
f19a857df0894aa5128a,connect,157719649#3f,157719649#4f,"7.4227321,43.7401510",end,start,,,true
f19e2fb04fc0e110d49a,connect,4230011#1r,503462467#1f,"7.4268727,43.7416018",end,start,,,true
f1b9e89a52045ce65956,connect,165636046#4f,165636046#4r,"7.4259510,43.7409504",start,end,,,true
f1c7faead32dec649359,connect,168104492#1r,168104492#2f,"7.4275105,43.7404621",start,start,,,true
f1c985ec19743740dab6,connect,164338247#4f,164338247#5r,"7.4286447,43.7430751",end,end,,,true
f1df28bd158cd684229e,connect,503447059#2r,503813534#1f,"7.4196227,43.7322971",start,start,,,true
f1fdd825b8d4fd6e8937,connect,176477342#4f,4097656#1r,"7.4259881,43.7389156",end,end,,,true
f1fed9402f3146ce3431,connect,503462466#6f,503462466#7f,"7.4330887,43.7466244",end,start,,,true
f2032e0c0dfb36e8bfda,connect,157719644#1r,157719644#2f,"7.4234970,43.7372395",start,start,,,true
f20355502f0146bc6ced,connect,25082741#2r,25082741#3r,"7.4238368,43.7370660",start,end,,,true
f210c66be6267c7d846b,connect,1024523795#1f,320117832#1f,"7.4295643,43.7343832",end,start,,,true
f240b29cfe2d21383826,connect,778744698#2f,778744698#2r,"7.4286264,43.7388025",start,end,,,true
f2442dac1ec24336d460,connect,80377817#1f,80377817#2f,"7.4160112,43.7309516",end,start,,,true
f247d528fcd21edab992,connect,166009792#5f,166009792#5r,"7.4224194,43.7394287",start,end,,,true
f256b13dc2f42899e596,connect,1470365903#1f,176085755#2f,"7.4300925,43.7411040",end,end,,,true
f2576942fec3a736b7f1,connect,158215205#2f,158215205#3f,"7.4205694,43.7265833",end,start,,,true
f26966b83f1b3ddfeec5,connect,688731299#1r,688731299#2r,"7.4143409,43.7321316",start,end,,,true
f26c876013cb4efc80de,connect,176674530#3r,176674530#4f,"7.4241349,43.7382264",start,start,,,true
f27ce6927e9dcc8aca14,connect,155085120#1f,155085120#1r,"7.4153902,43.7320364",end,start,,,true
f2858d20f638be72bae7,connect,688731299#3f,688731299#4f,"7.4146411,43.7327438",end,start,,,true
f28d788787ee7355b858,connect,503633031#5f,93137621#1f,"7.4334133,43.7467199",end,start,,,true
f296f8093f5cd005a19e,connect,177052163#2f,177052163#2r,"7.4169133,43.7264472",start,end,,,true
f29c0e3febe78c3b15fa,connect,212764303#1f,360063227#1r,"7.4120630,43.7282935",end,end,,,true
f29db8eecc3a2ca392b4,connect,176321050#2r,176510133#1f,"7.4236117,43.7386150",end,start,,,true
f2a44b9158769ce0173b,connect,1365041486#2f,4230891#2r,"7.4294579,43.7386365",end,start,,,true
f2ae50f5c56ecbbab8d0,connect,166009795#1f,4229329#1f,"7.4193334,43.7381654",start,start,,,true
f2aef381a599c188d140,connect,78141882#1f,78141882#1r,"7.4212455,43.7369351",start,end,,,true
f2b200ac0df33629d3e6,connect,33749607#1f,33749607#2r,"7.4176721,43.7355507",end,end,,,true
f2c4e60ed03d5251c8ec,connect,720165108#2f,720165108#2r,"7.4233819,43.7408807",end,start,,,true
f2c6abc772c361611517,connect,176774211#1r,176774211#2r,"7.4220781,43.7322379",start,end,,,true
f2d553d4a82938ff9f6d,connect,156772047#9r,850261601#1f,"7.4294183,43.7393125",start,start,,,true
f2dca924848cddb7670e,connect,1233828725#2f,177546829#1f,"7.4291378,43.7450311",start,end,,,true
f2e4641e359c972ee0c4,connect,1086377386#2r,166399512#1f,"7.4387787,43.7494147",start,end,,,true
f2e4b24fb8e8eb523206,connect,166399501#2f,166399501#3f,"7.4279255,43.7403359",end,start,,,true
f2e9c4f1624f5838f83f,connect,1453165194#2f,1453165194#2r,"7.4129553,43.7308481",start,end,,,true
f3036131c212bb2ae75b,connect,93137575#1f,93137575#2f,"7.4316271,43.7450912",end,start,,,true
f303fc45935bbff39444,connect,1453165194#2f,1453165194#2r,"7.4128533,43.7312438",end,start,,,true
f30992d33ddcc4dfd039,connect,214635117#5r,214635117#6r,"7.4180618,43.7258075",start,end,,,true
f30e347538e9751fb418,connect,1276784167#1f,503475643#1r,"7.4220901,43.7351390",end,start,,,true
f31d4ecf487761d440c3,connect,1082281160#2r,214635117#4f,"7.4179643,43.7258768",start,end,,,true
f33f5cc3926047b4ff13,connect,1019646823#1f,1019646823#1r,"7.4105613,43.7310656",end,start,,,true
f3486539d659fcfbef86,connect,212764303#2f,360063227#1f,"7.4120630,43.7282935",start,start,,,true
f3488dc651181cacae38,connect,833538179#1f,833538179#1r,"7.4174591,43.7266079",start,end,,,true
f34ed489773335ade66d,connect,92627403#1r,92627418#1r,"7.4264707,43.7374911",end,start,,,true
f351ad5fd1e220819fe1,connect,448186716#1f,448186716#1r,"7.4166904,43.7264034",start,end,,,true
f352a55ef923a03eb680,connect,1314186412#1f,1314186412#2f,"7.4183968,43.7363903",end,start,,,true
f3582dbdc36979938bd6,connect,766768153#2r,766768153#3f,"7.4223250,43.7339783",start,start,,,true
f35de17442382cc246d0,connect,159175448#1f,8056051#5f,"7.4383556,43.7493162",start,start,,,true
f35e26b8556900d4d2d5,connect,690914542#1f,690914542#2r,"7.4140690,43.7275875",end,end,,,true
f35f2180d81eb140cb91,connect,360063233#1f,360063233#1r,"7.4128541,43.7299988",end,start,,,true
f361f0efca94f67c363e,connect,503559464#4f,503559464#4r,"7.4284596,43.7339317",start,end,,,true
f372d165cbcc66f8bfa7,connect,165636031#3f,165636031#4r,"7.4270858,43.7325551",end,end,,,true
f379dc3bd505bfea681b,connect,158189817#1f,899409585#1f,"7.4167776,43.7281825",start,end,,,true
f379e0ff5165266d22cf,connect,1453165194#1f,1453165194#2f,"7.4129553,43.7308481",end,start,,,true
f39d826b5f3d5fa7f82a,connect,1086377398#2f,503633032#4f,"7.4361604,43.7486422",end,end,,,true
f3a1f08daf96b7e45ed5,connect,159170492#1f,68814575#1f,"7.4173296,43.7371626",start,end,,,true
f3a62e84bad7f4512d7d,connect,1202730135#1f,181479772#2f,"7.4135748,43.7315009",start,start,,,true
f3ab5d1ee95a84ea7c36,connect,177052556#2f,177052556#3f,"7.4176526,43.7293526",end,start,,,true
f3b2c65519ebb056d082,connect,833538179#1r,833538179#2f,"7.4173273,43.7265143",start,start,,,true
f3be58adf87426348cd1,connect,39839531#4f,39839531#5f,"7.4144705,43.7290414",end,start,,,true
f3bfe5b5d56a3f9891de,connect,158215184#1r,158215184#2f,"7.4187697,43.7278398",start,start,,,true
f3cb1767ca9fb2d6c80d,connect,1203849334#1f,1203849334#1r,"7.4200122,43.7348801",start,end,,,true
f3cf9891adc1cfa4cfac,connect,1146071897#1f,1233853668#2f,"7.4149386,43.7342219",start,start,,,true
f3d08c762ed7972d37a0,connect,168890950#1r,687577826#1r,"7.4224586,43.7298939",start,end,,,true
f3d0d6f78a06a4d9314d,connect,176337648#1f,68814578#2f,"7.4160996,43.7379707",end,end,,,true
f3d32c3a9d7bc6d0d35e,connect,1388331350#1f,166399484#2f,"7.4217683,43.7369071",end,start,,,true
f3d6ef730f66af2824be,connect,166399478#5r,166399478#6r,"7.4179020,43.7288018",start,end,,,true
f3daf95b1e036b395581,connect,720165108#3f,720165108#3r,"7.4233819,43.7408807",start,end,,,true
f3f3c02d9d2da5f2bcba,connect,161748259#1f,161748259#2f,"7.4288649,43.7412173",end,start,,,true
f3f8843bb3a4668f266c,connect,1388331350#1f,699218006#1f,"7.4220043,43.7368716",start,start,,,true
f412eb0a70d0778850d8,connect,850261602#4f,850261602#4r,"7.4291001,43.7402906",end,start,,,true
f41be0fd44d35cc126fb,connect,159170496#1f,164338230#1r,"7.4197734,43.7336922",start,end,,,true
f42b58235f5a8e25cb06,connect,156242241#1f,503783368#1r,"7.4297948,43.7435479",end,end,,,true
f431d158aef63af112a7,connect,809470170#1f,809470170#2r,"7.4277379,43.7391243",end,end,,,true
f4340c80d77760e023e1,connect,1086377399#3f,503633032#6f,"7.4362390,43.7486766",start,start,,,true
f43628cd30f2c5047c2d,connect,159170458#1f,159170458#2f,"7.4171729,43.7329860",end,start,,,true
f442fc7899d3590774ac,connect,214636589#1r,503475643#3f,"7.4222309,43.7350130",end,end,,,true
f44524a791b0fdafeba8,connect,1082312613#1r,92627406#4f,"7.4197532,43.7275894",end,end,,,true
f449cd0014c85270a5e0,connect,165636046#3f,165636046#4f,"7.4259510,43.7409504",end,start,,,true
f4667d4421483651626e,connect,176682382#3f,176682382#4f,"7.4132672,43.7294251",end,start,,,true
f481e65eaa8d24455298,connect,4230011#2f,4230011#3f,"7.4270609,43.7406136",end,start,,,true
f4892c689f14674c0893,connect,503783376#1f,503783376#2f,"7.4347588,43.7481430",end,start,,,true
f48e78a10c1fbd7a3ed1,connect,155085119#2r,155085119#3r,"7.4150714,43.7350030",start,end,,,true
f4a1b94f272ff820b02b,connect,176130562#1f,177052168#1f,"7.4176073,43.7274902",start,start,,,true
f4a5f760ee42bd13c81e,connect,176477349#1f,78149827#1f,"7.4237917,43.7375487",start,end,,,true
f4a603c558654b19d596,connect,128273233#3f,128273233#3r,"7.4344039,43.7493142",end,start,,,true
f4c47b7b2c8a95a53f33,connect,166399478#8r,348748065#1f,"7.4179191,43.7284751",end,start,,,true
f4c8ed773c6994532d9f,connect,158215190#1f,166399500#4f,"7.4161758,43.7294823",start,end,,,true
f4caa4dfaffa66c4c619,connect,1549110516#3f,1549110516#3r,"7.4127305,43.7303411",end,start,,,true
f4cc72d5ebf1dd0ab6cd,connect,167625740#2f,167625740#3f,"7.4248917,43.7313258",end,start,,,true
f4d041f81ae90a2dbaad,connect,572941874#2r,572941874#3f,"7.4280488,43.7386840",start,start,,,true
f4d3771d201ca6966541,connect,157719645#12f,93137591#1f,"7.4306594,43.7454678",end,end,,,true
f4d404597f65447997b5,connect,164338225#1f,176674531#2f,"7.4212586,43.7331660",start,end,,,true
f4d7f0f4057cb3ef743f,connect,1243224906#1f,4230122#1r,"7.4289839,43.7460105",end,end,,,true
f4e264dcf952f09dadb7,connect,4230891#2f,4230891#3f,"7.4294579,43.7386365",end,start,,,true
f4e2ed4678a2fc250e42,connect,1443764722#1r,1449407307#1f,"7.4311988,43.7468029",start,start,,,true
f4e8aafb30e6f5e17f49,connect,1314186412#1r,1314186412#2f,"7.4183968,43.7363903",start,start,,,true
f4f356069992485eeb16,connect,161882805#1f,168890943#3f,"7.4255354,43.7310263",end,end,,,true
f4f76ad702ec5ca4da35,connect,159175448#1f,159175448#2r,"7.4383615,43.7492826",end,end,,,true
f509b744b39e1ad2e589,connect,143536261#1f,143536261#2f,"7.4194072,43.7388357",end,start,,,true
f527b6b1f15a6baf0c53,connect,157719645#2r,157719645#3f,"7.4276654,43.7411907",start,start,,,true
f529c5443b585bc1fc0a,connect,503475642#1f,503475642#2r,"7.4221688,43.7367400",end,end,,,true
f52cd4959691fb4b7e1f,connect,157719647#4f,586508234#1f,"7.4249689,43.7394546",start,start,,,true
f537b826fe1673025134,connect,177189425#1r,177189425#2r,"7.4166904,43.7264034",start,end,,,true
f54ca121986b36ba478a,connect,176333307#2r,176333307#3r,"7.4289397,43.7443005",start,end,,,true
f54ec51d77025a98a6a1,connect,157719652#1f,157719652#2r,"7.4254724,43.7402526",end,end,,,true
f55361e33c337712a30a,connect,176776331#4f,176776331#5f,"7.4212806,43.7344740",end,start,,,true
f5591ac2dca1b6026518,connect,334520662#1r,423632277#1f,"7.4120098,43.7281136",end,end,,,true
f55a363e790756229b79,connect,92627406#5r,92627406#6f,"7.4199648,43.7270348",start,start,,,true
f55cce8f93a559d68413,connect,1202361392#1r,157719645#3f,"7.4276654,43.7411907",start,start,,,true
f5609aec87f8aaad0f58,connect,200502086#3f,586508238#1f,"7.4244523,43.7396163",end,start,,,true
f574a1d156e0ff324548,connect,176682382#3f,176682382#4r,"7.4132672,43.7294251",end,end,,,true
f576b91fbdabc8922ae9,connect,1549110516#4r,1549110527#1f,"7.4125938,43.7302884",start,start,,,true
f578516917bf5b2e82ca,connect,503550463#1f,92627414#2f,"7.4186803,43.7274752",end,end,,,true
f5796301158c272b1df4,connect,176337641#3r,176337641#4f,"7.4154274,43.7363096",start,start,,,true
f58055963a1c94305849,connect,1342546058#2f,1342546058#2r,"7.4322678,43.7460405",end,start,,,true
f5806aa962d63b27e082,connect,1453878835#1f,161882794#1f,"7.4214168,43.7365583",end,start,,,true
f58429798f1fd77aaa75,connect,1081601380#3f,176776331#1f,"7.4216746,43.7334914",start,start,,,true
f5861ade3849196548dc,connect,503702167#1f,503702167#2f,"7.4175608,43.7294735",end,start,,,true
f5873eab326a13d989e6,connect,1449972072#2f,503633034#1f,"7.4366927,43.7489446",end,start,,,true
f58daab73a24358661b4,connect,834185366#2f,834185366#2r,"7.4262064,43.7317676",end,start,,,true
f5a1f3c77e4a1a90fe84,connect,4097656#5f,4229577#1f,"7.4251499,43.7397216",end,start,,,true
f5a55f6872fe493b95ce,connect,4230099#7r,4230099#8f,"7.4365835,43.7500356",start,start,,,true
f5a60162db0452dc7210,connect,423632259#2f,423632259#3f,"7.4216703,43.7320447",end,start,,,true
f5a8f290715270a1bb0f,connect,166009792#5f,166009792#6f,"7.4205220,43.7387999",end,start,,,true
f5b1d7a024446ea8b614,connect,157719644#3f,586268005#1f,"7.4236281,43.7372681",start,start,,,true
f5bdbf7c1f63951c7dec,connect,503813537#1f,694608615#1f,"7.4189051,43.7324080",end,start,,,true
f5c814c5f1e8470b9fa3,connect,214635117#3f,448186736#1r,"7.4179149,43.7259119",end,end,,,true
f5c92e9c627a74a1ded2,connect,572941874#1r,572941874#4f,"7.4281042,43.7385976",end,end,,,true
f5cca837175fc7104051,connect,1081601380#2f,176776353#1r,"7.4217052,43.7333985",start,start,,,true
f5d50002fde7f3a8b281,connect,690914541#1r,690914542#3r,"7.4140299,43.7275634",end,end,,,true
f5e2dc9ca5b0cf70c6a6,connect,448186736#5f,448186736#6r,"7.4178419,43.7254583",end,end,,,true
f5faf7526454c7c551aa,connect,177189425#3f,177189425#3r,"7.4169271,43.7263995",start,end,,,true
f6164470ed9095d40f01,connect,182694289#1r,4227233#1f,"7.4275506,43.7329977",end,end,,,true
f61e070333d3d780419b,connect,157719642#1f,788120420#2f,"7.4239342,43.7399395",start,end,,,true
f6340dacf8ce33019a90,connect,295618745#1f,4229328#1f,"7.4190334,43.7382639",start,start,,,true
f6531a4dc5c0b05606d1,connect,850261612#2f,850261612#3f,"7.4314689,43.7444379",end,start,,,true
f66194de59d1f6db150d,connect,176760116#3r,503783377#1f,"7.4355176,43.7485686",start,start,,,true
f667f3aea8c060018c26,connect,1019360050#2f,120114107#1f,"7.4167980,43.7319595",end,end,,,true
f671597e35c6fe02bcb5,connect,1442119701#1f,278143579#3f,"7.4139931,43.7273350",start,end,,,true
f683e1b16fe6c3f7609f,connect,92627418#1r,92627427#1r,"7.4273068,43.7376640",end,start,,,true
f685ff07b7c9f8e3e4b7,connect,1238339144#2f,93137575#1f,"7.4316697,43.7450773",start,start,,,true
f6879fe484d01f77243d,connect,1243224905#1f,167625756#2f,"7.4288016,43.7460523",end,end,,,true
f6885c8333ed4bd9ad54,connect,1019646823#1r,1019646823#2f,"7.4105613,43.7310656",start,start,,,true
f6b098952ff78351b3b4,connect,166399478#3f,166399478#4r,"7.4178449,43.7290513",end,end,,,true
f6b3fa0c0641d2caf115,connect,503813546#1f,503813546#1r,"7.4178089,43.7318525",start,end,,,true
f6b58ff546df95afc3d5,connect,121380669#1f,121380669#1r,"7.4167099,43.7319497",end,start,,,true
f6ba7e8e8d3a190650cf,connect,80378485#1f,80378487#1f,"7.4207655,43.7317087",start,end,,,true
f6c33d9fa702a16413a5,connect,568187257#5f,568187257#5r,"7.4289249,43.7410938",start,end,,,true
f6c8459416d059f101e3,connect,157719662#1f,962525763#1r,"7.4235192,43.7406289",end,end,,,true
f6cd65c37fdde4387e62,connect,1081601380#1r,1081601380#2r,"7.4217052,43.7333985",start,end,,,true
f6d5199f32eb25368913,connect,4230105#1f,4230105#1r,"7.4325004,43.7480371",end,start,,,true
f6dc2672046cc27d3c9d,connect,35092475#1f,4097656#1r,"7.4259881,43.7389156",start,end,,,true
f6e63161c2ef9b2ab4c8,connect,503475644#1f,503475652#1f,"7.4178429,43.7327601",end,start,,,true
f6e88835cece7668aee0,connect,4227208#2f,4227208#2r,"7.4262064,43.7317676",start,end,,,true
f6eddd2ab642589a1e00,connect,176321050#2f,176321050#3r,"7.4236422,43.7386370",end,end,,,true
f6fdaee4963d2cab2bba,connect,1082312612#1f,92627406#3r,"7.4195101,43.7276397",start,end,,,true
f7018c97cd68897beedc,connect,1243224905#1f,4230122#1r,"7.4289839,43.7460105",start,end,,,true
f706ffd569fd79a39483,connect,31900611#3f,31900625#1f,"7.4225136,43.7346600",start,start,,,true
f7121ffd2cb8a86c8394,connect,850261580#1f,850261580#2f,"7.4255193,43.7315902",end,start,,,true
f72f2c51f7309470248b,connect,177396046#1f,177396049#2f,"7.4295985,43.7344607",start,start,,,true
f73339158e54c4e24b54,connect,200502086#4f,200502086#4r,"7.4239754,43.7397662",end,start,,,true
f733d4694c246cc41940,connect,981971425#2f,981971425#2r,"7.4313239,43.7482224",start,end,,,true
f73a478d884e2bafdc83,connect,334773233#1f,334773233#1r,"7.4295280,43.7466034",end,start,,,true
f73be94a8b445101fea9,connect,176337641#3f,176337641#4f,"7.4154274,43.7363096",end,start,,,true
f73eebc14aff23635513,connect,834616138#1r,834616138#2r,"7.4204663,43.7267436",start,end,,,true
f73fb9c1ba5393d764e9,connect,568187257#2f,568187257#2r,"7.4291921,43.7406247",end,start,,,true
f745aa9dcf92b28d6b0f,connect,254596488#1f,254596488#1r,"7.4306856,43.7452240",end,start,,,true
f7467b544d6076b3b4f8,connect,1034851195#1f,1034851195#1r,"7.4289583,43.7421789",end,start,,,true
f75a438dcc03ef3cecd8,connect,4229893#2f,4229893#3f,"7.4225897,43.7324055",end,start,,,true
f75e2c0f57a455f6c09c,connect,1342546058#1f,1342546058#1r,"7.4319445,43.7461974",end,start,,,true
f76767b31d92fa39ae0d,connect,121378297#2f,121378297#3f,"7.4180578,43.7346959",end,start,,,true
f767df8e01ac8b1ca119,connect,4229325#1r,4229325#2f,"7.4197492,43.7376941",start,start,,,true
f76a574fd4d8fbb9ee64,connect,962525763#1f,962525763#1r,"7.4235192,43.7406289",start,end,,,true
f777d29b8f7dcbe5f77e,connect,161775593#1f,161775593#1r,"7.4231173,43.7369871",start,end,,,true
f77b876e2074b6c27952,connect,157719668#2f,157719668#2r,"7.4238054,43.7399519",start,end,,,true
f77ca896682e943d0ad6,connect,24668403#1f,294081873#1r,"7.4209724,43.7399088",end,end,,,true
f7885972d59c5ccff040,connect,1034851195#2r,161752641#1f,"7.4290896,43.7424355",start,start,,,true
f78f263a2c3385de73fd,connect,1202747622#1f,1202747623#1r,"7.4183021,43.7272339",start,start,,,true
f7915ca87dc8b53c86d4,connect,4230105#1r,4230105#2f,"7.4325004,43.7480371",start,start,,,true
f798d2c17ad17e1030b5,connect,158007891#1f,158007891#2r,"7.4091260,43.7300896",end,end,,,true
f7a7df3e97d0b9462574,connect,4230099#6r,4230099#7f,"7.4366261,43.7500705",start,start,,,true
f7b4a4d7629c45583d7e,connect,4230105#4f,4230105#4r,"7.4334951,43.7488339",start,end,,,true
f7ba18342197575fa7ef,connect,166009792#5r,166009792#6f,"7.4205220,43.7387999",start,start,,,true
f7c8bd0f65a15345e960,connect,1174009934#1f,176477344#1f,"7.4228185,43.7374352",start,end,,,true
f7cb819ec3e74c8bb682,connect,167625718#1f,503434372#3f,"7.4174334,43.7303375",start,end,,,true
f7cf7c1aef6f15a26864,connect,94399455#1f,94399455#1r,"7.4173020,43.7364794",end,start,,,true
f7d16f745e4c48480ad8,connect,1203522177#1f,4230099#5r,"7.4368502,43.7502536",end,start,,,true
f7d81efc0968358c616d,connect,161775592#2f,161775592#3f,"7.4278577,43.7386674",end,start,,,true
f7d8cf830798fcd6d9c8,connect,4097656#4f,4097656#5r,"7.4252293,43.7396860",end,end,,,true
f7dc6f4bd9bb2ca49df7,connect,1549110516#2r,1549110516#3f,"7.4127939,43.7303590",start,start,,,true
f7df4a11177d64eb87c0,connect,278143566#1f,278143566#1r,"7.4142897,43.7281543",start,end,,,true
f7e84a7dae5fc4b30f0d,connect,78149827#1f,92627403#1r,"7.4252100,43.7374505",start,start,,,true
f7fbbdc1bd3c3cb19e51,connect,161887491#1f,161887491#1r,"7.4314934,43.7361570",start,end,,,true
f7fff48e71b3d69ce890,connect,4230114#2r,4230114#3r,"7.4325490,43.7491481",start,end,,,true
f8009f7bcf7b9d7044e3,connect,158007908#1f,78147635#1r,"7.4279534,43.7325962",start,start,,,true
f80280056e99bd23df16,connect,4227216#1f,766768153#6f,"7.4234484,43.7326800",start,end,,,true
f809b4511f03f087c484,connect,4098197#2f,4098197#3f,"7.4317323,43.7475177",end,start,,,true
f80ef7531bae8130a77e,connect,1428926465#1f,212764303#1f,"7.4123118,43.7286832",start,start,,,true
f81abc089cda91ccba10,connect,159170509#3f,176776331#6f,"7.4211295,43.7354300",start,end,,,true
f82847153eb78bcc0845,connect,952419572#1f,952419573#1f,"7.4173054,43.7316813",start,end,,,true
f83a30fe7c2e11058c67,connect,166399479#4f,166399479#5f,"7.4212204,43.7354374",end,start,,,true
f8414d23b51d1808b12f,connect,503462466#5f,693487406#1f,"7.4331276,43.7466684",end,start,,,true
f84960a70d587aa82f80,connect,176334446#1f,176334446#2f,"7.4297638,43.7409448",end,start,,,true
f85d37691fa7a47f4b0e,connect,1034247204#1f,4230099#9f,"7.4362781,43.7494769",start,end,,,true
f8697f10a3a7c3825de1,connect,4098197#1f,4098197#1r,"7.4315111,43.7470260",start,end,,,true
f886bb52138447599425,connect,161752639#1f,161752639#1r,"7.4289072,43.7416370",start,end,,,true
f88b258011613b5cf56a,connect,177189425#2r,177189425#3f,"7.4169271,43.7263995",start,start,,,true
f88ccdda46e3ba033db7,connect,157719645#1r,4230011#3f,"7.4270609,43.7406136",end,start,,,true
f88d09108b1dcf3e5a40,connect,177231047#1f,177231047#1r,"7.4148309,43.7342605",end,start,,,true
f88d75e0400cacb94977,connect,731054118#2f,731054118#3f,"7.4167083,43.7337167",end,start,,,true
f8920d8e10b53c35ba7a,connect,503783369#1r,92627431#1f,"7.4299866,43.7440127",start,start,,,true
f89e6b83c91bc0043e43,connect,1549110527#1r,360063232#1r,"7.4125925,43.7302403",start,end,,,true
f8aa34b65e87e685793a,connect,1327492346#1f,503471323#2f,"7.4167329,43.7320466",end,end,,,true
f8b927477a222148e490,connect,164338236#1f,164338236#2f,"7.4200730,43.7385685",end,start,,,true
f8b9e6fad86d7f12a8f1,connect,4230099#5r,4230099#6f,"7.4368502,43.7502536",start,start,,,true
f8bbf2242cd602cb16ee,connect,849737746#1r,849737746#2r,"7.4179138,43.7290624",start,end,,,true
f8bd21265acb064c71ef,connect,161887492#2f,161887492#2r,"7.4272940,43.7332957",start,end,,,true
f8c27e657e950024da36,connect,448186736#4r,448186736#5r,"7.4177486,43.7255243",start,end,,,true
f8c84f67ce8031676c38,connect,158007908#1r,78147639#1r,"7.4274739,43.7318149",start,end,,,true
f8c99e82d3f7cf666a7a,connect,158189819#1f,261740025#1r,"7.4144215,43.7278940",end,end,,,true
f8d19f1002cf6c7f9b49,connect,182700195#1f,93137623#1f,"7.4382636,43.7494139",end,start,,,true
f8da82d2616fc0248d27,connect,4230099#3r,4230099#4r,"7.4367151,43.7504595",start,end,,,true
f8dd36c3530e234484da,connect,24668403#1f,24668403#1r,"7.4213280,43.7401946",start,end,,,true
f8edfb055ba7fde25591,connect,156772047#1r,156772047#2r,"7.4269813,43.7377491",start,end,,,true
f8ee49a173387b2c5cc4,connect,165636047#2r,165636047#3f,"7.4292849,43.7450455",start,start,,,true
f8ef6cf177e5aec3077c,connect,161748261#4f,25179329#1r,"7.4289096,43.7414847",end,start,,,true
f8f6649f8b020360f607,connect,1082281160#2f,1082281160#2r,"7.4179643,43.7258768",end,start,,,true
f8fd381299ce188c7f5b,connect,157719645#10f,157719645#10r,"7.4291274,43.7437824",start,end,,,true
f912ea3a36aceff0c23d,connect,155085117#2f,731054118#1f,"7.4171659,43.7334429",end,start,,,true
f9202e901eb98244e401,connect,4230105#4r,4230106#1f,"7.4334931,43.7488563",start,start,,,true
f92bf7f1e5245b10153b,connect,1452797913#1f,1452797913#1r,"7.4316187,43.7459440",end,start,,,true
f92c5276a72b9357b496,connect,4230106#2f,4230106#3r,"7.4328986,43.7486842",end,end,,,true
f92cfef475a57aba539f,connect,690914541#1f,690914541#1r,"7.4140299,43.7275634",start,end,,,true
f93136c12cefc8ca8f00,connect,159175448#3r,664388473#1r,"7.4382808,43.7489744",start,end,,,true
f934032414caa7bec233,connect,1549110516#4f,1549110516#4r,"7.4127305,43.7303411",start,end,,,true
f936af1a7e4b70c19b3d,connect,1202730135#1f,1202730135#1r,"7.4135748,43.7315009",start,end,,,true
f937a0b4e2a2f13d27e1,connect,157719645#8f,157719645#8r,"7.4288349,43.7431913",end,start,,,true
f93ae5bbe638815e25a0,connect,214636589#1f,214636589#1r,"7.4223122,43.7346973",end,start,,,true
f94065985b02e26342eb,connect,167625739#2f,167625739#3f,"7.4157416,43.7299772",end,start,,,true
f941f16768032f866bc8,connect,164338238#1f,176576014#1r,"7.4218357,43.7398553",start,start,,,true
f94e72dd1c6d33f5cbf1,connect,176477341#1f,176800018#1f,"7.4228185,43.7374352",end,start,,,true
f95425f249a1fb9f5bf5,connect,423873046#1f,423873046#1r,"7.4301052,43.7459324",end,start,,,true
f966cbfc48bf9090f1b1,connect,690131582#1f,690131583#1f,"7.4176310,43.7319479",start,end,,,true
f96ca5af3726bd16213e,connect,157719645#8r,157719645#9f,"7.4288349,43.7431913",start,start,,,true
f97408d0e5a55ea5b564,connect,690914543#1r,690914543#2f,"7.4143214,43.7277005",start,start,,,true
f99379d50ba8b525a19d,connect,177396440#1f,939532441#1f,"7.4293189,43.7453936",end,start,,,true
f99ad481e445396e633f,connect,166149542#2f,166149542#2r,"7.4172425,43.7352819",end,start,,,true
f99c819d65f6321fd550,connect,176682382#1f,92627441#2f,"7.4124987,43.7286071",start,start,,,true
f99f4bd30daa8e24f2c7,connect,165636031#3f,165636031#3r,"7.4270858,43.7325551",end,start,,,true
f9a0c566b2a642b21f81,connect,849737743#2f,849737743#2r,"7.4179020,43.7288018",end,start,,,true
f9ad45de061ceaf58d99,connect,688731299#3f,688731299#3r,"7.4146411,43.7327438",end,start,,,true
f9b262e56664c249c581,connect,177189425#2f,177189425#2r,"7.4169271,43.7263995",end,start,,,true
f9c6673b1e7d6926c93d,connect,155085119#4r,155085119#5r,"7.4145808,43.7349185",start,end,,,true
f9c7dbefb87754876ae5,connect,158215184#7r,503462475#1f,"7.4180060,43.7283180",start,start,,,true
f9c9961debceaa7635c7,connect,1319454162#1r,155085116#1f,"7.4165016,43.7326972",start,start,,,true
f9cbb4052134a18784e8,connect,176321050#1f,176510133#1f,"7.4236117,43.7386150",end,start,,,true
f9d7208870bb64758ea2,connect,1131276187#3f,120062665#1f,"7.4181971,43.7343856",end,end,,,true
f9ee3afdedd4113a9baa,connect,1365041523#1f,176577460#2f,"7.4141458,43.7291795",end,end,,,true
f9fa78602325afa5cf44,connect,334511470#1f,67923339#3f,"7.4150001,43.7362968",start,end,,,true
f9fa9fa09e8602c882e8,connect,503471324#4f,503559461#1f,"7.4374236,43.7491390",end,start,,,true
f9fbce69c83678f22dbc,connect,348748065#1f,348748065#2r,"7.4179886,43.7284950",end,end,,,true
fa050c2e134f9dda91e5,connect,1082312612#2f,158215196#1f,"7.4195001,43.7277049",end,start,,,true
fa087751568bd2351b44,connect,688731299#2f,688731299#3f,"7.4143793,43.7324430",end,start,,,true
fa136c7eb0a0437b013d,connect,1086377399#3r,503633034#1f,"7.4361911,43.7487300",start,end,,,true
fa1552249fbbec0c515b,connect,177396440#1r,939532441#1r,"7.4293189,43.7453936",start,end,,,true
fa15c42369ad551381c3,connect,159175448#3r,664388473#1f,"7.4382808,43.7489744",start,start,,,true
fa33e636f52300765f0f,connect,167625739#1r,167625739#2f,"7.4160245,43.7301706",start,start,,,true
fa365c69bf283bf4a0fa,connect,167625742#1f,167625742#1r,"7.4286583,43.7459023",start,end,,,true
fa36c392b58227a8ad96,connect,39838265#2f,507581426#1f,"7.4251449,43.7411231",end,end,,,true
fa3a2959c7b0a0b230f0,connect,25739583#1f,503434370#2f,"7.4130796,43.7335259",start,end,,,true
fa3da1110495fe49a90e,connect,166558481#1f,4227230#1f,"7.4220576,43.7321018",start,start,,,true
fa46ac38819f5e393031,connect,156772047#6f,156772047#6r,"7.4289548,43.7388035",end,start,,,true
fa46b3f47fb2295b992a,connect,200507331#1f,200507331#2r,"7.4144049,43.7278448",end,end,,,true
fa4cb1a5c1df77816cb8,connect,879995943#2r,879995944#1f,"7.4265215,43.7377194",start,start,,,true
fa4ee735ea6c06aa75a0,connect,161885378#1f,161885378#2r,"7.4245595,43.7329487",end,end,,,true
fa4f5ae1570e687f1950,connect,181479772#1f,435061380#1r,"7.4135408,43.7314434",start,start,,,true
fa51d13ae9ba8db3e10b,connect,212764303#1f,212764303#2f,"7.4120630,43.7282935",end,start,,,true
fa56ffa5c9d884b9f737,connect,157719644#2r,586268005#1f,"7.4236281,43.7372681",start,start,,,true
fa63372234640ad81757,connect,1549110515#1f,1549110515#1r,"7.4114043,43.7298349",start,end,,,true
fa66be377b0cae3f82e7,connect,176334442#2f,176334442#2r,"7.4346497,43.7490410",end,start,,,true
fa702c64df2fa6f77851,connect,1086377394#2f,1086377394#2r,"7.4372967,43.7490407",start,end,,,true
fa7c6ac64bf799f411c3,connect,503633032#7f,779793204#1f,"7.4370746,43.7490405",end,end,,,true
fa8290578d998dfb2452,connect,851991828#1f,851991828#2f,"7.4381839,43.7492902",end,start,,,true
fa8c52987f2e1aadfb3b,connect,1314186421#1f,166399478#7r,"7.4179056,43.7287625",start,end,,,true
fa9997a379f466331c08,connect,809470168#2f,809470168#3f,"7.4273495,43.7394645",end,start,,,true
fa9e60c6a507b42cbf8c,connect,1019646823#2f,463430038#1f,"7.4106015,43.7310737",end,start,,,true
fab021839a420a6f19ec,connect,1342546058#2r,1342546059#1f,"7.4319445,43.7461974",end,end,,,true
fab7a0cd1229a3f53e9c,connect,158215184#1f,158215184#2r,"7.4187697,43.7278398",end,end,,,true
fabd0fff91cc294e4b04,connect,164338219#3f,4227209#2f,"7.4241358,43.7312799",end,end,,,true
fac6877a1f10360d720d,connect,834185366#1f,834185366#2f,"7.4261756,43.7317958",end,start,,,true
fad2901665be9b85dbe1,connect,177588306#1f,4230186#3f,"7.4277383,43.7429274",start,start,,,true
fad5c1f8e272e3f356b0,connect,157719661#1f,157719661#2f,"7.4216630,43.7400203",end,start,,,true
fad61954a0d0eea30f1b,connect,1238339144#5f,503462464#1f,"7.4305032,43.7428351",end,start,,,true
faec938acea68ffb23ea,connect,851792658#1f,851792658#2f,"7.4123300,43.7311960",end,start,,,true
faf02e079afcf12e2d94,connect,165636047#1f,176333307#4f,"7.4292417,43.7449588",start,end,,,true
faf303c38454b1300041,connect,166399478#3r,849737746#2f,"7.4178449,43.7290513",start,end,,,true
fafd046ebefaac7104b5,connect,120062666#1r,120062667#1f,"7.4198297,43.7365726",end,start,,,true
fb0a8cbb5457b7f74d95,connect,1452797913#1f,1452797914#1f,"7.4316187,43.7459440",end,end,,,true
fb206c873a6458cc6b19,connect,165636031#1f,165636031#1r,"7.4197965,43.7322481",start,end,,,true
fb3817a92d4aba125b35,connect,1202747622#1f,1202747623#2f,"7.4183021,43.7272339",start,start,,,true
fb3e03fce450528afa35,connect,1000930351#2f,1000930351#3f,"7.4296428,43.7416369",end,start,,,true
fb47e0dd0c403262236f,connect,161748260#1f,25179329#1f,"7.4288786,43.7413316",start,start,,,true
fb5129a68571c61f3e3a,connect,176395396#1f,176395397#1f,"7.4141871,43.7304378",end,start,,,true
fb55eb978c3194ea824c,connect,158215191#2f,158215191#2r,"7.4177413,43.7282457",start,end,,,true
fb5adbd81a7b4c5b9175,connect,166399488#3f,166399488#3r,"7.4189979,43.7371197",end,start,,,true
fb6b75dce9fbfeaf8e10,connect,176477342#2f,176477342#2r,"7.4257182,43.7386514",end,start,,,true
fb7ff0ac53a4094768f6,connect,503462466#5f,503462466#6f,"7.4331276,43.7466684",end,start,,,true
fb82a40d532aba71afa6,connect,4230106#1r,4230106#2r,"7.4334045,43.7489333",start,end,,,true
fb95593c2cc8468ce51f,connect,1202747622#2f,1202747622#2r,"7.4182279,43.7272596",start,end,,,true
fba1d22627dd3a00deac,connect,943188283#1f,95449778#1r,"7.4193710,43.7381177",start,start,,,true
fba5e891a73cb20d24df,connect,1365041529#2r,166399500#2f,"7.4156194,43.7290766",start,end,,,true
fba5f8ec86fda691d2d8,connect,1086377399#2r,1086377399#3f,"7.4362390,43.7486766",start,start,,,true
fbb3a6cbf8928032d3ae,connect,434567309#1r,434567309#2r,"7.4276466,43.7400580",start,end,,,true
fbb3f22cf0a95ab4b0e1,connect,166399486#2f,166399486#2r,"7.4129634,43.7308102",start,end,,,true
fbbe691bb650f69018f4,connect,1342556412#1r,1342556412#2r,"7.4342287,43.7480954",start,end,,,true
fbc3b0dd282dd7e659cd,connect,166009792#1r,788120420#2f,"7.4239342,43.7399395",end,end,,,true
fbcb856024011e26b7eb,connect,586268005#1f,586268005#1r,"7.4236281,43.7372681",start,end,,,true
fbd92259cfe3b033894e,connect,1549110515#3f,1549110515#3r,"7.4111145,43.7296599",start,end,,,true
fbdfa72e678c933f470c,connect,176776331#7f,176776331#8f,"7.4212594,43.7363679",end,start,,,true
fbe2cf39f692fc176454,connect,176336376#2f,334368566#2f,"7.4227385,43.7408527",start,end,,,true
fbea826d9f440eb9ca02,connect,1342546058#3r,182700002#5f,"7.4323255,43.7460116",start,start,,,true
fbed5c1d7e98231c6f3e,connect,176086161#1f,176086161#2f,"7.4193707,43.7324435",end,start,,,true
fbfabc9ac692a80ce035,connect,166399486#2r,851792659#1r,"7.4130230,43.7308297",start,end,,,true
fc0a55e51cd0f8897285,connect,41929969#1r,4230891#4r,"7.4303262,43.7403619",end,start,,,true
fc150cc68e14a7ba731d,connect,1361686923#1f,68814578#1f,"7.4173557,43.7372467",start,start,,,true
fc1c5f530bdfbbc75b31,connect,503434403#1f,850261580#2f,"7.4254766,43.7315852",end,end,,,true
fc21f10e49a1e3f4b80b,connect,157719644#1f,166399484#2f,"7.4221175,43.7370216",start,end,,,true
fc2b10a0627e3c82899c,connect,1197885780#1r,834185365#1f,"7.4261980,43.7316703",start,end,,,true
fc3884cd36f856a41077,connect,128273231#1f,4230106#3r,"7.4327711,43.7485850",start,start,,,true
fc3f1a00ea512f135d9a,connect,93137591#2f,93137596#1f,"7.4306769,43.7454440",end,start,,,true
fc485e74460e6c221822,connect,176333307#1f,176333307#1r,"7.4285224,43.7435476",start,end,,,true
fc4b4858fb21022d2198,connect,503462465#2f,503462465#3f,"7.4306302,43.7427422",end,start,,,true
fc57a88e9443b339b187,connect,159170458#1r,159170458#2f,"7.4171729,43.7329860",start,start,,,true
fc6dfc1e5cbf236cb5c4,connect,214635117#8f,214635117#8r,"7.4184894,43.7255194",start,end,,,true
fc6f07f0d895f36ba68a,connect,161775593#1r,25082741#1r,"7.4231173,43.7369871",end,end,,,true
fc70b8967b0953a82cb9,connect,1230398878#1r,503783378#1r,"7.4386022,43.7499111",start,end,,,true
fc7508fcafb70ccfcd7e,connect,4229325#2r,4229327#1f,"7.4196041,43.7377617",start,end,,,true
fc754db5087c7aa6aed6,connect,93091311#1f,93091315#1f,"7.4223378,43.7319816",start,end,,,true
fc761fd98c042b5c6487,connect,93137606#1f,93137606#1r,"7.4209338,43.7371530",end,start,,,true
fc78ba3b496442309abf,connect,94399437#2f,94399437#3f,"7.4177118,43.7362982",end,start,,,true
fc8748a99e8993057c08,connect,851792660#1f,851792660#1r,"7.4200043,43.7387594",start,end,,,true
fc8fa67b0c1463becb14,connect,4229893#1f,4229893#2f,"7.4225096,43.7323875",end,start,,,true
fc960f5d64b07c07ccd7,connect,1442123927#1f,694608613#1f,"7.4188440,43.7324904",end,start,,,true
fca55c50fc5fd86dd226,connect,1452797915#2f,182700002#5f,"7.4322096,43.7458844",end,end,,,true
fcab18d0931360d21fc8,connect,1314186421#1f,1314186421#2f,"7.4178532,43.7287604",end,start,,,true
fcc373110deebcb84138,connect,177045624#1f,8056043#1f,"7.4226785,43.7321826",start,start,,,true
fcc7777d2b509cbe2b69,connect,850261602#5r,850261602#6f,"7.4286979,43.7404329",start,start,,,true
fcd7bf8499979447c276,connect,4230011#2f,4230011#2r,"7.4270609,43.7406136",end,start,,,true
fcd983c0e4d9027fc1f2,connect,694608613#1f,694608615#1f,"7.4189051,43.7324080",end,start,,,true
fcdcaf7423db6c8ee0b6,connect,1449972043#1r,850261580#1f,"7.4256911,43.7316275",start,start,,,true
fce6758f1d6e0e12589d,connect,161882796#2f,161882796#3f,"7.4211795,43.7344675",end,start,,,true
fced17748af7d55d0ec1,connect,1058067231#1f,158189831#1f,"7.4105756,43.7292018",end,start,,,true
fcf6ed0e2b1a6893c429,connect,161733292#1f,568187257#3r,"7.4291921,43.7406247",end,end,,,true
fcf6ff18b854b3fcd325,connect,176774211#1f,176774211#1r,"7.4217340,43.7324733",start,end,,,true
fcfb0af863d8cd3abc34,connect,161752639#1r,161752639#2f,"7.4288570,43.7416412",start,start,,,true
fd06141282033dd58a2d,connect,214635479#1f,503462471#1f,"7.4123036,43.7279779",end,end,,,true
fd0cdd50a0204d10e8e2,connect,503462464#1f,93137615#1f,"7.4304898,43.7427540",end,start,,,true
fd16be24110764f777a3,connect,39839530#1f,4227218#1f,"7.4223620,43.7319242",end,start,,,true
fd173cbebf6bb0424a57,connect,1001561438#1f,435061380#1f,"7.4129989,43.7311411",end,start,,,true
fd19b29c7dece904d146,connect,165636047#4f,4229298#1f,"7.4295803,43.7455897",end,start,,,true
fd1fcb45f6fd14ee0c40,connect,157719645#6f,164338247#1r,"7.4284853,43.7421636",start,end,,,true
fd2060a1fa2faaeeb00a,connect,834616138#1f,834616138#2f,"7.4204663,43.7267436",end,start,,,true
fd3881e94a9bff5b3f20,connect,25179329#2f,25179329#2r,"7.4289072,43.7416370",end,start,,,true
fd3a0994e51d4d6075cd,connect,167625756#1f,167625756#2f,"7.4288098,43.7459878",end,start,,,true
fd57594ae64600f6f8a6,connect,94399553#1f,94399927#1f,"7.4165509,43.7355383",start,end,,,true
fd5e74356310db983c36,connect,849737769#1f,93091312#1f,"7.4178844,43.7307875",end,end,,,true
fd600afc15e420270ec9,connect,448186736#4f,448186736#5r,"7.4177486,43.7255243",end,end,,,true
fd70b3e37084bdedf0aa,connect,176333307#3r,176333307#4f,"7.4291934,43.7448512",start,start,,,true
fd74bc6e8e0de7778fa8,connect,92627406#2f,92627406#2r,"7.4195101,43.7276397",end,start,,,true
fd76461124c144630dc0,connect,166399501#1f,166399501#2r,"7.4278912,43.7403036",end,end,,,true
fd76c318133de9b65c94,connect,1019646823#1r,158007891#2f,"7.4104982,43.7310528",end,end,,,true
fd76d3cf9b990201eb55,connect,503434378#1f,503434389#1f,"7.4267905,43.7416842",start,end,,,true
fd7cc479c63801b3b202,connect,166009795#1f,943188283#1f,"7.4193334,43.7381654",start,end,,,true
fd80383d758f0a73c36f,connect,503434370#1f,503434370#2r,"7.4132849,43.7338591",end,end,,,true
fd97baa7f129547d3684,connect,182692348#1f,261740027#1f,"7.4152478,43.7285983",end,start,,,true
fda26993ae2dde1b589b,connect,1019360050#1f,121380669#1f,"7.4167099,43.7319497",start,end,,,true
fdaf40b7851caad04538,connect,176477340#1f,176674530#4r,"7.4237795,43.7379777",start,start,,,true
fdb1e76562ae6f340545,connect,167625727#22f,168104494#1f,"7.4222370,43.7274310",end,start,,,true
fdc294749ac9a0b11c77,connect,1319454161#1f,1319454162#1f,"7.4163111,43.7325344",start,start,,,true
fdda39684803827a8554,connect,166009795#1r,166149556#1r,"7.4190942,43.7380836",start,end,,,true
fddeb9e51b134bb9ccee,connect,1342546058#1f,1342546058#2f,"7.4319445,43.7461974",end,start,,,true
fde6e725c0c0de8e1537,connect,503462460#1f,92627408#3f,"7.4168143,43.7298244",start,end,,,true
fdeb0bd1280029a67220,connect,176337641#1f,176337650#1r,"7.4156760,43.7367069",start,start,,,true
fe0376d0d20478d5c11a,connect,503633032#7f,779793204#1f,"7.4365575,43.7488249",start,start,,,true
fe1502ec7e042c8bf17c,connect,849737769#1f,93091312#2f,"7.4178844,43.7307875",end,start,,,true
fe1f65612d8c1500d388,connect,1034247203#1f,1034247203#1r,"7.4355836,43.7495403",start,end,,,true
fe2c3edfca8e1e9d6aba,connect,200502710#1f,4097656#4f,"7.4256829,43.7393282",start,start,,,true
fe2ca08a300473666216,connect,158189827#2f,158189827#3f,"7.4139742,43.7286918",end,start,,,true
fe3639eb7a37b711a928,connect,159170505#1f,159170535#3f,"7.4206723,43.7340984",start,end,,,true
fe4eed4eaf97ebe9993c,connect,503753416#1f,731585432#1f,"7.4155679,43.7311524",end,end,,,true
fe530306eb1e977710e4,connect,4097656#3f,4097656#4f,"7.4256829,43.7393282",end,start,,,true
fe5ba31910afc707a151,connect,503434368#1f,92627441#2f,"7.4125268,43.7287070",start,end,,,true
fe64b7b78f97f285c91a,connect,1314186421#1f,166399478#6r,"7.4179056,43.7287625",start,start,,,true
fe681cb7de2d8b44ffc5,connect,157719664#2f,157719664#3f,"7.4250137,43.7406818",end,start,,,true
fe71849c0f968b4090d3,connect,8056051#2f,8056051#3f,"7.4381871,43.7493230",end,start,,,true
fe846c7d7c9b14810a14,connect,166149571#3f,182692350#1f,"7.4148737,43.7284100",end,end,,,true
fe84d8b43f7776aefb4b,connect,166399478#1f,166399478#1r,"7.4174924,43.7296303",start,end,,,true
fe87ea7ee13fc652e4d3,connect,4230044#1f,4230044#2f,"7.4306594,43.7428907",end,start,,,true
fe8cc58a3c19c8d65c16,connect,157719698#3f,157719701#1r,"7.4261788,43.7403164",end,start,,,true
fe8d259a8872c3d7954e,connect,177232619#4f,177232619#5f,"7.4263430,43.7398449",end,start,,,true
fe90e07bc8e1c535e9ee,connect,159170444#1f,8352246#7f,"7.4192476,43.7350788",start,start,,,true
fe92db9fb49618179d84,connect,1388331350#1f,699218006#1r,"7.4220043,43.7368716",start,end,,,true
fea8799bd512f271b88f,connect,1410590317#1f,1410590317#1r,"7.4149069,43.7341833",end,start,,,true
feaec26a13b468a4318c,connect,166399478#6f,166399478#7r,"7.4179056,43.7287625",end,end,,,true
feafd9fb936b1332d109,connect,39839530#2f,93091315#1f,"7.4223378,43.7319816",end,end,,,true
feb37570bc1b482d50f2,connect,4230099#1f,4230099#1r,"7.4359741,43.7503615",start,end,,,true
feb79424925836d4c6cf,connect,4230011#6r,4230011#7r,"7.4276726,43.7402742",start,end,,,true
febd7b160f0f7c593d0e,connect,176336114#3f,176336114#4f,"7.4231469,43.7385008",end,start,,,true
feda15e23c70cc5bfcdc,connect,166149542#1f,254596870#2f,"7.4172340,43.7342644",start,end,,,true
fedb9c6672d75e447f7b,connect,167625756#4f,167625756#5f,"7.4286935,43.7460613",end,start,,,true
fee717586bddc1d9a833,connect,166399478#7f,166399478#7r,"7.4179056,43.7287625",start,end,,,true
fef036f3d56f98fce63e,connect,448186736#3f,448186736#4f,"7.4176540,43.7256176",end,start,,,true
ff01a9b03d02ea484d6c,connect,1327492337#1f,80378486#1f,"7.4170928,43.7315999",start,end,,,true
ff17afecbe1d1632972d,connect,164338218#1f,167625719#3f,"7.4237595,43.7301648",end,end,,,true
ff18d1b56ba5bd06eb33,connect,120062663#2f,120113155#3f,"7.4180884,43.7344498",end,end,,,true
ff3e50390de79c312073,connect,1238339144#4f,1238339144#5f,"7.4305137,43.7429082",end,start,,,true
ff43684e0d5f1ec61b38,connect,157719641#1f,164338243#1r,"7.4236490,43.7403378",start,end,,,true
ff4cd6d517e24f09cfc3,connect,166399484#2f,4227272#1f,"7.4221175,43.7370216",end,start,,,true
ff5a826e856ace06336a,connect,31900611#2r,31900625#1r,"7.4225136,43.7346600",start,end,,,true
ff6696e5f484ad226716,connect,157719644#2f,157719644#3f,"7.4236281,43.7372681",end,start,,,true
ff6c3b31d1da4257ba2e,connect,1086377394#1r,1086377394#2r,"7.4372967,43.7490407",start,end,,,true
ff7a3828daa1687f357c,connect,159170517#4f,164338230#5r,"7.4196441,43.7342962",end,start,,,true
ff7c42beb2034467b63f,connect,93137615#3f,93137615#4r,"7.4299328,43.7429980",end,end,,,true
ff8e1314534463c45b3f,connect,166399478#6r,166399478#7f,"7.4179056,43.7287625",start,start,,,true
ff9701b64f2b239aff99,connect,1410590317#1f,317925725#2f,"7.4148552,43.7341317",start,end,,,true
ff99e09a352265b7867f,connect,778744698#3f,778744698#4f,"7.4292809,43.7394338",end,start,,,true
ff9e2f8b89c5ef0e8dd3,connect,157719647#7f,4229539#1r,"7.4246137,43.7388584",end,end,,,true
ffaa61e5b0aace5368c7,connect,150050283#2f,150050283#2r,"7.4173891,43.7299374",start,end,,,true
ffac05e9c23fdf8b67f8,connect,166149571#2f,166149571#3f,"7.4148892,43.7285947",end,start,,,true
ffb0b26842084ef10b81,connect,688731299#2r,688731312#2f,"7.4143793,43.7324430",start,end,,,true
ffb339614935474e58cf,connect,4230891#1f,4230891#1r,"7.4290580,43.7383175",end,start,,,true
ffba343ff48977356036,connect,1452797913#1r,1452797914#1r,"7.4316187,43.7459440",start,start,,,true
ffbea81a8f08e33fc9ef,connect,809470168#1f,809470170#1f,"7.4276904,43.7390755",end,start,,,true
ffbee70fdd5cb702aad0,connect,165636031#4f,165636031#5r,"7.4272752,43.7324382",end,end,,,true
ffbf141d066d58818cd8,connect,166009792#4f,166009792#5r,"7.4224194,43.7394287",end,end,,,true
ffd3f00d7fb060a8aa27,connect,161887493#1f,161887494#1r,"7.4267599,43.7331798",end,end,,,true
ffeed1adf1bae4409ba6,connect,93137558#1f,93137558#1r,"7.4326049,43.7468759",end,start,,,true
fff4d637f06bff16f5e1,connect,1525349447#1r,176334445#3f,"7.4321217,43.7479413",end,start,,,true
fff5bed76a216d156190,connect,360063227#1f,360063227#2f,"7.4118229,43.7284180",end,start,,,true
fffc402990600ce38ae3,connect,93091312#1f,93091312#2f,"7.4178844,43.7307875",end,start,,,true
00a8f22a560650bacb71,cross,78147639#1r,158007908#1f,,,,78147639#1r,158007908#1f,true
00d3dcc0a52efa9ea4a6,cross,201009264#3r,1549110516#1f,,,,201009264#3r,1549110516#1f,true
00e077e62df34cdfbfc7,cross,92627405#1r,254596487#1f,,,,92627405#1r,254596487#1f,true
018fa6f6ba9ed5b8f66e,cross,164338236#2f,946562629#1r,,,,164338236#2f,946562629#1r,true
0245d0c7315f3e6eea7f,cross,93091312#2f,849737769#1f,,,,93091312#2f,849737769#1f,true
02b91b9af9ded00fc76e,cross,156242241#1f,25103757#2f,,,,156242241#1f,25103757#2f,true
02cc99cddbb399aa693a,cross,167625718#2f,80378487#1f,,,,167625718#2f,80378487#1f,true
039b96b999b6032cca57,cross,166856356#1r,166856355#1f,,,,166856356#1r,166856355#1f,true
03df22e9bc393347d382,cross,164338247#4f,177590092#1r,,,,164338247#4f,177590092#1r,true
03e337bb4239f35ba1cb,cross,1549110518#1r,1549110517#1r,,,,1549110518#1r,1549110517#1r,true
04796ca02578bc238bbf,cross,1212029941#1f,176334441#1r,,,,1212029941#1f,176334441#1r,true
049f83b25ac5c9bc981e,cross,690653921#1f,690131583#1f,,,,690653921#1f,690131583#1f,true
04dce0dad525dc6a39f0,cross,93137606#1r,176752959#1f,,,,93137606#1r,176752959#1f,true
054629fc1749ca2a52d9,cross,335740509#1f,176510135#1f,,,,335740509#1f,176510135#1f,true
05596ce8916765524277,cross,1082312612#2r,158215196#1r,,,,1082312612#2r,158215196#1r,true
06f37e568b2f85f14440,cross,78147635#1f,158007908#1r,,,,78147635#1f,158007908#1r,true
06f71d2de1cd937d53c2,cross,164338247#4r,177590092#1f,,,,164338247#4r,177590092#1f,true
072d732e5a919d8506fa,cross,1549110518#1f,1549110517#1f,,,,1549110518#1f,1549110517#1f,true
0739d2db845c446027ab,cross,1001561438#1r,851792658#2r,,,,1001561438#1r,851792658#2r,true
088bf96193769d92bb76,cross,177429338#1f,120062667#1f,,,,177429338#1f,120062667#1f,true
08a23e99617ff5ba678e,cross,448285212#1r,449281220#1f,,,,448285212#1r,449281220#1f,true
08af588c0235e12269af,cross,165636039#1f,1470365899#1f,,,,165636039#1f,1470365899#1f,true
098cd4b1d93713ce77f5,cross,176395399#1f,1327492342#1f,,,,176395399#1f,1327492342#1f,true
09cf823a9571d9626384,cross,1202747623#1r,158215178#1r,,,,1202747623#1r,158215178#1r,true
0a09769d343e513ef371,cross,176334444#1f,176334441#1r,,,,176334444#1f,176334441#1r,true
0ba722aaec7e6e77b726,cross,690914551#2f,278143571#1r,,,,690914551#2f,278143571#1r,true
0d9601d7bf2df17e0f0c,cross,182694289#1f,78147640#1f,,,,182694289#1f,78147640#1f,true
0e2b29d53e93a1a7e609,cross,78147639#1r,158007908#1r,,,,78147639#1r,158007908#1r,true
0e2efb79ed5d21da8db9,cross,1019174509#1f,120062665#1f,,,,1019174509#1f,120062665#1f,true
0e65e5e6f54013d915b5,cross,156242237#2f,182699444#1f,,,,156242237#2f,182699444#1f,true
0ed4006b589348bad3c2,cross,92627403#1r,92627418#1f,,,,92627403#1r,92627418#1f,true
0f488144da0794b4ceda,cross,95449778#1r,943188283#1f,,,,95449778#1r,943188283#1f,true
0f728625acad2e41e170,cross,201009264#3f,176395396#1f,,,,201009264#3f,176395396#1f,true
1019e2013e567f542f90,cross,78147635#1f,166558488#1r,,,,78147635#1f,166558488#1r,true
108030f1b1b2caa7ec2e,cross,92627405#1r,353889272#1f,,,,92627405#1r,353889272#1f,true
108549b1790cdd3baba1,cross,177546829#1r,939532441#1r,,,,177546829#1r,939532441#1r,true
1093b4a1c6769a896dbc,cross,4230186#3f,177590092#1r,,,,4230186#3f,177590092#1r,true
1224fbaf4e1fd03fb02f,cross,155085108#1f,92627433#1r,,,,155085108#1f,92627433#1r,true
139afd25573954edd9aa,cross,1549110517#1f,449281220#1f,,,,1549110517#1f,449281220#1f,true
14ea45e85d0606d7ca45,cross,1202747623#1f,158215178#1r,,,,1202747623#1f,158215178#1r,true
17397d11df75c0e52b42,cross,93091312#1f,177045628#1f,,,,93091312#1f,177045628#1f,true
1774106594d150102671,cross,120113156#1r,120062666#1f,,,,120113156#1r,120062666#1f,true
1776f61069ce6ce97e44,cross,93137594#1f,200502322#2f,,,,93137594#1f,200502322#2f,true
17ae3b8cb2621ce56d2d,cross,41929969#1r,4230891#4f,,,,41929969#1r,4230891#4f,true
181714f0d90b76c4b4d4,cross,155085121#5f,944079968#1f,,,,155085121#5f,944079968#1f,true
192b2b5be4fb27039bcb,cross,201009264#1f,176395396#1f,,,,201009264#1f,176395396#1f,true
1977ee00c47d92ac32e7,cross,1327492339#1f,120114107#1r,,,,1327492339#1f,120114107#1r,true
1a4f157c64813e4a27da,cross,851792659#1f,92627433#1r,,,,851792659#1f,92627433#1r,true
1a5c77d0788e23e11e45,cross,503550462#1f,503550463#1f,,,,503550462#1f,503550463#1f,true
1ad18cd7d7e6e538ea28,cross,160004399#2f,160004398#1r,,,,160004399#2f,160004398#1r,true
1af7b5edc20a4d41c0d7,cross,159170450#1f,120114108#1f,,,,159170450#1f,120114108#1f,true
1d97a1c4b8bb9feb9d46,cross,78147635#1r,166558488#1r,,,,78147635#1r,166558488#1r,true
1dbbb1538da84aab9d3e,cross,1549110515#1f,1549110516#5f,,,,1549110515#1f,1549110516#5f,true
1e3781df23b6cb9d9b3c,cross,503753417#1f,121380669#1r,,,,503753417#1f,121380669#1r,true
1e55dca04e2768d63b16,cross,851792659#1r,92627433#1r,,,,851792659#1r,92627433#1r,true
2188a11d7da634f15f99,cross,320117832#1f,1024523795#1f,,,,320117832#1f,1024523795#1f,true
2259f9998578bbda38da,cross,95449778#1f,943188283#1f,,,,95449778#1f,943188283#1f,true
228d0cd40c5b5ac0034a,cross,177052168#1r,158215176#1f,,,,177052168#1r,158215176#1f,true
2301158d4968c79bb778,cross,360063232#1r,1549110527#1f,,,,360063232#1r,1549110527#1f,true
2313d17ce4cabe11b42b,cross,176510134#1f,176510131#1f,,,,176510134#1f,176510131#1f,true
23385cd15f40c9334984,cross,120062660#1f,120062272#1f,,,,120062660#1f,120062272#1f,true
2358b0786aa067d42ff7,cross,1549110517#1r,449281220#1f,,,,1549110517#1r,449281220#1f,true
24974201565b3e6b0390,cross,176334444#1f,176334441#1f,,,,176334444#1f,176334441#1f,true
24cd5bb869edfb7554d4,cross,157719645#7r,177590090#1f,,,,157719645#7r,177590090#1f,true
24d7cef650a05ba84005,cross,278143574#3f,278143571#1r,,,,278143574#3f,278143571#1r,true
25318f4dbb4e2d4a09c5,cross,952419569#1f,80378486#1f,,,,952419569#1f,80378486#1f,true
257245d7fe80ab0a11ba,cross,177546829#1r,939532441#1f,,,,177546829#1r,939532441#1f,true
27b14c001437aedb4261,cross,92627414#2f,503550463#1f,,,,92627414#2f,503550463#1f,true
28154abb3dffe961fe0e,cross,448285212#1f,449281220#1f,,,,448285212#1f,449281220#1f,true
283cd0ed5ef209130286,cross,166399487#3r,177231047#1r,,,,166399487#3r,177231047#1r,true
2892986a7176d85e8b21,cross,254596486#1f,78149827#1r,,,,254596486#1f,78149827#1r,true
28f6ee35c28b4f5b6543,cross,93137606#1f,176752959#1r,,,,93137606#1f,176752959#1r,true
293619cad2abe1ea838a,cross,169297863#1r,4227218#1f,,,,169297863#1r,4227218#1f,true
2b44922b020e6868b5d1,cross,1549110518#1f,1549110517#1r,,,,1549110518#1f,1549110517#1r,true
2bac32ba06e4c917a00f,cross,220547252#1f,200496088#1f,,,,220547252#1f,200496088#1f,true
2bffd8bd47e6ed8b2f3a,cross,1212029941#1f,176334441#1f,,,,1212029941#1f,176334441#1f,true
2cf71eed665139b84e4e,cross,166399487#2f,177231047#1f,,,,166399487#2f,177231047#1f,true
2cf72ce794e6018d5aef,cross,254596486#1r,78149827#1f,,,,254596486#1r,78149827#1f,true
2d13e3b343d3e42f8280,cross,166399487#2r,177231047#1f,,,,166399487#2r,177231047#1f,true
2d21e1446cb298b4cfd6,cross,166009794#3f,177590092#1f,,,,166009794#3f,177590092#1f,true
2d5d4ef4546f9e8929ad,cross,176130562#1f,158215176#1f,,,,176130562#1f,158215176#1f,true
2dd767c7fbacefd2dc72,cross,201009264#1r,176395396#1f,,,,201009264#1r,176395396#1f,true
2eb525e2f685e4ab30d3,cross,120113156#2r,946562629#1f,,,,120113156#2r,946562629#1f,true
2f948ff0752dc31fa5a2,cross,254596486#1f,78149827#1f,,,,254596486#1f,78149827#1f,true
2ffe49da4abf16b7f5f0,cross,177396440#1r,939532441#1r,,,,177396440#1r,939532441#1r,true
31051624b239cd7152f2,cross,157719645#8r,177590090#1r,,,,157719645#8r,177590090#1r,true
31a8cdabf1fe0055f46c,cross,254596486#1r,78149827#1r,,,,254596486#1r,78149827#1r,true
31ab104846a7a46e9547,cross,834313093#4r,158007908#1r,,,,834313093#4r,158007908#1r,true
3273aad1d17cf9d3dda4,cross,166399487#3f,177231047#1r,,,,166399487#3f,177231047#1r,true
3297d60596b35fb0bcc9,cross,1001561438#1r,1453165194#2r,,,,1001561438#1r,1453165194#2r,true
34feb3370753f13ae1e1,cross,164338222#1f,78141881#1r,,,,164338222#1f,78141881#1r,true
367a213b5c07a90f71b8,cross,169297863#1f,93091315#1f,,,,169297863#1f,93091315#1f,true
36c378eae48c2585c9eb,cross,166399486#2f,1453165194#1f,,,,166399486#2f,1453165194#1f,true
37495a0b254e4cc03ba2,cross,1082312612#2f,158215196#1r,,,,1082312612#2f,158215196#1r,true
38a995c453173a55866e,cross,176774211#2r,80378485#1f,,,,176774211#2r,80378485#1f,true
395c83c73cd9900b79f9,cross,1549110515#1f,1549110516#5r,,,,1549110515#1f,1549110516#5r,true
3b12cc6cb65cce940bcc,cross,1233853668#1f,177231047#1f,,,,1233853668#1f,177231047#1f,true
3b53b128a7aa6e10277a,cross,360063232#1f,1549110527#1f,,,,360063232#1f,1549110527#1f,true
3b55a5e243bfa5999f6c,cross,201009264#3r,1549110516#1r,,,,201009264#3r,1549110516#1r,true
3b5acd278eefd7dc7cee,cross,688744015#2f,688744016#1f,,,,688744015#2f,688744016#1f,true
3d4272dfb3264499abfc,cross,1197885781#1f,1197885780#1f,,,,1197885781#1f,1197885780#1f,true
3d82d86c51da7aac4f9f,cross,1001561438#1r,1453165194#2f,,,,1001561438#1r,1453165194#2f,true
3dd528cff5ef4987e1d5,cross,834313093#4f,158007908#1f,,,,834313093#4f,158007908#1f,true
3e55f1ac7a36291131a7,cross,688731312#1f,688744016#1f,,,,688731312#1f,688744016#1f,true
3fbaaaccf226c5d40b39,cross,93137606#1r,78141884#1r,,,,93137606#1r,78141884#1r,true
3fd8bc9989c0a625f2e2,cross,182694289#1r,78147640#1r,,,,182694289#1r,78147640#1r,true
3fe46b881081b9fb6fa0,cross,166399486#2f,1453165194#1r,,,,166399486#2f,1453165194#1r,true
401770e3197d46e5ad36,cross,93137606#1f,78141884#1r,,,,93137606#1f,78141884#1r,true
40bd0fd1abf20c42529a,cross,92627414#2f,503550463#1r,,,,92627414#2f,503550463#1r,true
4101fca20da0734680d9,cross,503090216#1f,239592573#1f,,,,503090216#1f,239592573#1f,true
411c46ce89a5f2748b0f,cross,92627422#1f,92627421#1f,,,,92627422#1f,92627421#1f,true
425ae1f84d80092134e0,cross,201009264#3f,1549110516#1f,,,,201009264#3f,1549110516#1f,true
42d402420f4e601eef47,cross,1197885781#1f,1197885780#1r,,,,1197885781#1f,1197885780#1r,true
44c7933392209ac4ca8f,cross,176334446#2f,92627415#1f,,,,176334446#2f,92627415#1f,true
4512bbc1685576e50c05,cross,503550462#1f,503550463#1r,,,,503550462#1f,503550463#1r,true
4656142c7c69ab0e9035,cross,1452634279#1f,120062665#1f,,,,1452634279#1f,120062665#1f,true
46a6d25babaef642d6ad,cross,160004399#2f,160004398#1f,,,,160004399#2f,160004398#1f,true
473d7f1ccff31512018e,cross,176577460#7r,80377817#2f,,,,176577460#7r,80377817#2f,true
47cb4dc85ed9e930e224,cross,176477341#1f,254596489#1r,,,,176477341#1f,254596489#1r,true
4931bb025e67b21d85ba,cross,165636031#1r,39839530#1f,,,,165636031#1r,39839530#1f,true
4a290afa5a9ce494499f,cross,95449780#1f,4229326#1f,,,,95449780#1f,4229326#1f,true
4a35af2a70c4ea7ff787,cross,92627436#1f,1549110514#1f,,,,92627436#1f,1549110514#1f,true
4a4d33ff01958b706eef,cross,157719645#7r,177590090#1r,,,,157719645#7r,177590090#1r,true
4ad47219671a1c7f102c,cross,176477341#1f,176477349#1f,,,,176477341#1f,176477349#1f,true
4ae224d5454f85efde28,cross,159170450#1r,120114108#1f,,,,159170450#1r,120114108#1f,true
4ba4ac758c5f5bc4a253,cross,1202747623#2r,503550463#1f,,,,1202747623#2r,503550463#1f,true
4be6f880d28534046ea7,cross,201011053#2f,1327492343#1f,,,,201011053#2f,1327492343#1f,true
4c2afd004f02f5a160b2,cross,176774211#2f,80378485#1f,,,,176774211#2f,80378485#1f,true
4d10754d3c561936b5da,cross,1202747622#2r,158215176#1r,,,,1202747622#2r,158215176#1r,true
4d9a2fe726d492d0f81f,cross,159170540#1f,120062666#1f,,,,159170540#1f,120062666#1f,true
4da61cf9eaf5be1074fc,cross,1001561438#1r,851792658#2f,,,,1001561438#1r,851792658#2f,true
4dbcf56ae5a32d703a40,cross,92627403#1f,92627418#1r,,,,92627403#1f,92627418#1r,true
4e1dbd6c29a6d9c5018d,cross,176477341#1f,254596489#1f,,,,176477341#1f,254596489#1f,true
4e921c1246660a63b849,cross,160004399#2r,160004398#1r,,,,160004399#2r,160004398#1r,true
4f8872a4b1d6967b3353,cross,297420990#1f,278143571#1f,,,,297420990#1f,278143571#1f,true
50dd4eca25c54818d717,cross,196538402#1f,166856355#1r,,,,196538402#1f,166856355#1r,true
5136d13f4634663051a5,cross,435062251#1f,1001561436#1f,,,,435062251#1f,1001561436#1f,true
513bb99ef6f5a76fe18d,cross,1024523798#1f,1024523797#1f,,,,1024523798#1f,1024523797#1f,true
5168502395d684d43915,cross,182694289#1f,78147640#1r,,,,182694289#1f,78147640#1r,true
5270981a3766de0b33e5,cross,1024393367#1f,120062663#1f,,,,1024393367#1f,120062663#1f,true
5276ccf6d37fa4a40ac0,cross,92627403#1r,78149827#1f,,,,92627403#1r,78149827#1f,true
5355e6f1396749fc0a1d,cross,165636031#1f,39839530#1f,,,,165636031#1f,39839530#1f,true
53d429ea631657f5856c,cross,690914550#1f,278143571#1r,,,,690914550#1f,278143571#1r,true
54cef3ff55e6c2653469,cross,1001561438#1f,1453165194#2f,,,,1001561438#1f,1453165194#2f,true
54d2523d4113962f80c2,cross,834313093#4f,158007908#1r,,,,834313093#4f,158007908#1r,true
55bd69bc707bfe5bcf55,cross,157719645#8f,177590090#1f,,,,157719645#8f,177590090#1f,true
55bf3fd2448c1b1115f7,cross,157719645#7f,177590090#1r,,,,157719645#7f,177590090#1r,true
569c80224a428bfec1f8,cross,92627403#1f,92627418#1f,,,,92627403#1f,92627418#1f,true
58b906766863bdb08baa,cross,128273234#1f,128273231#1r,,,,128273234#1f,128273231#1r,true
595adc853062a5fa2d9f,cross,278143574#3f,278143571#1f,,,,278143574#3f,278143571#1f,true
597e21372644c1d8429c,cross,688731299#3f,944079968#1f,,,,688731299#3f,944079968#1f,true
5a5c83996d7728b1207e,cross,1212029941#1r,176334441#1r,,,,1212029941#1r,176334441#1r,true
5b8fe95512b080462b85,cross,161882799#1f,158007914#1f,,,,161882799#1f,158007914#1f,true
5bdceebb9d375e5372ef,cross,166009792#6r,120113157#1r,,,,166009792#6r,120113157#1r,true
5c7dc8d14b2beb39048a,cross,4230106#3f,128273231#1f,,,,4230106#3f,128273231#1f,true
5ca817357d16bbaebe47,cross,165636031#1r,93091311#1f,,,,165636031#1r,93091311#1f,true
5caa97ecf9fbebdd8297,cross,78147635#1r,158007908#1r,,,,78147635#1r,158007908#1r,true
5cd52a2b66d9adfac438,cross,176395397#1f,176334441#1r,,,,176395397#1f,176334441#1r,true
5db94862b8b1a29fb58d,cross,1019174509#2f,120113158#1f,,,,1019174509#2f,120113158#1f,true
5e464ee3eefb25397fdf,cross,4227242#1f,80378485#1f,,,,4227242#1f,80378485#1f,true
5ea837fddd8e483c1abc,cross,176577460#7f,4229292#1f,,,,176577460#7f,4229292#1f,true
5fb8abbb409c5ef511db,cross,718025935#1f,182699444#1f,,,,718025935#1f,182699444#1f,true
6097cb84a068f719dd07,cross,95449780#1f,4229327#1r,,,,95449780#1f,4229327#1r,true
60b6c822edee2f846452,cross,851792659#1r,92627433#1f,,,,851792659#1r,92627433#1f,true
60f6554426c05af5fffd,cross,92627436#1r,1549110514#1r,,,,92627436#1r,1549110514#1r,true
6147b23cc9281718cea5,cross,176800137#1f,254596489#1r,,,,176800137#1f,254596489#1r,true
624f0fc4a3b4fb7a2ed9,cross,92627427#1f,157719653#1f,,,,92627427#1f,157719653#1f,true
62de4ed90fa37a88cead,cross,143536261#3f,120113157#1r,,,,143536261#3f,120113157#1r,true
631d00351c2eb24bb2ae,cross,1212029941#1r,176334441#1f,,,,1212029941#1r,176334441#1f,true
63491c36599a9e614372,cross,92627405#1f,254596487#1f,,,,92627405#1f,254596487#1f,true
64d92a4790b6e3fcf67f,cross,1549110515#1r,1549110516#5f,,,,1549110515#1r,1549110516#5f,true
653cac6a9aa18a0ac13c,cross,120113156#2r,946562629#1r,,,,120113156#2r,946562629#1r,true
65adc5fdcdbcfc24dc5c,cross,320117832#1f,320117831#1f,,,,320117832#1f,320117831#1f,true
6874931e94a7ed8f7da9,cross,297420990#1f,278143571#1r,,,,297420990#1f,278143571#1r,true
68efe847b4766a768f82,cross,95449780#1r,4229327#1f,,,,95449780#1r,4229327#1f,true
6a395b093f4340577e61,cross,176800137#1f,254596489#1f,,,,176800137#1f,254596489#1f,true
6a507c0f5ac11da2d276,cross,165636031#1f,80378485#1f,,,,165636031#1f,80378485#1f,true
6add017c79d96736da5e,cross,161752639#2r,161752642#1r,,,,161752639#2r,161752642#1r,true
6b8b8955f08c9e3daa23,cross,157719645#7f,177590090#1f,,,,157719645#7f,177590090#1f,true
6c7990dc9ea0f785e007,cross,176752959#1f,254596489#1f,,,,176752959#1f,254596489#1f,true
6dd81ff9007a1f29a6b0,cross,167625751#1f,167625746#1f,,,,167625751#1f,167625746#1f,true
6ded13f22d1dff4a7158,cross,41929969#1f,4230891#4r,,,,41929969#1f,4230891#4r,true
6ed781cf73da01dd0e92,cross,93091317#1f,93091314#1f,,,,93091317#1f,93091314#1f,true
6f00752df231d87e9c9d,cross,92627431#1f,503783369#1f,,,,92627431#1f,503783369#1f,true
6f1b8775420cff839957,cross,503753417#1r,121380669#1r,,,,503753417#1r,121380669#1r,true
708f118b8b3f196ba451,cross,92627436#1r,1549110514#1f,,,,92627436#1r,1549110514#1f,true
70f54a1e907881b65ef9,cross,834185365#1f,1197885780#1r,,,,834185365#1f,1197885780#1r,true
718769b8e2ec99825f7e,cross,166009792#6r,120113157#1f,,,,166009792#6r,120113157#1f,true
722069c533e538ac56cd,cross,161752639#2f,161752642#1r,,,,161752639#2f,161752642#1r,true
7284b45af546a2e8a510,cross,176395397#1f,176334441#1f,,,,176395397#1f,176334441#1f,true
72b1b4a653fade010a7c,cross,155085109#1f,944079968#1f,,,,155085109#1f,944079968#1f,true
73bdf73c22b6c7d3c785,cross,952419573#1f,80378486#1f,,,,952419573#1f,80378486#1f,true
744a6ad92ef6f2c13862,cross,166009794#3f,177590092#1r,,,,166009794#3f,177590092#1r,true
74eb11065b71a8058eff,cross,177396440#1r,939532441#1f,,,,177396440#1r,939532441#1f,true
768b65a54e435cfe146d,cross,164338222#1r,78141881#1r,,,,164338222#1r,78141881#1r,true
773741d79ada99d2608c,cross,155085121#4f,944079968#1f,,,,155085121#4f,944079968#1f,true
7926fe11baa7cdc75643,cross,95449778#1r,943188283#1r,,,,95449778#1r,943188283#1r,true
7947b6d72ab2baafcd34,cross,176577460#7r,4229292#1f,,,,176577460#7r,4229292#1f,true
79fe27eabd8fbb2ecbe1,cross,92627427#1r,157719653#1f,,,,92627427#1r,157719653#1f,true
7a50ed08958c93e4d9be,cross,93137594#1f,176477344#1f,,,,93137594#1f,176477344#1f,true
7a715815d38b491152be,cross,1410590320#1f,944079968#1f,,,,1410590320#1f,944079968#1f,true
7a926c488754c8b8276c,cross,1019174499#1f,353889383#1f,,,,1019174499#1f,353889383#1f,true
7a92a0eb9eb2a7821fc5,cross,176395399#1f,176395396#1f,,,,176395399#1f,176395396#1f,true
7aaaeb2732a70199a06a,cross,4227277#2f,93091321#1f,,,,4227277#2f,93091321#1f,true
7ad0f107e5b0224f3f51,cross,503462470#1r,80378486#1f,,,,503462470#1r,80378486#1f,true
7b7ee8aab17eefd20b59,cross,690131582#1f,690131583#1f,,,,690131582#1f,690131583#1f,true
7c517242f187c4b1df6f,cross,95449778#1f,943188283#1r,,,,95449778#1f,943188283#1r,true
7e2dd26c2e9591f5a6d2,cross,92627405#1r,25103769#1f,,,,92627405#1r,25103769#1f,true
7f3a0ca6464ce752b96c,cross,1549110515#1r,1549110516#5r,,,,1549110515#1r,1549110516#5r,true
7fb3c5b347394dc3c92b,cross,158189827#1f,200496088#1f,,,,158189827#1f,200496088#1f,true
808bb047b9bf1d1b04f7,cross,92627431#1r,503783369#1f,,,,92627431#1r,503783369#1f,true
80f7353c0e344034fc12,cross,4227164#2f,93091315#1f,,,,4227164#2f,93091315#1f,true
8135fd37379052963f1c,cross,92627431#1f,503783369#1r,,,,92627431#1f,503783369#1r,true
818e1cce3efc286931db,cross,93137606#1f,78141884#1f,,,,93137606#1f,78141884#1f,true
83c6ab81b545a84d5530,cross,161752639#2f,161752642#1f,,,,161752639#2f,161752642#1f,true
84a6d410440ba080debe,cross,177546829#1f,939532441#1f,,,,177546829#1f,939532441#1f,true
8546b0df2ce6c5beaf63,cross,1024523798#1f,1024523797#1r,,,,1024523798#1f,1024523797#1r,true
85ba87f2483ef8b8daca,cross,833633729#1f,158215196#2f,,,,833633729#1f,158215196#2f,true
87b89aef49e149f9430d,cross,177396440#1f,939532441#1f,,,,177396440#1f,939532441#1f,true
88e8247fa5e395bc57a8,cross,1233853668#1f,177231047#1r,,,,1233853668#1f,177231047#1r,true
8dc9418a22a917bb9f31,cross,1001561438#1f,851792658#2r,,,,1001561438#1f,851792658#2r,true
8f9f845c947e508bfd03,cross,166399487#3r,177231047#1f,,,,166399487#3r,177231047#1f,true
8fba277ca4cd87c4c737,cross,196538402#1f,166856355#1f,,,,196538402#1f,166856355#1f,true
9058aaa3561e960f9ba3,cross,92627427#1r,157719653#1r,,,,92627427#1r,157719653#1r,true
90e9fb03a4980ba430c3,cross,155085108#1r,92627433#1r,,,,155085108#1r,92627433#1r,true
923e33efc001291938b3,cross,177546829#1f,939532441#1r,,,,177546829#1f,939532441#1r,true
932b0b8ec61b4eefed25,cross,161629440#1f,624357051#1f,,,,161629440#1f,624357051#1f,true
9330d2977323e05d63d1,cross,92627431#1r,503783369#1r,,,,92627431#1r,503783369#1r,true
935df54186edd4c84c4a,cross,849737729#1r,158215178#1f,,,,849737729#1r,158215178#1f,true
93a0829453c4fb0027b3,cross,1202747623#2f,503550463#1r,,,,1202747623#2f,503550463#1r,true
93cf31160ce6f2230dcf,cross,172533153#2f,93091321#1f,,,,172533153#2f,93091321#1f,true
94194918cad6268770a1,cross,1283578084#1f,120062666#1r,,,,1283578084#1f,120062666#1r,true
957bbae33cc62a3c4ecd,cross,120062664#1f,120062662#1f,,,,120062664#1f,120062662#1f,true
961d16f473ee15aeaa03,cross,201009264#3r,176395396#1f,,,,201009264#3r,176395396#1f,true
962abe7bba54af0d5ee5,cross,92627427#1r,92627418#1f,,,,92627427#1r,92627418#1f,true
964c20d24055e36b4b90,cross,1024523798#1r,1024523797#1f,,,,1024523798#1r,1024523797#1f,true
971fa427ede758a2ce46,cross,503753417#1f,121380669#1f,,,,503753417#1f,121380669#1f,true
987321ccc1738644cda8,cross,166399486#2r,1453165194#1r,,,,166399486#2r,1453165194#1r,true
9937f84ceb90d0054b25,cross,1202747623#1r,158215178#1f,,,,1202747623#1r,158215178#1f,true
995e19c1e76d0b8d9872,cross,1202747622#2f,158215176#1f,,,,1202747622#2f,158215176#1f,true
9968a9d1b0e36d88539a,cross,95449780#1r,4229326#1f,,,,95449780#1r,4229326#1f,true
99705ec2817816ec1614,cross,160004393#1f,1230247123#1f,,,,160004393#1f,1230247123#1f,true
99b1eac2f1ac08900573,cross,92627403#1r,78149827#1r,,,,92627403#1r,78149827#1r,true
99b1fb318eb7defc6fc3,cross,1327492341#1f,176395396#1f,,,,1327492341#1f,176395396#1f,true
9c3562c626b3543f5a72,cross,177396046#1f,320117831#1f,,,,177396046#1f,320117831#1f,true
9cec71dfe5db9797e014,cross,1001561438#1f,1453165194#2r,,,,1001561438#1f,1453165194#2r,true
9d46960de33d7a65b073,cross,177052168#1f,158215176#1f,,,,177052168#1f,158215176#1f,true
9d9c7bf88a99ad34a22f,cross,177396049#1f,177396051#1f,,,,177396049#1f,177396051#1f,true
9e2739cf53ce3b207317,cross,160004393#1f,1230247123#1r,,,,160004393#1f,1230247123#1r,true
9eae7edbe0aed0e8fb15,cross,93137606#1r,176752959#1r,,,,93137606#1r,176752959#1r,true
9f43ac6f7d8891801efa,cross,92627405#1f,353889276#1f,,,,92627405#1f,353889276#1f,true
9f440fb6cac347e0bd99,cross,688744015#2f,688744016#1r,,,,688744015#2f,688744016#1r,true
9f62c46a6e9a9c269ad6,cross,851792659#1f,92627433#1f,,,,851792659#1f,92627433#1f,true
9f922bb0c1346117f2f4,cross,167625750#1f,167625746#1f,,,,167625750#1f,167625746#1f,true
a03fbb94117eb5ee4ed0,cross,1212029940#1f,177380385#1f,,,,1212029940#1f,177380385#1f,true
a28b1bf3f83db1023243,cross,1001561438#1f,851792658#2f,,,,1001561438#1f,851792658#2f,true
a35a5fce90207a94c185,cross,157719645#8r,177590090#1f,,,,157719645#8r,177590090#1f,true
a3981071c72062fd6c4a,cross,166856356#1r,166856355#1r,,,,166856356#1r,166856355#1r,true
a419e3f6cab419b3a220,cross,93091318#1f,4227218#2f,,,,93091318#1f,4227218#2f,true
a434063c217ddbe5a41b,cross,120062658#1f,120062662#1f,,,,120062658#1f,120062662#1f,true
a43931dd283bc393f432,cross,158007925#1f,158007911#1f,,,,158007925#1f,158007911#1f,true
a57b979a3fae5910e734,cross,952419571#1f,120114107#1r,,,,952419571#1f,120114107#1r,true
a5ccf744a71af1c147ce,cross,166399486#1r,1453165194#1r,,,,166399486#1r,1453165194#1r,true
a707d4459bdd7ab0d2ec,cross,164338247#4f,177590092#1f,,,,164338247#4f,177590092#1f,true
a856074671d1e68a1113,cross,166399486#2r,1453165194#1f,,,,166399486#2r,1453165194#1f,true
a8ad95bddd059ac0589e,cross,177425460#1f,120062662#1f,,,,177425460#1f,120062662#1f,true
a8f0a80587d7f0f54761,cross,166856356#1f,166856355#1f,,,,166856356#1f,166856355#1f,true
a967fee20212b9027892,cross,155085109#1r,944079968#1f,,,,155085109#1r,944079968#1f,true
a97413d494ca46fa1d03,cross,92627427#1r,92627418#1r,,,,92627427#1r,92627418#1r,true
a976ac9a1e9a2c645075,cross,165636031#1f,93091311#1f,,,,165636031#1f,93091311#1f,true
a9ada3f49fd6a637e227,cross,176130562#2f,448186712#1f,,,,176130562#2f,448186712#1f,true
a9f4e3b63ce967ea5d65,cross,201009264#3f,1549110516#1r,,,,201009264#3f,1549110516#1r,true
ac7c4fe88113482ba942,cross,176974531#1f,176395396#1f,,,,176974531#1f,176395396#1f,true
ade07de816dd32423402,cross,169297863#1f,4227218#1f,,,,169297863#1f,4227218#1f,true
aecc313b89c0304dd81c,cross,849737729#1f,158215178#1r,,,,849737729#1f,158215178#1r,true
aefbdd650ae8af462f4c,cross,164338247#4r,177590092#1r,,,,164338247#4r,177590092#1r,true
af14073089308441c55a,cross,93137606#1r,78141884#1f,,,,93137606#1r,78141884#1f,true
af2854a9adba9b9eae05,cross,120113156#2f,946562629#1r,,,,120113156#2f,946562629#1r,true
b08575e1578dfaf5c1c1,cross,4230106#3r,128273231#1f,,,,4230106#3r,128273231#1f,true
b08927ed92744bf70dd8,cross,4230106#3r,128273231#1r,,,,4230106#3r,128273231#1r,true
b0b516d3e3b7601027f2,cross,423632259#3f,80378485#1f,,,,423632259#3f,80378485#1f,true
b1d4af585adaa73f7eb9,cross,120113156#1f,120062666#1f,,,,120113156#1f,120062666#1f,true
b26d54e23a171b170174,cross,78147635#1r,158007908#1f,,,,78147635#1r,158007908#1f,true
b2f3742a5a07eb995b32,cross,1549110518#1r,1549110517#1f,,,,1549110518#1r,1549110517#1f,true
b33c855fc99c8db673c3,cross,220547252#1r,200496088#1f,,,,220547252#1r,200496088#1f,true
b3474551361711dcd485,cross,41929969#1f,4230891#4f,,,,41929969#1f,4230891#4f,true
b47cefb919b68ee95ec6,cross,1202747623#2r,503550463#1r,,,,1202747623#2r,503550463#1r,true
b4899f224d6ff30b6aa3,cross,93137594#1f,176752959#1f,,,,93137594#1f,176752959#1f,true
b73c5e46be5898078a39,cross,503753417#1r,121380669#1f,,,,503753417#1r,121380669#1f,true
b748e1b0e0fa5af3cf7d,cross,120113156#1f,120062666#1r,,,,120113156#1f,120062666#1r,true
b7505a90000c5495226b,cross,353889272#1f,1470365904#1f,,,,353889272#1f,1470365904#1f,true
b780b27f95b1fd9dbc0e,cross,164338222#1f,78141881#1f,,,,164338222#1f,78141881#1f,true
b798524322aebbec0b00,cross,92627405#1f,353889272#1f,,,,92627405#1f,353889272#1f,true
b857085a0a9c10599fc3,cross,177052168#1f,158215176#1r,,,,177052168#1f,158215176#1r,true
b92a74b97893e92adfec,cross,25103769#1f,1470365903#1f,,,,25103769#1f,1470365903#1f,true
b93abd1978dae90efd06,cross,120113156#1r,120062666#1r,,,,120113156#1r,120062666#1r,true
ba3b18bff7769443e777,cross,952419571#1f,120114107#1f,,,,952419571#1f,120114107#1f,true
bc446b82be516a993cbe,cross,1327492341#1f,80378486#1f,,,,1327492341#1f,80378486#1f,true
bce07f96bf30cda176c4,cross,1233853668#1r,177231047#1r,,,,1233853668#1r,177231047#1r,true
bd32d071a143fb070c0a,cross,93137594#1f,176752959#1r,,,,93137594#1f,176752959#1r,true
bd7744cbf96fd8ce4509,cross,159170525#3f,176510135#1f,,,,159170525#3f,176510135#1f,true
bdad65f160bdc4a36fc6,cross,1082312612#2f,158215196#1f,,,,1082312612#2f,158215196#1f,true
be86101e93bcd8e0b8c2,cross,4230186#3f,177590092#1f,,,,4230186#3f,177590092#1f,true
bfe419bc7d9bb64f378f,cross,160004399#2r,160004398#1f,,,,160004399#2r,160004398#1f,true
c176afda3f3505922a13,cross,33749606#1f,168959164#1f,,,,33749606#1f,168959164#1f,true
c1a03b5cc45908f0c98a,cross,1019174509#1f,120113158#1f,,,,1019174509#1f,120113158#1f,true
c1e4c2b7fcc2a50fa1fc,cross,1233853668#1r,177231047#1f,,,,1233853668#1r,177231047#1f,true
c2ed6ea292a1651e264c,cross,360063233#2r,449281220#1f,,,,360063233#2r,449281220#1f,true
c2f3863acd2115a4d4f7,cross,1024523798#1r,1024523797#1r,,,,1024523798#1r,1024523797#1r,true
c33665dc12fc5defbf42,cross,92627405#1r,353889276#1f,,,,92627405#1r,353889276#1f,true
c402d1ca8f2582e5ce1b,cross,92627405#1f,254596487#1r,,,,92627405#1f,254596487#1r,true
c5360e4c2cf894267bf6,cross,176395397#1f,176395396#1f,,,,176395397#1f,176395396#1f,true
c5cbfbd933eaf5ca216b,cross,93137606#1f,176752959#1f,,,,93137606#1f,176752959#1f,true
c724288b30afb22941f6,cross,166399486#1r,1453165194#1f,,,,166399486#1r,1453165194#1f,true
c741b4ca6c256e43c44a,cross,92627405#1r,254596487#1r,,,,92627405#1r,254596487#1r,true
c74f8dabb0774a991e62,cross,159170522#1f,120062665#1f,,,,159170522#1f,120062665#1f,true
c766d076c213274b7694,cross,624357054#1f,4230083#1f,,,,624357054#1f,4230083#1f,true
c76e6ed26cf9c695837e,cross,690914551#2f,278143571#1f,,,,690914551#2f,278143571#1f,true
c78c6292803ee2d7d590,cross,423632269#1f,1203858294#1f,,,,423632269#1f,1203858294#1f,true
c7f2b6b588dbead342b0,cross,360063232#1r,1549110527#1r,,,,360063232#1r,1549110527#1r,true
c803f47c52f684419872,cross,690914551#2r,278143571#1f,,,,690914551#2r,278143571#1f,true
c828c3147d4a0b0592ef,cross,128273234#1f,128273231#1f,,,,128273234#1f,128273231#1f,true
c8b3eabe9f4d6cca7c6e,cross,164338222#1r,78141881#1f,,,,164338222#1r,78141881#1f,true
cb15370e973779fd5c6c,cross,95449780#1f,4229327#1f,,,,95449780#1f,4229327#1f,true
cb5e30f6e84ba4054855,cross,41929969#1r,4230891#4r,,,,41929969#1r,4230891#4r,true
cbbdf88a561b3bd527cc,cross,169297863#1r,93091315#1f,,,,169297863#1r,93091315#1f,true
cbc5034179fdf6f419eb,cross,834185365#1f,1197885780#1f,,,,834185365#1f,1197885780#1f,true
cbd038c22d93b1300562,cross,1082312612#2r,158215196#1f,,,,1082312612#2r,158215196#1f,true
cca100b946ba5a740153,cross,78147635#1f,166558488#1f,,,,78147635#1f,166558488#1f,true
ccb76f7156bc0d340033,cross,95449780#1r,4229327#1r,,,,95449780#1r,4229327#1r,true
cce14b4e70a43257380b,cross,166399487#3f,177231047#1f,,,,166399487#3f,177231047#1f,true
cd1b899912315f4a5160,cross,1202747622#2f,158215176#1r,,,,1202747622#2f,158215176#1r,true
cd6a03b013ac8faa738a,cross,92627403#1f,78149827#1r,,,,92627403#1f,78149827#1r,true
cda086c09a551e82a47f,cross,155085108#1r,92627433#1f,,,,155085108#1r,92627433#1f,true
ceb10c2189f904a82435,cross,849737729#1r,158215178#1r,,,,849737729#1r,158215178#1r,true
cfec0f93444735db6749,cross,952419570#1f,1203858294#1f,,,,952419570#1f,1203858294#1f,true
cffb8e2b83a5cb98d08c,cross,93207287#1f,1019174498#1f,,,,93207287#1f,1019174498#1f,true
d05eadb4797d23867fc6,cross,166399487#2r,177231047#1r,,,,166399487#2r,177231047#1r,true
d28e3730fc06fd897135,cross,176757513#2f,93091314#1f,,,,176757513#2f,93091314#1f,true
d394af8938efdc4545c2,cross,503462465#2f,182699444#1f,,,,503462465#2f,182699444#1f,true
d4e6066d0bf93d3608a7,cross,834313093#4r,158007908#1f,,,,834313093#4r,158007908#1f,true
d4e7a5c2939ffab00826,cross,164338236#2f,946562629#1f,,,,164338236#2f,946562629#1f,true
d5020fd4fae2b9b8b524,cross,78147635#1r,166558488#1f,,,,78147635#1r,166558488#1f,true
d633ee0fc7486e1b3543,cross,182694289#1r,78147640#1f,,,,182694289#1r,78147640#1f,true
d669565df04ee32412ee,cross,120113156#2f,946562629#1f,,,,120113156#2f,946562629#1f,true
d75277bf8efaf5b737d8,cross,177396440#1f,939532441#1r,,,,177396440#1f,939532441#1r,true
d7cd56ce0731c8f25fa3,cross,1202747622#2r,158215176#1f,,,,1202747622#2r,158215176#1f,true
d88b9d6cb9d99d88ff2f,cross,92627427#1f,157719653#1r,,,,92627427#1f,157719653#1r,true
d9686abc07f7326cc1dc,cross,688731299#3r,944079968#1f,,,,688731299#3r,944079968#1f,true
d9e94eea57309301781c,cross,833633729#1r,158215196#2f,,,,833633729#1r,158215196#2f,true
da231e6addf14f643ce3,cross,92627427#1f,92627418#1f,,,,92627427#1f,92627418#1f,true
da37b3f6735a3d29db36,cross,166399486#1f,1453165194#1r,,,,166399486#1f,1453165194#1r,true
da77f1f3556efdd1b8c0,cross,95449780#1f,4229326#1r,,,,95449780#1f,4229326#1r,true
da9f46d79dcaf4d226af,cross,166856356#1f,166856355#1r,,,,166856356#1f,166856355#1r,true
daa69a143a99f2a63661,cross,360063232#1f,1549110527#1r,,,,360063232#1f,1549110527#1r,true
dae23ba5856483692ffb,cross,4230106#3f,128273231#1r,,,,4230106#3f,128273231#1r,true
db36594640c36c70551a,cross,166009792#6f,120113157#1r,,,,166009792#6f,120113157#1r,true
dc62fe48ac3df9053c5e,cross,92627436#1f,1549110514#1r,,,,92627436#1f,1549110514#1r,true
dc6ba206b2ce9da00f18,cross,833633729#1r,158215196#2r,,,,833633729#1r,158215196#2r,true
dd0e208cfad110095753,cross,92627403#1f,78149827#1f,,,,92627403#1f,78149827#1f,true
dd4e12810925bb30b285,cross,159170540#1f,120062666#1r,,,,159170540#1f,120062666#1r,true
dde4e7e37b1e5e5516dd,cross,159170450#1r,166643410#1f,,,,159170450#1r,166643410#1f,true
df27872aeada90590622,cross,177396049#1f,1024523795#1f,,,,177396049#1f,1024523795#1f,true
e03e61c51b0f1ab223f3,cross,165636031#1f,93091314#1f,,,,165636031#1f,93091314#1f,true
e25e45fe83a8e5092a5c,cross,690914551#2r,278143571#1r,,,,690914551#2r,278143571#1r,true
e2efd9db451b1a592114,cross,157719645#8f,177590090#1r,,,,157719645#8f,177590090#1r,true
e348d0c16d807af9df2a,cross,177052168#1r,158215176#1r,,,,177052168#1r,158215176#1r,true
e3c0c9c11dd94f49de8b,cross,690914550#1f,278143571#1f,,,,690914550#1f,278143571#1f,true
e3f3b37b77c2809bc22c,cross,93091312#1f,849737769#1f,,,,93091312#1f,849737769#1f,true
e4599c6cf6a36b5346db,cross,155085108#1f,92627433#1f,,,,155085108#1f,92627433#1f,true
e594ac805c62a07fd857,cross,176752959#1f,254596489#1r,,,,176752959#1f,254596489#1r,true
e723dda9133a6b2ca5f1,cross,165636031#1r,80378485#1f,,,,165636031#1r,80378485#1f,true
e73bde2e7f15ebdc1cd7,cross,1327492340#1f,1203858295#1f,,,,1327492340#1f,1203858295#1f,true
e79a64b436d5244978b4,cross,176800137#1f,176477349#1f,,,,176800137#1f,176477349#1f,true
e8b481017322d4b16b7e,cross,93207286#1f,4230081#4f,,,,93207286#1f,4230081#4f,true
e91dd6870a1909647a03,cross,120062664#1f,177429339#1f,,,,120062664#1f,177429339#1f,true
e9bbdb9898219c4bc1b4,cross,160004393#1r,1230247123#1f,,,,160004393#1r,1230247123#1f,true
ea3066311d6069a4b737,cross,92627403#1r,92627418#1r,,,,92627403#1r,92627418#1r,true
ed1f6d98d3c8da61f776,cross,158007921#1f,158007920#1f,,,,158007921#1f,158007920#1f,true
ee71a299bc1c13a94246,cross,159170450#1f,166643410#1f,,,,159170450#1f,166643410#1f,true
ee88df2566f435736a95,cross,166399487#2f,177231047#1r,,,,166399487#2f,177231047#1r,true
ef2091b3b4444d237a6e,cross,128273234#1r,128273231#1f,,,,128273234#1r,128273231#1f,true
ef7edb889e732ae2505f,cross,160004393#1r,1230247123#1r,,,,160004393#1r,1230247123#1r,true
f0b836790ef34554ca5c,cross,833633729#1f,158215196#2r,,,,833633729#1f,158215196#2r,true
f16859cecf4c82902fbb,cross,78147639#1f,158007908#1r,,,,78147639#1f,158007908#1r,true
f1bfd1eec7ea202abe16,cross,503462470#1f,80378486#1f,,,,503462470#1f,80378486#1f,true
f1dd0afeda78aa452688,cross,1327492339#1f,120114107#1f,,,,1327492339#1f,120114107#1f,true
f1fdcec46e31b22ee5f8,cross,360063233#2f,449281220#1f,,,,360063233#2f,449281220#1f,true
f22a88c321b2c3ed74e2,cross,176752959#1r,254596489#1r,,,,176752959#1r,254596489#1r,true
f231ed9d95befd4bd8cd,cross,176130562#1f,158215176#1r,,,,176130562#1f,158215176#1r,true
f2908747e5fa77c96078,cross,128273234#1r,128273231#1r,,,,128273234#1r,128273231#1r,true
f47a7a9fe91974b1d7e6,cross,166399486#1f,1453165194#1f,,,,166399486#1f,1453165194#1f,true
f528fad0cda7e6d6b445,cross,78147635#1f,158007908#1f,,,,78147635#1f,158007908#1f,true
f52ca662ace0aebdc5d8,cross,143536261#3f,120113157#1f,,,,143536261#3f,120113157#1f,true
f682cf19c613524930d8,cross,166009792#6f,120113157#1f,,,,166009792#6f,120113157#1f,true
f6d7d0546d3a792c6d3f,cross,165636031#1r,93091314#1f,,,,165636031#1r,93091314#1f,true
f6ec6849bc5ee533977a,cross,92627427#1f,92627418#1r,,,,92627427#1f,92627418#1r,true
f7d081223c352672f9a5,cross,688731312#1f,688744016#1r,,,,688731312#1f,688744016#1r,true
f7e9963413621bcd9876,cross,95449780#1r,4229326#1r,,,,95449780#1r,4229326#1r,true
f83bb1ea759947270479,cross,92627405#1f,25103769#1f,,,,92627405#1f,25103769#1f,true
f918bbbad9b0cab11c94,cross,25103774#1f,1470365900#2f,,,,25103774#1f,1470365900#2f,true
f9e314a02f4153f697ee,cross,168104494#2f,92627421#1f,,,,168104494#2f,92627421#1f,true
fa74b87aa778e35a4171,cross,849737729#1f,158215178#1f,,,,849737729#1f,158215178#1f,true
fa81ae2816f2fc47cc31,cross,176577460#7f,80377817#2f,,,,176577460#7f,80377817#2f,true
faa1bbdef883d409689d,cross,952419570#1f,1203858295#1f,,,,952419570#1f,1203858295#1f,true
facc00eb92f55c9c0f4d,cross,161752639#2r,161752642#1f,,,,161752639#2r,161752642#1f,true
fc6334dceab61c8e91fc,cross,448186730#1f,448186712#1f,,,,448186730#1f,448186712#1f,true
fc9262b9e1b023c9bf10,cross,168959165#1f,168959164#1f,,,,168959165#1f,168959164#1f,true
fd184d82fcee1459dd6b,cross,78147639#1f,158007908#1f,,,,78147639#1f,158007908#1f,true
fd63b6f42bf4dd8e5ddc,cross,1202747623#1f,158215178#1f,,,,1202747623#1f,158215178#1f,true
fd90d3138044bb257d00,cross,176752959#1r,254596489#1f,,,,176752959#1r,254596489#1f,true
fdb60666ea2bcbd3bb03,cross,1202747623#2f,503550463#1f,,,,1202747623#2f,503550463#1f,true
fe59c416119e55ad7963,cross,1283578084#1f,120062666#1f,,,,1283578084#1f,120062666#1f,true
fff4d38180344ed8c548,cross,463430038#1f,1001561437#1f,,,,463430038#1f,1001561437#1f,true
00a0727731665fe385bc,near,1202747622#2f,158215178#1r,,,,1202747622#2f,158215178#1r,true
00c5390be1bb2217be21,near,1034851195#1f,161752642#1r,,,,1034851195#1f,161752642#1r,true
01153c8f3e1cf344a241,near,92627436#1r,1549110516#5f,,,,92627436#1r,1549110516#5f,true
01472f100ba242fbbb28,near,688731299#3f,688744016#1r,,,,688731299#3f,688744016#1r,true
014fc0e2557cdaa22770,near,176334446#2f,254596487#1f,,,,176334446#2f,254596487#1f,true
01934399c0108842e14e,near,92627431#1r,93137615#5f,,,,92627431#1r,93137615#5f,true
01945dba5bc55c97729b,near,423632264#1f,80378486#1f,,,,423632264#1f,80378486#1f,true
019efab9a6546b284613,near,41929969#1f,4230891#3f,,,,41929969#1f,4230891#3f,true
01cfc4cf4d90127eacc6,near,176395399#1f,944079968#1f,,,,176395399#1f,944079968#1f,true
01ea697c9b7735e81a74,near,851792659#1r,1453165194#1f,,,,851792659#1r,1453165194#1f,true
01f35ace1d1ff0bfb747,near,176395399#1f,1327492343#1f,,,,176395399#1f,1327492343#1f,true
02aa67d14b9028f60997,near,423632269#1f,80378486#1f,,,,423632269#1f,80378486#1f,true
03c712a704e3c9f2b3ee,near,503783368#1r,24655134#1f,,,,503783368#1r,24655134#1f,true
0445e50788fd16d5ec41,near,166149542#6r,120062666#1f,,,,166149542#6r,120062666#1f,true
0710de4d22b400ab3917,near,165636047#3f,939532441#1f,,,,165636047#3f,939532441#1f,true
07ad7d8d3e2810c2faeb,near,25103774#1f,1470365900#1f,,,,25103774#1f,1470365900#1f,true
08aa2c709857722fd02b,near,92627406#2r,158215196#1r,,,,92627406#2r,158215196#1r,true
094fbd103c7cfc52ecd8,near,160004393#1r,4230891#1f,,,,160004393#1r,4230891#1f,true
09604ce4cf3dacff68d9,near,164338240#1f,120113157#1r,,,,164338240#1f,120113157#1r,true
09b76b562214659af136,near,200998962#1f,80378486#1f,,,,200998962#1f,80378486#1f,true
09c065d6dbb7c45c8524,near,503753419#1f,177380385#1f,,,,503753419#1f,177380385#1f,true
09c3d727b886c058d9ff,near,4229536#1f,160004398#1r,,,,4229536#1f,160004398#1r,true
0af075d435be4e5a2d45,near,201009264#3f,1549110516#4r,,,,201009264#3f,1549110516#4r,true
0b0d2ca9f52ca6043e90,near,25739583#1f,944079968#1f,,,,25739583#1f,944079968#1f,true
0bb0b940852d19a9fb1d,near,159170522#2f,120062665#1f,,,,159170522#2f,120062665#1f,true
0bee80d840b5b9454b7b,near,360063232#1r,1549110516#5f,,,,360063232#1r,1549110516#5f,true
0c641c683642406c341f,near,1410590317#1r,177231047#1r,,,,1410590317#1r,177231047#1r,true
0cddbf58b1d8271c5d01,near,92627431#1r,93137615#4f,,,,92627431#1r,93137615#4f,true
0cf3f5995eb0096d52e4,near,688731299#4r,688744016#1f,,,,688731299#4r,688744016#1f,true
0cfd38d5920e3e998d05,near,78147639#2r,158007908#1f,,,,78147639#2r,158007908#1f,true
0d72daaae78a19b0a0d6,near,92627431#1f,93137615#5f,,,,92627431#1f,93137615#5f,true
0dc69c4504a5b1c8546b,near,165636039#1f,1470365900#2f,,,,165636039#1f,1470365900#2f,true
0dd80d141d6d6f314a68,near,160004393#1f,4230891#1r,,,,160004393#1f,4230891#1r,true
0f093f08f191640aed13,near,688731299#2r,688744016#1r,,,,688731299#2r,688744016#1r,true
0f6a6341f7deaeef5efd,near,1233853668#2r,177231047#1f,,,,1233853668#2r,177231047#1f,true
0f98a4866ef725daf8ef,near,164338247#4f,177590090#2f,,,,164338247#4f,177590090#2f,true
0fefe2107e8c460fe822,near,254596870#1r,168959164#1f,,,,254596870#1r,168959164#1f,true
106362e239840a825371,near,1024393368#1f,120062662#1f,,,,1024393368#1f,120062662#1f,true
107ad369a2696a861d62,near,4229325#1f,120062666#1f,,,,4229325#1f,120062666#1f,true
10e44a326f9dbd437130,near,157719645#8f,177590090#2f,,,,157719645#8f,177590090#2f,true
10e913c1199ff65b4cdc,near,423632264#1r,80378486#1f,,,,423632264#1r,80378486#1f,true
114c816097f90ef50a26,near,25103769#1f,176085755#2f,,,,25103769#1f,176085755#2f,true
11b104e75b2cd6ce578e,near,1024523798#1f,1024523796#1f,,,,1024523798#1f,1024523796#1f,true
11d5f1e4861979039788,near,952419571#1f,804900033#1f,,,,952419571#1f,804900033#1f,true
1214cb50172399848816,near,201009264#3f,1549110516#3r,,,,201009264#3f,1549110516#3r,true
121c198b04b15a1feb05,near,1034851195#1r,161752642#1r,,,,1034851195#1r,161752642#1r,true
12feb3083635bcd62c9b,near,4230119#1r,166856355#1f,,,,4230119#1r,166856355#1f,true
130b2e06b9ad6f3d46f7,near,1202747623#2r,158215178#1r,,,,1202747623#2r,158215178#1r,true
130f8a21db7b59205066,near,624357053#1f,1019174498#1f,,,,624357053#1f,1019174498#1f,true
1341ae3158e20c47cbd3,near,201011053#2f,944079968#1f,,,,201011053#2f,944079968#1f,true
13aac41a13254b614347,near,360063232#1r,1549110516#4r,,,,360063232#1r,1549110516#4r,true
1411f26a2ef309a36c99,near,121378297#2f,176510131#1f,,,,121378297#2f,176510131#1f,true
1587a2a110898284c682,near,176974531#2f,121380669#1r,,,,176974531#2f,121380669#1r,true
159445cc841afb4daec7,near,317925725#2f,177231047#1f,,,,317925725#2f,177231047#1f,true
16157a298d5a31617740,near,360063232#1r,1549110516#4f,,,,360063232#1r,1549110516#4f,true
161f9bd87e40976c5b09,near,182694289#1r,166558488#1r,,,,182694289#1r,166558488#1r,true
163e518c10bf54253c86,near,851792659#1f,1453165194#1r,,,,851792659#1f,1453165194#1r,true
163eede1a6662c52b1aa,near,25179329#2f,161752642#1r,,,,25179329#2f,161752642#1r,true
1675f001b56890201fdf,near,95449780#1r,106705723#2f,,,,95449780#1r,106705723#2f,true
16939442157693679e06,near,160004393#1r,4230891#1r,,,,160004393#1r,4230891#1r,true
17265da8a65ed56cec8d,near,172533153#2f,690131583#1f,,,,172533153#2f,690131583#1f,true
17f54a308ebaf1b3206f,near,93209287#1f,4230081#4f,,,,93209287#1f,4230081#4f,true
186ac7c9871c3df4ff2f,near,176531067#1f,1327492342#1f,,,,176531067#1f,1327492342#1f,true
187e5c3dc1cd4c6d4ab0,near,1202747622#1f,158215178#1f,,,,1202747622#1f,158215178#1f,true
18ba70a3127310557ec9,near,121378297#1f,120113155#4f,,,,121378297#1f,120113155#4f,true
1906e8733d7a43bcdcb9,near,1146071897#1f,177231047#1f,,,,1146071897#1f,177231047#1f,true
1929400ce6e628c7d7d0,near,1034851195#1r,161752642#1f,,,,1034851195#1r,161752642#1f,true
195a2f1294153e4889e4,near,176774263#3f,80378485#1f,,,,176774263#3f,80378485#1f,true
1a169fd3edf9f87d7a6b,near,93091318#1f,4227218#1f,,,,93091318#1f,4227218#1f,true
1a75a0f7b3746b90658f,near,161887491#1r,1024523795#1f,,,,161887491#1r,1024523795#1f,true
1a945295e6fe03c1affd,near,503559455#1f,93091315#1f,,,,503559455#1f,93091315#1f,true
1acfb2c34eed11900445,near,92627403#1f,160004398#1r,,,,92627403#1f,160004398#1r,true
1c5d2f660395bace39cb,near,92627436#1r,360063232#1f,,,,92627436#1r,360063232#1f,true
1ce7ff414aae732ee9b1,near,254596486#2r,78149827#1r,,,,254596486#2r,78149827#1r,true
1cfcdb9494f2e00f9749,near,165636031#1f,39839530#2f,,,,165636031#1f,39839530#2f,true
1d55a5a24831af57a6fb,near,952419571#1f,1327492337#1f,,,,952419571#1f,1327492337#1f,true
1d8d38f060bc2758952b,near,165636047#3r,939532441#1f,,,,165636047#3r,939532441#1f,true
1d9620480935f628df1c,near,1202747623#2f,158215178#1f,,,,1202747623#2f,158215178#1f,true
1ed8fef03ec7454c18f3,near,353889272#1f,176085755#1f,,,,353889272#1f,176085755#1f,true
1ee9a5682ad7dd1a9499,near,120062658#1f,120062667#1f,,,,120062658#1f,120062667#1f,true
1efee043b071f1af7ae4,near,92627431#1f,93137615#4r,,,,92627431#1f,93137615#4r,true
1f790c160a9504376dec,near,121378297#2f,120062663#2f,,,,121378297#2f,120062663#2f,true
202e78d770bf1ee93674,near,254596486#2f,78149827#1f,,,,254596486#2f,78149827#1f,true
213eaebeef0bf1a898b0,near,1202747622#2f,503550463#1f,,,,1202747622#2f,503550463#1f,true
214aedb63b2bf4eee908,near,360063232#1r,1549110516#5r,,,,360063232#1r,1549110516#5r,true
218cdd69d024fc81516f,near,201009264#3r,1549110516#4f,,,,201009264#3r,1549110516#4f,true
220fb4bfbbe8a8b9d66b,near,688744015#1f,688744016#1r,,,,688744015#1f,688744016#1r,true
225fecece9ba8ccc5429,near,92627403#1r,160004398#1r,,,,92627403#1r,160004398#1r,true
228ff6670a94e7117766,near,176531067#1f,176395396#1f,,,,176531067#1f,176395396#1f,true
22913dfc3abf7a314f93,near,95449780#1r,166149556#1r,,,,95449780#1r,166149556#1r,true
230258813010ce1e647e,near,158007923#1r,158007908#1r,,,,158007923#1r,158007908#1r,true
23609ba44422e11a89e2,near,95449778#1r,4229329#1f,,,,95449778#1r,4229329#1f,true
236d11f07a48c29de824,near,4230114#2f,128273231#1r,,,,4230114#2f,128273231#1r,true
238045c27de3f248ad18,near,1233853668#2r,177231047#1r,,,,1233853668#2r,177231047#1r,true
23e5549614960e9c6497,near,92627405#1r,1470365903#1f,,,,92627405#1r,1470365903#1f,true
2538c0f29e226749bb4d,near,688731299#4f,688744016#1r,,,,688731299#4f,688744016#1r,true
25860ea1a159b468a510,near,851792659#1r,1453165194#2r,,,,851792659#1r,1453165194#2r,true
25c30c2902c5f07ee605,near,177396034#1f,320117831#1f,,,,177396034#1f,320117831#1f,true
26597a18078304e70ea6,near,93209287#1f,4230083#1f,,,,93209287#1f,4230083#1f,true
268ec037f84552d1d7e3,near,353889383#2f,1019174498#1f,,,,353889383#2f,1019174498#1f,true
26eccc2203d7a9846443,near,176774211#1f,80378485#1f,,,,176774211#1f,80378485#1f,true
271bf3c30f22f9ab8612,near,1082312612#1f,158215196#1r,,,,1082312612#1f,158215196#1r,true
2769b0c4527079e8046b,near,177429338#1f,177429339#1f,,,,177429338#1f,177429339#1f,true
27b143db1970880ee3c7,near,503783368#1r,24655134#2f,,,,503783368#1r,24655134#2f,true
27c4603107d0e30dbeed,near,278143574#1f,278143571#1f,,,,278143574#1f,278143571#1f,true
28a337454443cb7213a3,near,95449778#1f,4229329#1f,,,,95449778#1f,4229329#1f,true
28d56e69062dbf96581d,near,92627431#1r,24655134#1f,,,,92627431#1r,24655134#1f,true
29461855d02b14aebc3a,near,177396049#2f,1024523795#1f,,,,177396049#2f,1024523795#1f,true
2af0b0833e2b4962b3da,near,503813540#1f,80378485#1f,,,,503813540#1f,80378485#1f,true
2b3b41374bc79efa4893,near,435061380#1f,1453165194#2r,,,,435061380#1f,1453165194#2r,true
2bacf957941e2d0184fa,near,120113156#1f,946562629#1r,,,,120113156#1f,946562629#1r,true
2be2e47524c9d7ccd0bc,near,335740503#1f,176510135#1f,,,,335740503#1f,176510135#1f,true
2cf05e810f878318fa3c,near,360063232#1f,1549110516#5r,,,,360063232#1f,1549110516#5r,true
2d54c2f551f25a9b3851,near,952419569#1f,120114107#1r,,,,952419569#1f,120114107#1r,true
2d5ddd9f517a4ba189ce,near,774751108#1f,177380385#1f,,,,774751108#1f,177380385#1f,true
2d74dfeb2459927d5d66,near,435062251#1f,1453165195#1f,,,,435062251#1f,1453165195#1f,true
2d942565ab395c6d8380,near,1202747622#1r,503550463#1r,,,,1202747622#1r,503550463#1r,true
2e14c47366802b5ff21c,near,95449780#1f,177587135#1f,,,,95449780#1f,177587135#1f,true
2e917fe3b8f2a7f96711,near,41929969#1r,4230891#3r,,,,41929969#1r,4230891#3r,true
2ed79884d5fec72c44b3,near,166399486#2r,92627433#1r,,,,166399486#2r,92627433#1r,true
2f975bb5745d004089d7,near,92627436#1r,1549110527#1r,,,,92627436#1r,1549110527#1r,true
2ffba330aedd12802312,near,176974531#2f,121380669#1f,,,,176974531#2f,121380669#1f,true
302fa1e9807c8421ed0a,near,165636047#3r,939532441#1r,,,,165636047#3r,939532441#1r,true
3031370bbac740290cc4,near,166399486#1f,1453165194#2f,,,,166399486#1f,1453165194#2f,true
313cb09095a875a30811,near,164338247#3r,177590092#1r,,,,164338247#3r,177590092#1r,true
31eb065ef4d482f2a2d0,near,176334446#2f,254596487#1r,,,,176334446#2f,254596487#1r,true
325b617867003291129c,near,1327492339#1f,1327492337#1f,,,,1327492339#1f,1327492337#1f,true
332c779a0e498a0b73d3,near,1549110517#3f,1453165194#1r,,,,1549110517#3f,1453165194#1r,true
33923641a69d8cfc5895,near,690653921#1f,93091321#1f,,,,690653921#1f,93091321#1f,true
33baa3f003937beb021e,near,463430038#1f,239592573#1f,,,,463430038#1f,239592573#1f,true
344a3b55ed97ea8caf35,near,833633729#2r,158215196#2r,,,,833633729#2r,158215196#2r,true
3469387b9da09bc81ba4,near,317925725#2r,177231047#1r,,,,317925725#2r,177231047#1r,true
348915ce792300521d06,near,157719645#7r,177590090#2r,,,,157719645#7r,177590090#2r,true
34896e94d6a92481eaff,near,161752639#1r,161752642#1f,,,,161752639#1r,161752642#1f,true
352a758f150e4a4d16b3,near,92627406#3r,158215196#1f,,,,92627406#3r,158215196#1f,true
366521c60ad086ca3d9a,near,177396049#1f,1024523794#1f,,,,177396049#1f,1024523794#1f,true
37b686f4b3b8da04dafd,near,93091312#1f,80378487#1f,,,,93091312#1f,80378487#1f,true
38cd243eba92716656a6,near,176531067#1f,121380669#1f,,,,176531067#1f,121380669#1f,true
399b0167674dfa73a947,near,1410590317#1r,177231047#1f,,,,1410590317#1r,177231047#1f,true
3a8cc2717c8edad3f0d2,near,435061380#1r,1453165194#2f,,,,435061380#1r,1453165194#2f,true
3abd0cc058f6562d78ba,near,164338247#4r,177590090#2r,,,,164338247#4r,177590090#2r,true
3abf31cbeb81d40c96e4,near,164338247#4f,177590090#2r,,,,164338247#4f,177590090#2r,true
3adf3b0ec02e6a71fac2,near,1024523798#1r,1024523796#1f,,,,1024523798#1r,1024523796#1f,true
3bb0de001ca01212e253,near,92627405#1r,25103757#2f,,,,92627405#1r,25103757#2f,true
3cabd935125b7e618f0e,near,169297863#2f,4227218#1f,,,,169297863#2f,4227218#1f,true
3cc003821e874543c431,near,121378297#2f,166643410#1f,,,,121378297#2f,166643410#1f,true
3cc983cc1d60c3cc435b,near,1202747622#2r,503550463#1r,,,,1202747622#2r,503550463#1r,true
3ce4bf488ed1b39c82a8,near,278143574#4f,278143571#1f,,,,278143574#4f,278143571#1f,true
3d4c8f2b5d8258eadb66,near,1449972043#1f,1197885780#1r,,,,1449972043#1f,1197885780#1r,true
3ec23205e4c47db70a69,near,165636031#1r,80378486#1f,,,,165636031#1r,80378486#1f,true
3f1f982b50df08179f04,near,121378297#1f,1131276187#1f,,,,121378297#1f,1131276187#1f,true
3f93b8b03112bc30fe78,near,1024523798#1f,1024523796#1r,,,,1024523798#1f,1024523796#1r,true
3fccf5396dd4e3a863aa,near,1410590319#1f,944079968#1f,,,,1410590319#1f,944079968#1f,true
405badb2b2552ffdb1a8,near,952419569#1f,120114107#1f,,,,952419569#1f,120114107#1f,true
408c7deb366fb228b4c7,near,176757513#1f,93091314#1f,,,,176757513#1f,93091314#1f,true
40c52e961d9006837bca,near,360063232#1r,449281220#1f,,,,360063232#1r,449281220#1f,true
4134a03f1fc21aa5dccb,near,92627405#1r,1470365904#1f,,,,92627405#1r,1470365904#1f,true
41d7e17c5683a1027aea,near,166399486#1f,1453165194#2r,,,,166399486#1f,1453165194#2r,true
42428b8742f712a508e3,near,1283578084#1f,177429339#1f,,,,1283578084#1f,177429339#1f,true
429ba41c4a7247d49348,near,851792659#1f,1453165194#2r,,,,851792659#1f,1453165194#2r,true
42a7fc3615713f7f8cce,near,834307952#1f,158007908#1f,,,,834307952#1f,158007908#1f,true
42bbe82f04579a76a53b,near,25103769#1f,1470365904#1f,,,,25103769#1f,1470365904#1f,true
43c70779fb06fed95a83,near,254596486#2r,78149827#1f,,,,254596486#2r,78149827#1f,true
44811800e652b6d2544e,near,833633729#2f,158215196#2f,,,,833633729#2f,158215196#2f,true
44a977aa31505c1b7c72,near,952419569#1f,804900033#1f,,,,952419569#1f,804900033#1f,true
44b7dbe05c124d118735,near,201011053#2f,1327492342#1f,,,,201011053#2f,1327492342#1f,true
44f76965336f82a2d1ea,near,4227277#2f,690131583#1f,,,,4227277#2f,690131583#1f,true
46c96599d87bd90e4e90,near,4227208#2r,1197885780#1r,,,,4227208#2r,1197885780#1r,true
46d84d32e97a0ac5afb3,near,423632269#1f,1203858295#1f,,,,423632269#1f,1203858295#1f,true
46f2a38a9c15b5ff21c6,near,353889272#1f,176085754#1f,,,,353889272#1f,176085754#1f,true
47c113b6afd4314cd2f9,near,353889383#1f,1019174498#1f,,,,353889383#1f,1019174498#1f,true
481c5c635a7ee0d36260,near,201009264#3r,1549110516#3f,,,,201009264#3r,1549110516#3f,true
48ccfbc50faf17e11436,near,25103769#1f,1470365899#1f,,,,25103769#1f,1470365899#1f,true
491e0e8c50d385b77cfb,near,176510134#1f,120062663#1f,,,,176510134#1f,120062663#1f,true
49b336c4f446ea874cfc,near,1283578082#2f,120062666#1r,,,,1283578082#2f,120062666#1r,true
4a15ca36de6cb2cf5aa6,near,1283578084#1f,120062667#1f,,,,1283578084#1f,120062667#1f,true
4a22e83d4df2725d3d88,near,851792659#1r,1453165194#1r,,,,851792659#1r,1453165194#1r,true
4ad3c17cd22eb616f538,near,164338236#2f,120113157#1f,,,,164338236#2f,120113157#1f,true
4b1e309a4f77f5aef0e6,near,157719645#7f,177590090#2r,,,,157719645#7f,177590090#2r,true
4b6c04e15b0365a477ef,near,120062664#1f,120062666#1r,,,,120062664#1f,120062666#1r,true
4b84bc6694da142dab8d,near,278143574#1f,278143571#1r,,,,278143574#1f,278143571#1r,true
4c65b7b519fa5adb24d7,near,92627405#1f,1000930347#1f,,,,92627405#1f,1000930347#1f,true
4d350abe732f42d3e8a5,near,952419572#1f,120114107#1r,,,,952419572#1f,120114107#1r,true
4d4e211c1e8418dc010c,near,93137594#1f,176477341#1f,,,,93137594#1f,176477341#1f,true
4dd88dcafd57a2c979ce,near,95449780#1f,106705723#2f,,,,95449780#1f,106705723#2f,true
4e97c51d20359839bbb0,near,165636031#1r,39839530#2f,,,,165636031#1r,39839530#2f,true
4f2f16555db371a98dd6,near,1327492340#1f,177380385#1f,,,,1327492340#1f,177380385#1f,true
4fc9ea80e3edf7ca46ae,near,201011053#1f,121380669#1f,,,,201011053#1f,121380669#1f,true
506b13e0c1e3182b5569,near,4227208#2f,1197885780#1r,,,,4227208#2f,1197885780#1r,true
508cb880e6ab32116a8b,near,4230007#2f,92627415#1f,,,,4230007#2f,92627415#1f,true
5139ab3a9e5751f28d16,near,1549110517#3f,1453165194#1f,,,,1549110517#3f,1453165194#1f,true
532b2f5e091e5e36c703,near,95449780#1f,166149556#1r,,,,95449780#1f,166149556#1r,true
548294dd7af51e704b71,near,164338240#1f,120113157#1f,,,,164338240#1f,120113157#1f,true
54dbe426bbc38c3102f7,near,120113156#1r,946562629#1r,,,,120113156#1r,946562629#1r,true
54f5fe5a0630314c092e,near,78147639#2r,158007908#1r,,,,78147639#2r,158007908#1r,true
555e704a589263c84ee4,near,92627406#2r,158215196#1f,,,,92627406#2r,158215196#1f,true
55c2882b10f85426e45b,near,1233853668#2f,177231047#1r,,,,1233853668#2f,177231047#1r,true
5638a96b78cb9fddc1ed,near,690653921#2f,690131583#1f,,,,690653921#2f,690131583#1f,true
57ecb653752c001a5fbe,near,92627406#2f,158215196#1r,,,,92627406#2f,158215196#1r,true
583228560cc08b9a5448,near,4230114#2r,128273231#1r,,,,4230114#2r,128273231#1r,true
5a28a645fbb1a689162e,near,1327492341#1f,120114107#1f,,,,1327492341#1f,120114107#1f,true
5a59d4667b190ca56e3f,near,4229325#1r,120062666#1f,,,,4229325#1r,120062666#1f,true
5b0ffec7454b054a8c2f,near,254596486#2f,78149827#1r,,,,254596486#2f,78149827#1r,true
5b4702dd3e4e6ca1c571,near,177429338#1f,120062662#1f,,,,177429338#1f,120062662#1f,true
5bb8d4fb5c8fdf086d7d,near,360063232#1f,1549110516#5f,,,,360063232#1f,1549110516#5f,true
5bc604e79ee02b92a8f5,near,121378297#3f,120062663#2f,,,,121378297#3f,120062663#2f,true
5c25960da128545c6225,near,95449780#1r,166149556#1f,,,,95449780#1r,166149556#1f,true
5c92b73bcc393de7d94f,near,155085108#1r,176395396#1f,,,,155085108#1r,176395396#1f,true
5c9db8485400f1597271,near,688731299#2r,944079968#1f,,,,688731299#2r,944079968#1f,true
5cb50550a86d1dd1fda1,near,1327492340#1f,1203858294#1f,,,,1327492340#1f,1203858294#1f,true
5d19227f35ce2667a23e,near,503783368#1f,24655134#2f,,,,503783368#1f,24655134#2f,true
5d2baffd3cfcd099699f,near,1283578082#2f,120062666#1f,,,,1283578082#2f,120062666#1f,true
5d6e78fb9a7062f1e69f,near,1202747622#2f,503550463#1r,,,,1202747622#2f,503550463#1r,true
5d87c130b1fb291e9ff8,near,503434361#1f,167625746#1f,,,,503434361#1f,167625746#1f,true
5da3871e6a7aff724bcc,near,92627405#1f,353889276#2f,,,,92627405#1f,353889276#2f,true
5e239f722728b5e36c67,near,1327492341#1f,804900033#1f,,,,1327492341#1f,804900033#1f,true
5eb7330b5ff74419f227,near,690131582#1f,93091321#1f,,,,690131582#1f,93091321#1f,true
5eb910479c68c1e9fb6c,near,92627405#1f,176334446#2f,,,,92627405#1f,176334446#2f,true
5f58ca9be59d3a84a66d,near,25103769#1f,176085755#1f,,,,25103769#1f,176085755#1f,true
5fc4218d683b6d514bc6,near,1327492341#1f,120114107#1r,,,,1327492341#1f,120114107#1r,true
60153bf10b99eaca7c14,near,93137594#1f,200502322#1f,,,,93137594#1f,200502322#1f,true
601d7b421a84d34f117a,near,1202747622#2f,158215178#1f,,,,1202747622#2f,158215178#1f,true
60cc5605e40fc8e5b991,near,92627436#1r,1549110516#5r,,,,92627436#1r,1549110516#5r,true
60de98efd43341033eff,near,92627403#1f,160004398#1f,,,,92627403#1f,160004398#1f,true
60f31ca31f1805c2eeac,near,176130562#2f,158215176#1f,,,,176130562#2f,158215176#1f,true
612e6c79f7bf0c120234,near,92627405#1f,1470365904#1f,,,,92627405#1f,1470365904#1f,true
61a2ac4de50cc4d9c6f3,near,92627405#1f,353889276#3f,,,,92627405#1f,353889276#3f,true
61ebee983ad1a4ec1fd5,near,1327492340#1f,80378486#1f,,,,1327492340#1f,80378486#1f,true
6284675a9c5162971e2a,near,120062664#1f,120062667#1f,,,,120062664#1f,120062667#1f,true
62dc65af4be3c1766cc6,near,157719645#7f,177590090#2f,,,,157719645#7f,177590090#2f,true
639cd7a52d7f378f9eb6,near,568187257#1f,92627415#1f,,,,568187257#1f,92627415#1f,true
63e51497d9f1b0f86ae8,near,92627436#1r,360063232#1r,,,,92627436#1r,360063232#1r,true
63ea6cc4448211302ab5,near,158007923#1r,158007908#1f,,,,158007923#1r,158007908#1f,true
6420cb1a7e2d515426f3,near,503090216#1f,239592573#2f,,,,503090216#1f,239592573#2f,true
642f1689e6b8b7da8ed1,near,177396049#2f,177396051#1f,,,,177396049#2f,177396051#1f,true
64c046a0f8514d1a2720,near,95449780#1r,8135845#1f,,,,95449780#1r,8135845#1f,true
64e3f73e9fc437401f53,near,1082312612#1f,158215196#1f,,,,1082312612#1f,158215196#1f,true
6576f3e2c0b997a71dec,near,4230114#2r,128273231#1f,,,,4230114#2r,128273231#1f,true
665719d90346cdcd675b,near,4230119#1r,166856355#1r,,,,4230119#1r,166856355#1r,true
6678ba0fd5b6c8b091a0,near,165636031#1f,80378486#1f,,,,165636031#1f,80378486#1f,true
6724befea0123d2f7cab,near,1202747623#1f,503550463#1f,,,,1202747623#1f,503550463#1f,true
6771353b1c42c67e8949,near,41929969#1f,4230891#3r,,,,41929969#1f,4230891#3r,true
688244d79196e9329df1,near,1202747623#2f,158215178#1r,,,,1202747623#2f,158215178#1r,true
68eec5ecf21d295d62f3,near,92627405#1r,1000930351#1f,,,,92627405#1r,1000930351#1f,true
6965a2d7f2b53c9b56de,near,624357054#1f,4230081#4f,,,,624357054#1f,4230081#4f,true
69bd47fec72a7902f254,near,161882799#1f,158007920#1f,,,,161882799#1f,158007920#1f,true
6a891e8c34e43b8850b0,near,166399486#2r,1453165194#2r,,,,166399486#2r,1453165194#2r,true
6af27cc76e8ba47d7d93,near,93207288#1f,1019174498#1f,,,,93207288#1f,1019174498#1f,true
6bb41f3b998a6500ea64,near,182694289#1f,166558488#1r,,,,182694289#1f,166558488#1r,true
6bf15e7965e22465b6d9,near,95449780#1f,106705723#1f,,,,95449780#1f,106705723#1f,true
6c0f1eeb0b8c3d3ac7f3,near,92627436#1r,1549110516#4r,,,,92627436#1r,1549110516#4r,true
6c3b4ced02ad56692b8e,near,4229325#1r,120062666#1r,,,,4229325#1r,120062666#1r,true
6c4b83eac34e08742ba6,near,166399486#2f,1453165194#2r,,,,166399486#2f,1453165194#2r,true
6ccfff109e173e0b915d,near,435062251#1f,239592573#1f,,,,435062251#1f,239592573#1f,true
6cd03e750cdc44ceeaa2,near,165636038#4f,93091314#1f,,,,165636038#4f,93091314#1f,true
6ce8972a790172aabbec,near,423632269#1f,177380385#1f,,,,423632269#1f,177380385#1f,true
6d989494ffa6b479935c,near,503090216#1f,1001561436#1f,,,,503090216#1f,1001561436#1f,true
6dbd10b6bb3c2a268860,near,92627436#1r,449281220#1f,,,,92627436#1r,449281220#1f,true
6def31db681421bf7c3b,near,95449780#1f,166149556#1f,,,,95449780#1f,166149556#1f,true
6e78d420a9c7ee20b237,near,1327492341#1f,1327492337#1f,,,,1327492341#1f,1327492337#1f,true
7050b712718d4f6d4fa1,near,4229536#1f,160004398#1f,,,,4229536#1f,160004398#1f,true
70a3ca5af18c5152f79d,near,92627403#1r,160004398#1f,,,,92627403#1r,160004398#1f,true
70dcc68a93e6414fdb9f,near,166399486#2r,1453165194#2f,,,,166399486#2r,1453165194#2f,true
70f3a41e02e6dbfd07cd,near,158007921#1f,158007908#1r,,,,158007921#1f,158007908#1r,true
70fad4f1bec4d2bc4b57,near,4229536#2f,160004398#1f,,,,4229536#2f,160004398#1f,true
70ff2ebc338645ad0bfc,near,4227208#2r,1197885780#1f,,,,4227208#2r,1197885780#1f,true
71097f63b2007a715353,near,4230085#1f,353889383#1f,,,,4230085#1f,353889383#1f,true
72091320192ad942dc21,near,568187257#1r,92627415#1f,,,,568187257#1r,92627415#1f,true
725686e9945d05c6e28f,near,92627436#1f,1549110516#4r,,,,92627436#1f,1549110516#4r,true
73162a43d71de0d2d27b,near,167625727#15f,158215196#2r,,,,167625727#15f,158215196#2r,true
7377610d8aefc29f4233,near,1549110517#2r,449281220#1f,,,,1549110517#2r,449281220#1f,true
737cca5444cf281181b1,near,688731299#3r,688744016#1r,,,,688731299#3r,688744016#1r,true
74b50e3353dafd6fa46a,near,93137594#1f,254596489#1r,,,,93137594#1f,254596489#1r,true
7595d078f51226059f63,near,95449778#1f,166009795#1r,,,,95449778#1f,166009795#1r,true
7604c9c0311537922d6a,near,161887491#1f,1024523795#1f,,,,161887491#1f,1024523795#1f,true
76558cfb5ee289132a1b,near,1082312612#1r,158215196#1f,,,,1082312612#1r,158215196#1f,true
7671e915f4a8c88f090f,near,435062251#1f,239592573#2f,,,,435062251#1f,239592573#2f,true
76e240f910448d06f3b2,near,92627436#1f,360063232#1f,,,,92627436#1f,360063232#1f,true
76f29c036380afe1586b,near,851792659#1f,1453165194#1f,,,,851792659#1f,1453165194#1f,true
770806d5eb4bb5808e2e,near,176774263#2f,80378485#1f,,,,176774263#2f,80378485#1f,true
772969dd261e1d1705c7,near,1024523798#1r,177396051#1f,,,,1024523798#1r,177396051#1f,true
776946a4046a379c68c1,near,1327492340#1f,1327492337#1f,,,,1327492340#1f,1327492337#1f,true
777937cc726f8dbdbc89,near,952419569#1f,1203858294#1f,,,,952419569#1f,1203858294#1f,true
77b9ccdd04f9fb45084e,near,1410590317#1f,177231047#1f,,,,1410590317#1f,177231047#1f,true
787b121a8925ee33a881,near,1449972043#1r,1197885780#1f,,,,1449972043#1r,1197885780#1f,true
78956c42513529748377,near,952419569#1f,176395396#1f,,,,952419569#1f,176395396#1f,true
79335ff18dec75d5a3a7,near,156242241#1f,93137615#4r,,,,156242241#1f,93137615#4r,true
79794560fcab4b076ad8,near,166399486#1r,1453165194#2f,,,,166399486#1r,1453165194#2f,true
79d0605cca143a30ca7e,near,731585432#1f,177380385#1f,,,,731585432#1f,177380385#1f,true
79e28d71f3aee69319e2,near,952419570#1f,177380385#1f,,,,952419570#1f,177380385#1f,true
7aad7eb7d36555a5cc63,near,4229536#2f,160004398#1r,,,,4229536#2f,160004398#1r,true
7ac91c9444bd46ec1f14,near,1233853668#2f,177231047#1f,,,,1233853668#2f,177231047#1f,true
7ae3479c17b05d48ea15,near,168959163#3f,176510135#1f,,,,168959163#3f,176510135#1f,true
7ae6594f10aac023d520,near,25179329#2r,161752642#1r,,,,25179329#2r,161752642#1r,true
7b99200a3554b07596d8,near,92627405#1r,1000930347#1f,,,,92627405#1r,1000930347#1f,true
7c36dbcdcf50e61554ba,near,177396046#1f,177396051#1f,,,,177396046#1f,177396051#1f,true
7c51a0ee95b23278057e,near,1202747622#2r,158215178#1f,,,,1202747622#2r,158215178#1f,true
7d37de413a3163e121c3,near,254596870#1f,168959164#1f,,,,254596870#1f,168959164#1f,true
7da52f93bdbbbc18c54e,near,182694289#1r,166558488#1f,,,,182694289#1r,166558488#1f,true
7e18a21e312bdb411e08,near,4229536#2r,160004398#1r,,,,4229536#2r,160004398#1r,true
7e1e727d043146957636,near,503753419#1f,176395396#1f,,,,503753419#1f,176395396#1f,true
7e40255f2c7d10b51192,near,92627405#1r,353889276#2f,,,,92627405#1r,353889276#2f,true
806ffa8f3f6be52851de,near,176774211#1r,80378485#1f,,,,176774211#1r,80378485#1f,true
808bad0de73dab55e361,near,165636031#1r,4227218#1f,,,,165636031#1r,4227218#1f,true
810ba967efdd48c51b16,near,167625718#1f,849737769#1f,,,,167625718#1f,849737769#1f,true
814a85cdc1b7e4135b16,near,1549110517#2f,449281220#1f,,,,1549110517#2f,449281220#1f,true
822301c27f5cede6d186,near,93091312#3f,167625746#1f,,,,93091312#3f,167625746#1f,true
8236ab34b9d3bc3cc4d9,near,1202747622#1r,158215178#1f,,,,1202747622#1r,158215178#1f,true
8316319f71cbb74d7f20,near,164338247#3f,177590090#2f,,,,164338247#3f,177590090#2f,true
842c24064762b497c48a,near,121378297#2f,1131276187#1f,,,,121378297#2f,1131276187#1f,true
843ac06aa07610c1b8eb,near,25179329#2r,161752642#1f,,,,25179329#2r,161752642#1f,true
84503e91cb1d825d8c33,near,92627405#1r,176334446#2f,,,,92627405#1r,176334446#2f,true
853ba8137830ff5cbf8d,near,353889272#1f,1470365900#1f,,,,353889272#1f,1470365900#1f,true
8544b2c027a2f03fca81,near,95449778#1f,177587135#1f,,,,95449778#1f,177587135#1f,true
8556d6f0dfbce6aa1d51,near,167625727#14f,158215196#2r,,,,167625727#14f,158215196#2r,true
86134ffcd36496fe351e,near,165636031#1f,177045628#1f,,,,165636031#1f,177045628#1f,true
862d7b09461caae927c1,near,41929969#1r,4230891#3f,,,,41929969#1r,4230891#3f,true
86cde58667eef8a4d96b,near,92627405#1f,25103757#2f,,,,92627405#1f,25103757#2f,true
8738fde8ba4e37ebc650,near,1327492339#1f,804900033#1f,,,,1327492339#1f,804900033#1f,true
87a89453a079b8f5a424,near,201009264#3f,1549110516#2f,,,,201009264#3f,1549110516#2f,true
885fd5e02c64e6205a69,near,166149542#6f,120062666#1r,,,,166149542#6f,120062666#1r,true
890750f4472da15f407d,near,833633729#2f,158215196#2r,,,,833633729#2f,158215196#2r,true
8914098fc7a14d754bdb,near,95449778#1r,177587135#1f,,,,95449778#1r,177587135#1f,true
8917335d4c3f2e4eb54d,near,435061380#1f,1453165194#2f,,,,435061380#1f,1453165194#2f,true
8956c9ee8104ffc52b37,near,360063232#1f,1549110516#4f,,,,360063232#1f,1549110516#4f,true
8a25efdee60a7cae6f5c,near,121378297#2f,120062663#1f,,,,121378297#2f,120062663#1f,true
8b3a593e1407fb63023b,near,167625727#15f,158215196#2f,,,,167625727#15f,158215196#2f,true
8b3d8913a7a313ca5e29,near,320117832#1f,1024523794#1f,,,,320117832#1f,1024523794#1f,true
8b529606ec8e64d4de86,near,176974531#2f,176395396#1f,,,,176974531#2f,176395396#1f,true
8c168778965c24511fbd,near,164338247#3f,177590092#1r,,,,164338247#3f,177590092#1r,true
8c1a90795f0bfbe55530,near,1146071897#1f,177231047#1r,,,,1146071897#1f,177231047#1r,true
8c6ffcd40458fc8e7249,near,166558481#1f,80378485#1f,,,,166558481#1f,80378485#1f,true
8d54c943aedb2f337980,near,176334444#1f,176395396#1f,,,,176334444#1f,176395396#1f,true
8d5db847ab918f060349,near,4229536#2r,160004398#1f,,,,4229536#2r,160004398#1f,true
8dbbfcb545ef1e135d2e,near,201011053#1f,176395396#1f,,,,201011053#1f,176395396#1f,true
8dfc6c3e3096807d8080,near,166149542#6r,120062666#1r,,,,166149542#6r,120062666#1r,true
8ee3d0ee2915bb7e77e6,near,25179329#2f,161752642#1f,,,,25179329#2f,161752642#1f,true
8f3733cb4b30f24175f7,near,165636031#1f,4227218#1f,,,,165636031#1f,4227218#1f,true
9177e56b8d54d27636c4,near,423632259#2f,80378485#1f,,,,423632259#2f,80378485#1f,true
92000fb37fee5d8973d9,near,1024523798#1r,1024523796#1r,,,,1024523798#1r,1024523796#1r,true
937fb3214855b0250395,near,1449972043#1r,1197885780#1r,,,,1449972043#1r,1197885780#1r,true
93b39d3d22671d0a4670,near,121378297#3f,120062663#1f,,,,121378297#3f,120062663#1f,true
949ce60eb5353a6fe2c2,near,503090216#1f,1001561437#1f,,,,503090216#1f,1001561437#1f,true
9508455e93093cbbb937,near,176531067#1f,1327492343#1f,,,,176531067#1f,1327492343#1f,true
9526aa8f020fc348579a,near,121378297#2f,120113155#3f,,,,121378297#2f,120113155#3f,true
95e06b523ce8a89dc701,near,95449778#1r,166009795#1r,,,,95449778#1r,166009795#1r,true
962ac3887281931c39ac,near,360063232#1f,1549110516#4r,,,,360063232#1f,1549110516#4r,true
963ab19b8d90d28055c2,near,165636031#1r,177045628#1f,,,,165636031#1r,177045628#1f,true
967d5ee9e1ca25299726,near,169297863#2r,4227218#1f,,,,169297863#2r,4227218#1f,true
971e3a8c94f92008049e,near,92627405#1f,1470365903#1f,,,,92627405#1f,1470365903#1f,true
995001b610edf040e7d9,near,317925725#2r,177231047#1f,,,,317925725#2r,177231047#1f,true
99ffe3555e60ddcfc6ca,near,93137594#1f,254596489#1f,,,,93137594#1f,254596489#1f,true
9a7442f5d51c9ac19d47,near,166399486#2f,92627433#1r,,,,166399486#2f,92627433#1r,true
9aabbaae8da1d265ec66,near,176774263#1f,80378485#1f,,,,176774263#1f,80378485#1f,true
9ab3fd1a69dfdc174880,near,4227230#1f,80378485#1f,,,,4227230#1f,80378485#1f,true
9b168ffb031d55ee5d17,near,688731299#4r,688744016#1r,,,,688731299#4r,688744016#1r,true
9c804b420c7bc3b489cb,near,165636047#3f,939532441#1r,,,,165636047#3f,939532441#1r,true
9d62ccc3fdd74d5ac8f2,near,1549110517#3r,1453165194#1r,,,,1549110517#3r,1453165194#1r,true
9d7dd4e4295a80ccef01,near,360063233#1r,449281220#1f,,,,360063233#1r,449281220#1f,true
9de5a4db92d40ae20ab7,near,360063232#1f,449281220#1f,,,,360063232#1f,449281220#1f,true
9e6055ba80d2b39e6a89,near,690653921#2f,93091321#1f,,,,690653921#2f,93091321#1f,true
9efc19bf13de3bd9bbab,near,166399486#2r,92627433#1f,,,,166399486#2r,92627433#1f,true
9f4dbe8ffa5ab9c37699,near,167625750#1f,849737769#1f,,,,167625750#1f,849737769#1f,true
9f7826a63b3381872140,near,165636039#1f,1470365900#1f,,,,165636039#1f,1470365900#1f,true
9f81907f422a764f2995,near,1202747623#1r,503550463#1r,,,,1202747623#1r,503550463#1r,true
9f8f0b923096232b27f8,near,1202747623#1f,503550463#1r,,,,1202747623#1f,503550463#1r,true
9f9fed4e0107f0ddb815,near,120062661#1f,120062662#1f,,,,120062661#1f,120062662#1f,true
9fe3ead236a4a9640b67,near,851792659#1r,1453165194#2f,,,,851792659#1r,1453165194#2f,true
a0419676cb3ad860726d,near,1202747623#1r,503550463#1f,,,,1202747623#1r,503550463#1f,true
a11c498edd8e00ea92de,near,164338247#3r,177590090#2r,,,,164338247#3r,177590090#2r,true
a15c10ada5e6e9e66201,near,156242241#1f,24655134#1f,,,,156242241#1f,24655134#1f,true
a2447dcb6fbd61689ed5,near,156242241#1f,93137615#4f,,,,156242241#1f,93137615#4f,true
a326cc2fa69c29969baa,near,254596870#2r,168959164#1f,,,,254596870#2r,168959164#1f,true
a39ea1a44c6dd5046813,near,353889272#1f,1470365899#1f,,,,353889272#1f,1470365899#1f,true
a4992b4debcee10a45ed,near,4227164#1f,93091315#1f,,,,4227164#1f,93091315#1f,true
a4f1f84dd10ae456fa2f,near,1549110518#1f,449281220#1f,,,,1549110518#1f,449281220#1f,true
a56fa6c13ed869f1c363,near,161752639#1f,161752642#1r,,,,161752639#1f,161752642#1r,true
a5dfa9478fbd0dc4069d,near,503090216#1f,1453165195#1f,,,,503090216#1f,1453165195#1f,true
a61d9a74368d43a348ea,near,1202747622#1r,503550463#1f,,,,1202747622#1r,503550463#1f,true
a66c851aee448149d57b,near,92627405#1r,176085754#1f,,,,92627405#1r,176085754#1f,true
a6f10962fdeeee20470c,near,166399486#1r,1453165194#2r,,,,166399486#1r,1453165194#2r,true
a75b96d68856ea17990a,near,398362860#1f,80378486#1f,,,,398362860#1f,80378486#1f,true
a7779053a9001714a78a,near,120113156#1f,946562629#1f,,,,120113156#1f,946562629#1f,true
a7b9765a8016cc1b0b76,near,317925725#2f,177231047#1r,,,,317925725#2f,177231047#1r,true
a880c2554c4eae61a25a,near,201011053#1f,1327492343#1f,,,,201011053#1f,1327492343#1f,true
a883938d6047d5176c38,near,92627431#1r,93137615#5r,,,,92627431#1r,93137615#5r,true
a8a23953871c31cce583,near,1024523798#1f,177396051#1f,,,,1024523798#1f,177396051#1f,true
a8f13c0acb2fcb6342c1,near,95449778#1f,166009795#1f,,,,95449778#1f,166009795#1f,true
a9b9ca57b5985df7ea33,near,1202747622#1f,503550463#1r,,,,1202747622#1f,503550463#1r,true
a9dd7bc8bedb2cae7981,near,833633729#2r,158215196#2f,,,,833633729#2r,158215196#2f,true
ab42f57754532dc88fa2,near,78147639#2f,158007908#1r,,,,78147639#2f,158007908#1r,true
acebd35fce01ad9a7670,near,278143574#2f,278143571#1f,,,,278143574#2f,278143571#1f,true
adda5c013b42cd2840f8,near,688731312#2f,944079968#1f,,,,688731312#2f,944079968#1f,true
ae2ea01d69ae406e3040,near,353889272#1f,1470365903#1f,,,,353889272#1f,1470365903#1f,true
ae359c6057630179589d,near,160004399#1r,160004398#1f,,,,160004399#1r,160004398#1f,true
ae46d14cc398ecc9ef06,near,688744015#1f,688744016#1f,,,,688744015#1f,688744016#1f,true
ae692e156dbb78a40922,near,1024393367#1f,120062272#1f,,,,1024393367#1f,120062272#1f,true
afdea2f8e00dcf78af58,near,157719645#8f,177590090#2r,,,,157719645#8f,177590090#2r,true
b015d61b9937de44eaaa,near,952419571#1f,176395396#1f,,,,952419571#1f,176395396#1f,true
b025d35e5a9fff865af7,near,92627436#1f,1549110527#1f,,,,92627436#1f,1549110527#1f,true
b0437075866cd3503b53,near,177429338#1f,120062666#1f,,,,177429338#1f,120062666#1f,true
b08924f5c042e3dd61e5,near,688731299#3f,688744016#1f,,,,688731299#3f,688744016#1f,true
b0a31843c267033c4bb0,near,158007921#1f,158007908#1f,,,,158007921#1f,158007908#1f,true
b1dbb36c1f1b8705f6f1,near,121378297#3f,176510131#1f,,,,121378297#3f,176510131#1f,true
b1ea0bd8b32fe99dec79,near,158007923#1f,158007908#1r,,,,158007923#1f,158007908#1r,true
b2f792a6236a0b5ed48a,near,1019174499#1f,93207287#1f,,,,1019174499#1f,93207287#1f,true
b38c2af5a8db89840641,near,92627406#2f,158215196#1f,,,,92627406#2f,158215196#1f,true
b4ae5015490275138d7c,near,120062660#1f,120062663#1f,,,,120062660#1f,120062663#1f,true
b4de1e4c2d40f7cedfc0,near,166399486#2f,1453165194#2f,,,,166399486#2f,1453165194#2f,true
b603972cab77b3982223,near,92627431#1f,93137615#4f,,,,92627431#1f,93137615#4f,true
b628412076d20582b1b4,near,95449778#1r,166009795#1f,,,,95449778#1r,166009795#1f,true
b6e5b6d1174b9570d924,near,1019174499#1f,93207288#1f,,,,1019174499#1f,93207288#1f,true
b811999cfeae9a63f29d,near,690653919#1f,93091321#1f,,,,690653919#1f,93091321#1f,true
b814a3024b186318d353,near,503783368#1f,24655134#1f,,,,503783368#1f,24655134#1f,true
b81b9e6fea3938b35e45,near,353889165#1f,4230081#4f,,,,353889165#1f,4230081#4f,true
b9d4f8eb771a333e4f2d,near,4230007#2r,92627415#1f,,,,4230007#2r,92627415#1f,true
ba0fb410c13a190d5a02,near,952419569#1f,1327492337#1f,,,,952419569#1f,1327492337#1f,true
bbcd20b03f5307081ea8,near,92627436#1r,1549110516#4f,,,,92627436#1r,1549110516#4f,true
bcd0b7980c254558f062,near,4229536#1r,160004398#1r,,,,4229536#1r,160004398#1r,true
bd1c0a7796bacb797e85,near,1034851195#1f,161752642#1f,,,,1034851195#1f,161752642#1f,true
bd47b50f4a79e282e070,near,160004393#1f,4230891#1f,,,,160004393#1f,4230891#1f,true
be14b5fc7e5d09f345e8,near,1202747622#1r,158215178#1r,,,,1202747622#1r,158215178#1r,true
be15842e159b66c37098,near,166399486#2f,92627433#1f,,,,166399486#2f,92627433#1f,true
be3d3bbe144ed4193ef1,near,690653919#2f,93091321#1f,,,,690653919#2f,93091321#1f,true
be44f32ee4b9488168d8,near,688731312#2f,688744016#1f,,,,688731312#2f,688744016#1f,true
be83ef9c5a2383fa0c88,near,688731299#2f,688744016#1r,,,,688731299#2f,688744016#1r,true
bf91ff5e767e7bbbe763,near,1549110517#3r,1453165194#1f,,,,1549110517#3r,1453165194#1f,true
c09e02c5d8fd64da1d86,near,120113156#1r,946562629#1f,,,,120113156#1r,946562629#1f,true
c0c55fe569ca18ee79ab,near,157719645#8r,177590090#2r,,,,157719645#8r,177590090#2r,true
c1a7e75c28bafbd32c71,near,155085108#1f,176395396#1f,,,,155085108#1f,176395396#1f,true
c1a8caa578232c209475,near,157719645#8r,177590090#2f,,,,157719645#8r,177590090#2f,true
c28986c3c475dee63d61,near,690653919#2f,690131583#1f,,,,690653919#2f,690131583#1f,true
c2e2301cf59912b9979d,near,176531067#1f,121380669#1r,,,,176531067#1f,121380669#1r,true
c39476b33e28403b8e4f,near,278143574#4f,278143571#1r,,,,278143574#4f,278143571#1r,true
c4857b33d2190cb0bf2f,near,353889272#1f,176085755#2f,,,,353889272#1f,176085755#2f,true
c53c864956a952f881a3,near,435061380#1r,1453165194#2r,,,,435061380#1r,1453165194#2r,true
c57396f459701b4eabf5,near,25103769#1f,176085754#1f,,,,25103769#1f,176085754#1f,true
c6f75f25bde73d60ab5d,near,201009264#3r,1549110516#2r,,,,201009264#3r,1549110516#2r,true
c80ffbecbe504fee5e82,near,92627405#1r,353889276#3f,,,,92627405#1r,353889276#3f,true
c93824735ff2cf9f125d,near,952419572#1f,120114107#1f,,,,952419572#1f,120114107#1f,true
c957de7cb42a067c2ff1,near,164338247#4r,177590090#2f,,,,164338247#4r,177590090#2f,true
c98f9b633b89b8f5f981,near,92627405#1f,1000930351#1f,,,,92627405#1f,1000930351#1f,true
c9f0f5ccbcd370159d5f,near,25103774#1f,1470365899#1f,,,,25103774#1f,1470365899#1f,true
ca152937476b2b093510,near,92627406#3r,158215196#1r,,,,92627406#3r,158215196#1r,true
caafc6878882f0724d0a,near,161629440#1f,93207288#1f,,,,161629440#1f,93207288#1f,true
cac780175d723a09136b,near,688731299#4f,688744016#1f,,,,688731299#4f,688744016#1f,true
cae13d76da9d18a82e25,near,4230119#1f,166856355#1f,,,,4230119#1f,166856355#1f,true
cb34f601bf3595f5b861,near,353889272#1f,353889280#1f,,,,353889272#1f,353889280#1f,true
cb9a55459b36c23c945d,near,166558481#2f,80378485#1f,,,,166558481#2f,80378485#1f,true
cba6a32c3924a9464516,near,159170525#3f,120114108#1f,,,,159170525#3f,120114108#1f,true
cc2c5845917b555eac85,near,164338247#3r,177590090#2f,,,,164338247#3r,177590090#2f,true
ccba5efff902f9d151e9,near,25103769#1f,1470365900#1f,,,,25103769#1f,1470365900#1f,true
cdb9ae02420a9e12dabb,near,161752639#1r,161752642#1r,,,,161752639#1r,161752642#1r,true
ce0c551332a2c0b2a7e9,near,95449780#1f,8135845#1f,,,,95449780#1f,8135845#1f,true
ce4fd3470806078459d3,near,688731299#2f,944079968#1f,,,,688731299#2f,944079968#1f,true
cea94bb804aa0be1b694,near,201009264#3r,1549110516#4r,,,,201009264#3r,1549110516#4r,true
cf6f3ae9dacfe68c8684,near,92627431#1f,93137615#5r,,,,92627431#1f,93137615#5r,true
cf79872b6307ca15b065,near,690653919#1f,690131583#1f,,,,690653919#1f,690131583#1f,true
d16a99a7be3663237cb8,near,164338247#3f,177590090#2r,,,,164338247#3f,177590090#2r,true
d20dc4842001d79a605a,near,167625718#1f,167625746#1f,,,,167625718#1f,167625746#1f,true
d23c1b00967b12c8370f,near,95449780#1r,177587135#1f,,,,95449780#1r,177587135#1f,true
d281fb73c136c78bc616,near,774751108#1f,176395396#1f,,,,774751108#1f,176395396#1f,true
d33bcb560f06b55ab03d,near,1146071897#1r,177231047#1r,,,,1146071897#1r,177231047#1r,true
d455fca885d6002b52f4,near,92627436#1f,360063232#1r,,,,92627436#1f,360063232#1r,true
d48cdf7fbc6ee16cf5d8,near,1202747622#1f,158215178#1r,,,,1202747622#1f,158215178#1r,true
d5295074bfc0ce72d622,near,120062664#1f,120062666#1f,,,,120062664#1f,120062666#1f,true
d5a6a6e8057623375815,near,176130562#2f,158215176#1r,,,,176130562#2f,158215176#1r,true
d5e592d3ea56c99e5d04,near,92627405#1f,176085754#1f,,,,92627405#1f,176085754#1f,true
d68bf21aaace55b660f0,near,1327492340#1f,176395396#1f,,,,1327492340#1f,176395396#1f,true
d7c925018e9528d765fe,near,254596870#2f,168959164#1f,,,,254596870#2f,168959164#1f,true
da1a3dc7c0c373b3d812,near,4229536#1r,160004398#1f,,,,4229536#1r,160004398#1f,true
daa5f6f9c192dfc2dd51,near,4227208#2f,1197885780#1f,,,,4227208#2f,1197885780#1f,true
db3191e016225e123595,near,160004399#1f,160004398#1f,,,,160004399#1f,160004398#1f,true
db53e45615ff57c64c5c,near,92627431#1f,24655134#1f,,,,92627431#1f,24655134#1f,true
db5445740d9058532b21,near,1410590317#1f,177231047#1r,,,,1410590317#1f,177231047#1r,true
dbcc43ec08075bc29399,near,158007921#1f,158007914#1f,,,,158007921#1f,158007914#1f,true
dbe73149b6f953a5f052,near,167625727#14f,158215196#2f,,,,167625727#14f,158215196#2f,true
dc0cf2fd7c8fcddec2f8,near,1549110518#1r,449281220#1f,,,,1549110518#1r,449281220#1f,true
dc3143955d34edbef323,near,1327492339#1f,80378486#1f,,,,1327492339#1f,80378486#1f,true
dca2736601361c0be327,near,95449780#1r,106705723#1f,,,,95449780#1r,106705723#1f,true
dd14062e0ba2ea934a72,near,1212029943#1f,176395396#1f,,,,1212029943#1f,176395396#1f,true
dd51f6b4330cc37609c7,near,854880221#1f,944079968#1f,,,,854880221#1f,944079968#1f,true
ddcd80f48858e73147ed,near,157719645#7r,177590090#2f,,,,157719645#7r,177590090#2f,true
de8728dbe68e088e534a,near,182694289#1f,166558488#1f,,,,182694289#1f,166558488#1f,true
df0f92133dc3e8f1f960,near,92627436#1f,1549110516#4f,,,,92627436#1f,1549110516#4f,true
df44a1b5a095634a76e6,near,92627436#1f,1549110516#5f,,,,92627436#1f,1549110516#5f,true
dfbb3a508194bd7439fe,near,160004399#1r,160004398#1r,,,,160004399#1r,160004398#1r,true
dffe99ba02dc5ffb0e6e,near,688731312#1f,944079968#1f,,,,688731312#1f,944079968#1f,true
e00f2478bdfca715d92b,near,121378297#1f,166643410#1f,,,,121378297#1f,166643410#1f,true
e031b80d019fdce7bf4d,near,1449972043#1f,1197885780#1f,,,,1449972043#1f,1197885780#1f,true
e0e1b502888b95c3bba4,near,503462464#2f,182699444#1f,,,,503462464#2f,182699444#1f,true
e11a30cd50cbdc3a186f,near,952419571#1f,80378486#1f,,,,952419571#1f,80378486#1f,true
e15856924b65efe665b1,near,688731299#2f,688744016#1f,,,,688731299#2f,688744016#1f,true
e1e2dcd28f46fd259daf,near,1202747623#2r,158215178#1f,,,,1202747623#2r,158215178#1f,true
e286e9c9626d957d3a7d,near,177429338#1f,120062666#1r,,,,177429338#1f,120062666#1r,true
e3e616b906b144634d40,near,164338247#3f,177590092#1f,,,,164338247#3f,177590092#1f,true
e4147c7eafc692cbf59f,near,1082312612#1r,158215196#1r,,,,1082312612#1r,158215196#1r,true
e434856613a174a6ba05,near,177396034#1f,1024523795#1f,,,,177396034#1f,1024523795#1f,true
e49907ae4c7d6be3b075,near,201009264#3f,1549110516#2r,,,,201009264#3f,1549110516#2r,true
e56121a4d4fdb1e6810d,near,120062658#1f,177429339#1f,,,,120062658#1f,177429339#1f,true
e5711dd3da08cfa95c19,near,1327492340#1f,804900033#1f,,,,1327492340#1f,804900033#1f,true
e64b66bd97e86a6d6a68,near,4230119#1f,166856355#1r,,,,4230119#1f,166856355#1r,true
e7229c3ac2c93e8c61bc,near,92627436#1r,1549110527#1f,,,,92627436#1r,1549110527#1f,true
e7d82f567a14bb38a2a5,near,121378297#2f,120113155#4f,,,,121378297#2f,120113155#4f,true
e880ce06026a6efc7d75,near,1019174499#1f,353889383#2f,,,,1019174499#1f,353889383#2f,true
e9068a2084d1027524a5,near,320117832#1f,177396051#1f,,,,320117832#1f,177396051#1f,true
e9c8d72d4207b4f10879,near,952419569#1f,177380385#1f,,,,952419569#1f,177380385#1f,true
ec22207c31623e50598f,near,360063233#1f,449281220#1f,,,,360063233#1f,449281220#1f,true
ec57b8dcbc6287f7930f,near,1146071897#1r,177231047#1f,,,,1146071897#1r,177231047#1f,true
ecd15540d4d907f56a4f,near,201009264#3f,1549110516#3f,,,,201009264#3f,1549110516#3f,true
ed2e1eb2beeb8eddf578,near,93091312#3f,849737769#1f,,,,93091312#3f,849737769#1f,true
ed564e6994495f3d9648,near,201011053#1f,121380669#1r,,,,201011053#1f,121380669#1r,true
edd0fde86272998a4459,near,1202747622#1f,503550463#1f,,,,1202747622#1f,503550463#1f,true
ee2d595847cd632713b2,near,278143574#2f,278143571#1r,,,,278143574#2f,278143571#1r,true
ee7c5c25f251f33f5a94,near,4230114#2f,128273231#1f,,,,4230114#2f,128273231#1f,true
ee813783e1aadc1c4d4d,near,92627436#1f,1549110516#5r,,,,92627436#1f,1549110516#5r,true
efeaab8ab5ac72bc9210,near,25103769#1f,353889280#1f,,,,25103769#1f,353889280#1f,true
f067c39b600ac02c2148,near,92627436#1f,449281220#1f,,,,92627436#1f,449281220#1f,true
f090f43e05b845613c09,near,952419569#1f,1203858295#1f,,,,952419569#1f,1203858295#1f,true
f0b9db9c37e4336665eb,near,92627431#1r,93137615#4r,,,,92627431#1r,93137615#4r,true
f116fd4009f53004b3c5,near,688731299#2r,688744016#1f,,,,688731299#2r,688744016#1f,true
f36691434641703c5ab4,near,201009264#3f,1549110516#4f,,,,201009264#3f,1549110516#4f,true
f5290796da18c37e502b,near,1019174509#3f,120113158#1f,,,,1019174509#3f,120113158#1f,true
f5fb54625c77061ae793,near,1202747622#2r,503550463#1f,,,,1202747622#2r,503550463#1f,true
f6f211034cf85bf021a7,near,160004399#1f,160004398#1r,,,,160004399#1f,160004398#1r,true
f882964e90fd5cdc2d85,near,688731312#2f,688744016#1r,,,,688731312#2f,688744016#1r,true
f8b27d42f198dba39bb2,near,851792659#1f,1453165194#2f,,,,851792659#1f,1453165194#2f,true
f96306c7914762b0972d,near,201009264#3r,1549110516#2f,,,,201009264#3r,1549110516#2f,true
f990466bcc9e6c4e2bc3,near,1327492341#1f,1203858295#1f,,,,1327492341#1f,1203858295#1f,true
fa27272370c685d5e473,near,92627406#3f,158215196#1f,,,,92627406#3f,158215196#1f,true
fa51fd28542c96bf844e,near,201011053#2f,176395396#1f,,,,201011053#2f,176395396#1f,true
fa61d4e1e347722c6b75,near,177396046#1f,1024523795#1f,,,,177396046#1f,1024523795#1f,true
fab69e413540d9e5c22f,near,78147639#2f,158007908#1f,,,,78147639#2f,158007908#1f,true
fb0d3cf2407d57d9afc5,near,161752639#1f,161752642#1f,,,,161752639#1f,161752642#1f,true
fb25b176937c8bdd5e34,near,164338236#2f,120113157#1r,,,,164338236#2f,120113157#1r,true
fb31d793dcec129a4dfe,near,167625718#2f,177045628#1f,,,,167625718#2f,177045628#1f,true
fbac2ca21614a1e6d7a7,near,201011053#1f,1327492342#1f,,,,201011053#1f,1327492342#1f,true
fc5559a0fcf9c7eef7f0,near,92627436#1f,1549110527#1r,,,,92627436#1f,1549110527#1r,true
fc587454d161ecd75e46,near,4229325#1f,120062666#1r,,,,4229325#1f,120062666#1r,true
fc67a29a5ad469299209,near,158007923#1f,158007908#1f,,,,158007923#1f,158007908#1f,true
fc8a31a8838c423b2670,near,834307952#1f,158007908#1r,,,,834307952#1f,158007908#1r,true
fcf925cde2311fb353fa,near,166149542#6f,120062666#1f,,,,166149542#6f,120062666#1f,true
fd940709d5836b284138,near,201009264#3r,1549110516#3r,,,,201009264#3r,1549110516#3r,true
fd94a5952dfb030028d8,near,92627406#3f,158215196#1r,,,,92627406#3f,158215196#1r,true
fe09cbf744245c0b8efc,near,164338247#3r,177590092#1f,,,,164338247#3r,177590092#1f,true
fe9cc2947f4e481ecfb2,near,952419572#1f,80378486#1f,,,,952419572#1f,80378486#1f,true
fec260042b10b6ed8442,near,1202747622#2r,158215178#1r,,,,1202747622#2r,158215178#1r,true
fff0de6e7362644289ae,near,688731299#3r,688744016#1f,,,,688731299#3r,688744016#1f,true
0022db6a054a4e75961a,order,166399501#3r,850261602#7f,,,,166399501#3r,850261602#7f,true
0036c15cacc505466263,order,78147639#2r,834307952#1f,,,,78147639#2r,834307952#1f,true
00be5fc9da0aea488e92,order,166399478#6r,849737743#2r,,,,166399478#6r,849737743#2r,true
00ca292cac515317f0c9,order,177189425#3f,177052163#1r,,,,177189425#3f,177052163#1r,true
00d4700b583a8c32fd7d,order,181479771#7f,159170498#1f,,,,181479771#7f,159170498#1f,true
0108e64bebb2ad48e19b,order,39839529#3r,93091320#1r,,,,39839529#3r,93091320#1r,true
010d45a5eeb7ad5d85b8,order,254596488#1f,1342546111#2f,,,,254596488#1f,1342546111#2f,true
011184c32571bb901233,order,200502086#4f,586508238#1f,,,,200502086#4f,586508238#1f,true
014ebb7af02cdd99bd5e,order,503434375#1f,176337638#2f,,,,503434375#1f,176337638#2f,true
01b94da1ac505bbccb65,order,168104494#1f,1365209993#1r,,,,168104494#1f,1365209993#1r,true
01c5de0f751d8516c5b2,order,686878366#1f,159170492#1f,,,,686878366#1f,159170492#1f,true
01df2e65e2065cb44a95,order,24655134#1f,1342546111#2f,,,,24655134#1f,1342546111#2f,true
01e0ab0cbbd04deea0d2,order,1388331345#2f,78141882#2r,,,,1388331345#2f,78141882#2r,true
0225696b4a14d055214b,order,214636589#1f,31900611#4r,,,,214636589#1f,31900611#4r,true
024481e635fcdf44ecc0,order,165636031#3r,834313093#1r,,,,165636031#3r,834313093#1r,true
024916ab94edb09c37dd,order,503434396#1f,1019646822#2r,,,,503434396#1f,1019646822#2r,true
0299940d2299db0dd279,order,4230099#9r,1342546088#1f,,,,4230099#9r,1342546088#1f,true
02e9f315b13486830bba,order,159170509#3f,176776331#7f,,,,159170509#3f,176776331#7f,true
02ed335e1afc3b6f9c43,order,941748458#1f,39839529#1r,,,,941748458#1f,39839529#1r,true
0312386105b4db4ed57d,order,92627425#1f,1549110514#1f,,,,92627425#1f,1549110514#1f,true
038f10d88e20f63ed950,order,39839529#3f,93091320#1f,,,,39839529#3f,93091320#1f,true
03df73b9f0004d1f3673,order,4230891#3f,1365041486#2f,,,,4230891#3f,1365041486#2f,true
03e23d1a205c10d02420,order,167625756#4f,1243224902#1f,,,,167625756#4f,1243224902#1f,true
040f2469db17cdea06cd,order,93137589#1f,93137575#1r,,,,93137589#1f,93137575#1r,true
04a76c03a57cccd6ac36,order,8352246#7f,167086057#2f,,,,8352246#7f,167086057#2f,true
04b99209834ad1d1d14d,order,1058067231#1f,158189830#1r,,,,1058067231#1f,158189830#1r,true
04c48b2d7f79ce36fc73,order,1388331345#1f,78141882#2f,,,,1388331345#1f,78141882#2f,true
04f9592be4c313228cb3,order,568187257#3f,161733292#1r,,,,568187257#3f,161733292#1r,true
05286c47edfb31eb0d4e,order,166558481#1f,176774211#2f,,,,166558481#1f,176774211#2f,true
053dc8fa2f221cc11c94,order,159170509#2f,176776331#6f,,,,159170509#2f,176776331#6f,true
057259d6946a8b84948f,order,165636030#1f,1197885781#1f,,,,165636030#1f,1197885781#1f,true
05971f1cb2d1bad65e5b,order,214636589#2r,31900611#4f,,,,214636589#2r,31900611#4f,true
05b0cff8bd0a7fbf236c,order,176333306#1f,4230011#1r,,,,176333306#1f,4230011#1r,true
05bb2bfc4a4282ec8e28,order,93137621#1f,50501898#1f,,,,93137621#1f,50501898#1f,true
05c0350c13606ac31b8e,order,165636038#3f,4227198#1f,,,,165636038#3f,4227198#1f,true
05ebd152cec3120c7457,order,214636589#3r,31900611#1r,,,,214636589#3r,31900611#1r,true
063629018071f93c09ae,order,176336114#2f,176336111#3f,,,,176336114#2f,176336111#3f,true
06761dbe7756e6cb6b14,order,503471324#1f,1086377394#1f,,,,503471324#1f,1086377394#1f,true
067dc09d5f4b5e5f12bc,order,1453878835#1f,176776331#8f,,,,1453878835#1f,176776331#8f,true
0690cdcbc34823cfb5dd,order,166399489#1f,159170492#1f,,,,166399489#1f,159170492#1f,true
0695857f3bd0a1b7f82f,order,503462474#1f,92627414#1f,,,,503462474#1f,92627414#1f,true
06ac34ae3e7706447b74,order,157719643#2f,24672709#1r,,,,157719643#2f,24672709#1r,true
06b609423c9d396cc801,order,1058067232#1f,1549110515#3f,,,,1058067232#1f,1549110515#3f,true
078ab341218f11d83413,order,165636064#2f,4227272#1f,,,,165636064#2f,4227272#1f,true
07949688d7b813501710,order,176336376#1f,334364604#1r,,,,176336376#1f,334364604#1r,true
07bc465c1101eddeedff,order,809470168#1f,161752645#1f,,,,809470168#1f,161752645#1f,true
07e901b4b88bc39dc744,order,4097656#5r,4229577#1f,,,,4097656#5r,4229577#1f,true
07ed00983ec217a6a292,order,166399512#1f,1086377386#2r,,,,166399512#1f,1086377386#2r,true
0842ef9f5cfd4444d165,order,176334445#1f,4230105#1r,,,,176334445#1f,4230105#1r,true
08504599e5355bc48ad4,order,93137589#1f,93137575#1f,,,,93137589#1f,93137575#1f,true
088c92a420c1beb9591f,order,176674531#2f,840101178#1r,,,,176674531#2f,840101178#1r,true
08aee5389f2418c987d0,order,503434389#1f,166009794#1f,,,,503434389#1f,166009794#1f,true
08c0fd2a3b7d40d6d67e,order,157719647#1f,4229577#1f,,,,157719647#1f,4229577#1f,true
08c54c80053f018d46eb,order,423632264#2r,172533153#1f,,,,423632264#2r,172533153#1f,true
091b79846c88233acd4c,order,35092475#1f,176477342#4r,,,,35092475#1f,176477342#4r,true
098f8e7f2eeb864120de,order,503462466#3f,182700005#1f,,,,503462466#3f,182700005#1f,true
09921ea769297a40dc2e,order,176577460#3r,1365041523#1f,,,,176577460#3r,1365041523#1f,true
09969b81b5d7c8abd813,order,688731299#3f,688731312#2f,,,,688731299#3f,688731312#2f,true
09dadd2714288a839b33,order,176674531#1f,840101178#1r,,,,176674531#1f,840101178#1r,true
09e246a0afdef0894e20,order,990669429#1f,155085119#1r,,,,990669429#1f,155085119#1r,true
09f5b8058398c79b4f0d,order,1131276187#1f,120114108#1f,,,,1131276187#1f,120114108#1f,true
0a4a58748873d02a7263,order,157719641#1f,164338243#1r,,,,157719641#1f,164338243#1r,true
0a9a08fe3daf8a9158ed,order,200502086#3f,586508238#1f,,,,200502086#3f,586508238#1f,true
0ae3cd4c5baa8a3ee060,order,1442119701#1f,278143579#3f,,,,1442119701#1f,278143579#3f,true
0b1adcb78d9dca85acf8,order,503475642#1r,485746484#1f,,,,503475642#1r,485746484#1f,true
0b20e9154cfa4bdf5e3b,order,4230009#1f,809470168#3f,,,,4230009#1f,809470168#3f,true
0b2762e2daaf3a47339f,order,503783376#2r,177590093#1r,,,,503783376#2r,177590093#1r,true
0b780457e7c2b638aad3,order,157719698#4f,157719701#1r,,,,157719698#4f,157719701#1r,true
0b82507308403f272f3e,order,155085119#5f,1297328848#1f,,,,155085119#5f,1297328848#1f,true
0b8dbdfdf43be12e261d,order,25082741#5r,233894501#1f,,,,25082741#5r,233894501#1f,true
0bdd43f602f3c107eccf,order,24655134#1f,1342546111#2r,,,,24655134#1f,1342546111#2r,true
0becf5ad3d6d523f5a93,order,214635117#8r,158215197#1r,,,,214635117#8r,158215197#1r,true
0beeb062aff545f6f3e0,order,182692348#2f,261740027#1f,,,,182692348#2f,261740027#1f,true
0c55af4b0b4a4d27d533,order,214635117#4f,1082281160#2r,,,,214635117#4f,1082281160#2r,true
0c7ec09488c8bc57594a,order,78147639#2r,158007923#1f,,,,78147639#2r,158007923#1f,true
0cac3342c1cdaef30c5f,order,4227233#1f,164338222#2r,,,,4227233#1f,164338222#2r,true
0cc7333dd46d002d91c8,order,128273232#1r,1034247203#1f,,,,128273232#1r,1034247203#1f,true
0ce404b217e5a7ec1ffc,order,503475642#2f,1428926458#1f,,,,503475642#2f,1428926458#1f,true
0cee73ae44182028cb47,order,1233853668#1r,1146071897#1f,,,,1233853668#1r,1146071897#1f,true
0cf235731365454d689f,order,212766110#1f,503475667#1f,,,,212766110#1f,503475667#1f,true
0cf3c34be8822de158ce,order,159170465#4f,67923338#2f,,,,159170465#4f,67923338#2f,true
0dcc45993f4caa618eaa,order,1388331345#1f,78141882#2r,,,,1388331345#1f,78141882#2r,true
0dee433f59a9d8d70a95,order,196538402#1f,4230117#1r,,,,196538402#1f,4230117#1r,true
0def8b977eca30ffcfe5,order,214635117#7f,158215197#1r,,,,214635117#7f,158215197#1r,true
0e5c802be38398203b18,order,161775592#1f,93137627#1f,,,,161775592#1f,93137627#1f,true
0ee5a7732df6de8f1bc8,order,690914542#2f,690914541#1f,,,,690914542#2f,690914541#1f,true
0eee5159a0e807c3f273,order,212764300#1f,214635479#1f,,,,212764300#1f,214635479#1f,true
0f6a73837113e748a157,order,167625756#3f,1243224905#1f,,,,167625756#3f,1243224905#1f,true
0f8d7ae9e54bd6344ce3,order,254596487#1r,176085754#1f,,,,254596487#1r,176085754#1f,true
0fc19eeed1eff404b1a5,order,168104494#1f,1365209993#1f,,,,168104494#1f,1365209993#1f,true
0fd79461762fa8f7c59d,order,503475643#1f,1276784167#1f,,,,503475643#1f,1276784167#1f,true
0fd99da49b6508eafe9e,order,4230009#1r,4229658#1f,,,,4230009#1r,4229658#1f,true
10210a4b361dca2af687,order,176757512#1f,93091319#3f,,,,176757512#1f,93091319#3f,true
1083f8f1af5a5c87ba85,order,25082741#6f,233894501#1f,,,,25082741#6f,233894501#1f,true
10dae79d76d7fbb7327d,order,1019360050#2f,1327492347#1f,,,,1019360050#2f,1327492347#1f,true
1128219fe736eb38b867,order,25082741#5f,233894501#1f,,,,25082741#5f,233894501#1f,true
115eb58a4ccd3e9a6e0b,order,503434363#1f,94399553#1f,,,,503434363#1f,94399553#1f,true
11893355720c60afc896,order,1410590319#1f,1410590320#1f,,,,1410590319#1f,1410590320#1f,true
1193995d201958855fd0,order,214635117#5r,1082281160#2r,,,,214635117#5r,1082281160#2r,true
11a15dc3088608f16420,order,398362860#1f,200998962#1f,,,,398362860#1f,200998962#1f,true
12874eb26af274c79d2b,order,503462464#2f,93137630#1f,,,,503462464#2f,93137630#1f,true
129a50c15590f6711acf,order,4230099#7f,1203522177#1r,,,,4230099#7f,1203522177#1r,true
12c42848bbad73ca27d2,order,176336114#4f,168104483#1f,,,,176336114#4f,168104483#1f,true
12ce01d188459cb8ca07,order,688669118#1f,863835496#2f,,,,688669118#1f,863835496#2f,true
12d522da4214a4642803,order,4227208#1f,834185366#2f,,,,4227208#1f,834185366#2f,true
13257d398613707abbda,order,24655134#5f,1000930351#2f,,,,24655134#5f,1000930351#2f,true
13295737cd9787db3661,order,503462472#2f,503475663#1f,,,,503462472#2f,503475663#1f,true
133b11123a7a254c1f7c,order,165636031#4r,834313093#1f,,,,165636031#4r,834313093#1f,true
13a273822745746c55fc,order,166009792#1r,157719668#1f,,,,166009792#1r,157719668#1f,true
1403f938a5819abd3a85,order,177189425#1r,448186716#1f,,,,177189425#1r,448186716#1f,true
1429a7df6f9ff5293e39,order,503753416#1f,201009264#1r,,,,503753416#1f,201009264#1r,true
1446bcf8ca31fb2c1a3f,order,158215196#1f,177052555#1r,,,,158215196#1f,177052555#1r,true
1461d6ef9a120e990ea7,order,214635115#1f,833538179#2r,,,,214635115#1f,833538179#2r,true
149d59e513673cd7d737,order,4229325#2f,106705723#1f,,,,4229325#2f,106705723#1f,true
150995c6d91f105015a8,order,166399478#5f,849737743#2f,,,,166399478#5f,849737743#2f,true
1510709a404ce5200384,order,1019646823#2f,463430038#1f,,,,1019646823#2f,463430038#1f,true
1520592bd5dc2296d5d7,order,4227208#2r,834185366#2f,,,,4227208#2r,834185366#2f,true
15d28f41d1889f3ea391,order,166009792#2r,157719668#1f,,,,166009792#2r,157719668#1f,true
15d6d249767ce5345b10,order,157719644#3f,586268005#1f,,,,157719644#3f,586268005#1f,true
15dfd9ff4758174d10d9,order,4229292#1f,201009262#1f,,,,4229292#1f,201009262#1f,true
1671b004fa41fe193d3e,order,168890943#2f,161882805#1f,,,,168890943#2f,161882805#1f,true
169685c82f8591b1f006,order,854880221#2f,155085120#1r,,,,854880221#2f,155085120#1r,true
16ec2f2cb6ccbb950232,order,93137558#5f,1342556413#2r,,,,93137558#5f,1342556413#2r,true
16f5002c8f47980791df,order,503462473#1f,177189425#4r,,,,503462473#1f,177189425#4r,true
1702b8adb905883c29c6,order,161775592#1f,93137627#1r,,,,161775592#1f,93137627#1r,true
173c95e7e7c80985a540,order,168890943#4f,161882805#1f,,,,168890943#4f,161882805#1f,true
174b60c7e8d649e5105d,order,4097656#1f,176477342#4r,,,,4097656#1f,176477342#4r,true
176c39d33ed51c0d175e,order,93137558#1r,503783374#1f,,,,93137558#1r,503783374#1f,true
178ac10c6ddb47aeb816,order,157719668#2f,164338243#1f,,,,157719668#2f,164338243#1f,true
179013a43830afcfb9d4,order,690914542#2f,690914541#1r,,,,690914542#2f,690914541#1r,true
17a2ad9872879c2618a7,order,1174009935#1f,24655134#6f,,,,1174009935#1f,24655134#6f,true
17ac23355d4377d9b4ba,order,182700002#6f,1452797915#2f,,,,182700002#6f,1452797915#2f,true
17ca367007f73c5ffd95,order,166399478#5r,849737743#2f,,,,166399478#5r,849737743#2f,true
18706c28ba7bc357b6da,order,158215180#6f,177049248#1f,,,,158215180#6f,177049248#1f,true
191ed421c473d7f730e1,order,177189425#2f,448186716#1r,,,,177189425#2f,448186716#1r,true
192304f461ce0ca1b927,order,503783376#1f,177590093#1r,,,,503783376#1f,177590093#1r,true
194b3d1a13e0e3200470,order,503462475#1f,158215184#7r,,,,503462475#1f,158215184#7r,true
19c0d5d71fc2a366dea2,order,503090216#1f,463430038#1f,,,,503090216#1f,463430038#1f,true
1a1fdd4c9949a1b97b82,order,1238339145#3f,1202335429#2f,,,,1238339145#3f,1202335429#2f,true
1a9a83f77876d01a3675,order,690653921#2f,690653920#2f,,,,690653921#2f,690653920#2f,true
1aab983dfbb15f323482,order,214636589#2r,31900611#1f,,,,214636589#2r,31900611#1f,true
1ab0c7f5891c6aacda90,order,155085119#5r,1297328848#1r,,,,155085119#5r,1297328848#1r,true
1ac93e05b4605038d26f,order,503462472#3f,158215185#1f,,,,503462472#3f,158215185#1f,true
1bca00ae509e629723ec,order,176333304#2f,4230098#2f,,,,176333304#2f,4230098#2f,true
1bca81497c19c050f2ac,order,4230099#9r,1342546088#1r,,,,4230099#9r,1342546088#1r,true
1c34577a4251d96843f3,order,4230099#5f,1203522177#1r,,,,4230099#5f,1203522177#1r,true
1c6bc1c4ee5c3e9ba808,order,1549110516#5r,1549110527#1f,,,,1549110516#5r,1549110527#1f,true
1c6c383776f417bc2a73,order,1388331346#1f,1388331349#1f,,,,1388331346#1f,1388331349#1f,true
1cadfd49c068c5f9a7c7,order,159170450#1f,33749606#1f,,,,159170450#1f,33749606#1f,true
1cfab53b19b3521bfc40,order,161775593#2f,485746484#1f,,,,161775593#2f,485746484#1f,true
1d317948b222461e858a,order,166399478#8f,348748065#1f,,,,166399478#8f,348748065#1f,true
1d486cc8d772fda828d9,order,157719669#1f,24672709#1r,,,,157719669#1f,24672709#1r,true
1dc1c97d4288ed3ec74d,order,1174006400#1f,93137578#1f,,,,1174006400#1f,93137578#1f,true
1dcc6c421acd4787c163,order,804900035#1f,176257197#1f,,,,804900035#1f,176257197#1f,true
1dfcea8c7a9ddfbaae09,order,8056051#2f,851991828#2f,,,,8056051#2f,851991828#2f,true
1e139d72a8481264c26e,order,788197746#3f,176510129#1f,,,,788197746#3f,176510129#1f,true
1e35fce09e0c099d88e0,order,503783376#2f,177590093#1f,,,,503783376#2f,177590093#1f,true
1e40762140fbf6a3331c,order,1019174508#2f,1081601380#3r,,,,1019174508#2f,1081601380#3r,true
1e6539a63820ce1b0add,order,214636589#1r,31900611#4r,,,,214636589#1r,31900611#4r,true
1e7f5c88d75db679113b,order,176334445#2f,4230105#1r,,,,176334445#2f,4230105#1r,true
1e82988a5d0fef40df91,order,166009792#5r,168104483#3f,,,,166009792#5r,168104483#3f,true
1e9a67452db5810e99fc,order,4097656#2r,200502710#1f,,,,4097656#2r,200502710#1f,true
1ea6becc4a4a6a784064,order,688731299#4f,688744015#1f,,,,688731299#4f,688744015#1f,true
1ecc6a18e1776a351fca,order,167625727#2f,150050283#1r,,,,167625727#2f,150050283#1r,true
1ece69cca13eec8dc1cd,order,503462476#1f,4229274#1f,,,,503462476#1f,4229274#1f,true
1ed87f940ecd9036b3bc,order,35092475#5f,1551240830#1f,,,,35092475#5f,1551240830#1f,true
1f239495684076243355,order,1449972058#1f,1449972055#1f,,,,1449972058#1f,1449972055#1f,true
1f64c509ef9c8ebc3b41,order,176674531#2f,840101178#1f,,,,176674531#2f,840101178#1f,true
1f8215bf344b255facd3,order,167625756#3f,1243224901#1f,,,,167625756#3f,1243224901#1f,true
1f827fec9b6ae9044cfd,order,158215205#4f,834616138#1r,,,,158215205#4f,834616138#1r,true
1fca9e0420c82030f10d,order,503434383#1f,1449972059#1f,,,,503434383#1f,1449972059#1f,true
1fcea71251d775780f1c,order,165636031#5r,834185360#3f,,,,165636031#5r,834185360#3f,true
20304704d0e503415cbb,order,78147639#2f,158007923#1r,,,,78147639#2f,158007923#1r,true
20952909f7a366abff9b,order,196538402#1f,4230117#1f,,,,196538402#1f,4230117#1f,true
209661991f0e722c52e3,order,1019360050#1f,1327492347#1f,,,,1019360050#1f,1327492347#1f,true
20a42fd77e6020674704,order,157719662#2f,157719685#1r,,,,157719662#2f,157719685#1r,true
20cfed71f640baa60dd6,order,254596870#1r,33749606#1f,,,,254596870#1r,33749606#1f,true
20e308a105e5fb242193,order,1058067231#1f,158189830#1f,,,,1058067231#1f,158189830#1f,true
21467983602d411e0017,order,159170465#4f,67923338#2r,,,,159170465#4f,67923338#2r,true
2168e9c9164dd3ae5434,order,214635117#2f,1082281156#2r,,,,214635117#2f,1082281156#2r,true
21bd024a0d89d1c380cf,order,24668173#2f,840345537#1f,,,,24668173#2f,840345537#1f,true
21df808d12f61760951f,order,201009264#2r,360063233#1f,,,,201009264#2r,360063233#1f,true
21ef90e758187ba090ce,order,503783369#1f,1342546111#2r,,,,503783369#1f,1342546111#2r,true
2248eb3f63997f94baf3,order,423632269#1f,503462470#1f,,,,423632269#1f,503462470#1f,true
22527249f53fbef01001,order,167625718#2f,167625750#1f,,,,167625718#2f,167625750#1f,true
227a45ffeb75cf189e71,order,165636064#1f,1388331350#3f,,,,165636064#1f,1388331350#3f,true
227d0c39c2bc25b0b932,order,93137591#2f,93137596#1f,,,,93137591#2f,93137596#1f,true
22a43e73e0981da44b68,order,182692348#2f,166399491#1f,,,,182692348#2f,166399491#1f,true
22c9c86627795510974f,order,176577460#4f,1365041523#1r,,,,176577460#4f,1365041523#1r,true
22d9ef97abe1b7ac2e34,order,181479772#1f,1202730135#1r,,,,181479772#1f,1202730135#1r,true
22dbfcf32a9f81a00ff9,order,166149542#5r,94399437#1f,,,,166149542#5r,94399437#1f,true
231e26ee0316ce98037b,order,503813546#1r,172533153#1f,,,,503813546#1r,172533153#1f,true
237a5b091e65947a77ff,order,158215184#7r,448186730#2f,,,,158215184#7r,448186730#2f,true
239c98a39f5c167de1ff,order,182694289#1f,164338222#2r,,,,182694289#1f,164338222#2r,true
23b75667bcd8c72b9eee,order,4229329#1f,176510129#1f,,,,4229329#1f,176510129#1f,true
241285c28f7020ce96d3,order,157719644#3f,586268005#1r,,,,157719644#3f,586268005#1r,true
24c2c3075669bf9b1dab,order,157719652#2r,177232619#1f,,,,157719652#2r,177232619#1f,true
25167b1f9285f2806071,order,167625756#5f,1243224903#1f,,,,167625756#5f,1243224903#1f,true
25181274e1c4fffb62d3,order,158215180#2f,177049248#4f,,,,158215180#2f,177049248#4f,true
258b28c0ed1780df8161,order,4230118#2f,4230117#1r,,,,4230118#2f,4230117#1r,true
25a2cff4280c4e17b12f,order,1549110516#4r,1549110527#1r,,,,1549110516#4r,1549110527#1r,true
25d1782735bda3236af2,order,93137558#1r,1342546064#4f,,,,93137558#1r,1342546064#4f,true
262a654c62b609a182c8,order,1131276187#2f,120114108#1f,,,,1131276187#2f,120114108#1f,true
265d1a7ce9b796e78e6b,order,176333304#3f,4230098#2f,,,,176333304#3f,4230098#2f,true
2690c2868e36d02b0534,order,78147638#1f,143536261#1f,,,,78147638#1f,143536261#1f,true
26c35c34b90b09404420,order,1442119701#1f,503475667#1f,,,,1442119701#1f,503475667#1f,true
26db6806a93acbdf43bd,order,157719647#3f,586508234#1f,,,,157719647#3f,586508234#1f,true
2769028b3ba0dd3bb040,order,214635115#2f,833538179#2f,,,,214635115#2f,833538179#2f,true
27769b52b85930409456,order,690653921#2f,690653919#1f,,,,690653921#2f,690653919#1f,true
277d99a7a45acc1774b1,order,176477340#2f,176800137#1f,,,,176477340#2f,176800137#1f,true
27ef6fe60f1b02dbb6ef,order,4230186#2f,177588306#1f,,,,4230186#2f,177588306#1f,true
27f380e3e63f1d8f7a1e,order,25179329#2f,161752639#1r,,,,25179329#2f,161752639#1r,true
27ff5f5193fc392bf8ef,order,176334446#1f,51691775#1f,,,,176334446#1f,51691775#1f,true
2837b35ca003c5af51e0,order,93137558#1r,503783374#1r,,,,93137558#1r,503783374#1r,true
2858370daec88409ae7c,order,157719649#3f,334367775#1f,,,,157719649#3f,334367775#1f,true
2866315b5b835779a7ec,order,503813540#1f,4227230#1f,,,,503813540#1f,4227230#1f,true
2877035b1b082a6944bb,order,157719645#3r,1202361392#1r,,,,157719645#3r,1202361392#1r,true
2885495e8dee88874e42,order,788626643#1f,788626302#1f,,,,788626643#1f,788626302#1f,true
28b62325f613e3321026,order,166399478#5f,849737743#2r,,,,166399478#5f,849737743#2r,true
28c903010bc2c415b200,order,157719647#5f,586508235#2f,,,,157719647#5f,586508235#2f,true
28ca3995498c24918c0c,order,503813544#1r,93091319#3f,,,,503813544#1r,93091319#3f,true
28effff9d3e6502c7179,order,1549110516#4f,1549110527#1r,,,,1549110516#4f,1549110527#1r,true
28fd674b139c4e6864b2,order,157719649#4f,157719692#2f,,,,157719649#4f,157719692#2f,true
292106cfd84e994b695d,order,982061461#1f,334368435#1r,,,,982061461#1f,334368435#1r,true
2927ea3d6efbed3ad04f,order,167625719#3f,164338218#1r,,,,167625719#3f,164338218#1r,true
296e115f765fc5034cf6,order,157719647#7f,176674530#1r,,,,157719647#7f,176674530#1r,true
2987de4e237f784b4998,order,166399489#1f,68814575#1f,,,,166399489#1f,68814575#1f,true
2996a8803c35ea14a059,order,1058067232#1f,158189831#1f,,,,1058067232#1f,158189831#1f,true
2998c299206cbf36d396,order,4229536#1f,160004399#1r,,,,4229536#1f,160004399#1r,true
29b3a66737fdeb996750,order,158215180#1f,177049248#4f,,,,158215180#1f,177049248#4f,true
29d136d4ee4f9c61c0f3,order,168104483#2f,176336113#1f,,,,168104483#2f,176336113#1f,true
29d39c2e16c48690c07d,order,254596487#1f,176085754#1f,,,,254596487#1f,176085754#1f,true
29e0f033977f3390475e,order,212766110#2f,690914539#1r,,,,212766110#2f,690914539#1r,true
29ff607792ec357b553e,order,182700002#2f,1342546061#1f,,,,182700002#2f,1342546061#1f,true
2a1798c2de520f390d0a,order,254596486#1r,93137566#2f,,,,254596486#1r,93137566#2f,true
2a1954e4de83fe8c7c51,order,4230118#2r,4230117#1r,,,,4230118#2r,4230117#1r,true
2a195dcaebcb237c0ae3,order,181479771#6r,686878340#1f,,,,181479771#6r,686878340#1f,true
2a2fa8a8aeb813db13a4,order,39839531#3f,1365041526#1r,,,,39839531#3f,1365041526#1r,true
2a7316c4bfd7ebcaaf1d,order,1174006399#1f,93137569#2f,,,,1174006399#1f,93137569#2f,true
2a775d68c4f13537a8b4,order,166009791#1r,157719698#5f,,,,166009791#1r,157719698#5f,true
2a858fec1892f4935ada,order,200493424#2f,92627406#1f,,,,200493424#2f,92627406#1f,true
2ad10f63eb7cf820a912,order,254596488#1r,1342546111#2r,,,,254596488#1r,1342546111#2r,true
2ae4c36db8e48e69904c,order,157719652#1r,157719647#1f,,,,157719652#1r,157719647#1f,true
2b3d03faf86f6054a923,order,353889280#1f,1470365903#1f,,,,353889280#1f,1470365903#1f,true
2b5146ed62a174dbb572,order,176321050#1r,176510133#1f,,,,176321050#1r,176510133#1f,true
2c01b44dbdcc397aa5bd,order,39839529#2f,93091320#1r,,,,39839529#2f,93091320#1r,true
2c0c9ffc4fc2307cc600,order,157719652#3f,177232619#1f,,,,157719652#3f,177232619#1f,true
2c34b5d625b91624e89e,order,1319454162#1r,1319454161#1r,,,,1319454162#1r,1319454161#1r,true
2c764556013e42c6f607,order,176333304#1f,128273234#2f,,,,176333304#1f,128273234#2f,true
2c85c03ed1ff214af957,order,155085119#4r,1297328848#1f,,,,155085119#4r,1297328848#1f,true
2cb98f1ff1b44c1e3441,order,157719652#2f,177232619#1f,,,,157719652#2f,177232619#1f,true
2d3cb9b717b695801a48,order,166149542#1f,159170458#3f,,,,166149542#1f,159170458#3f,true
2d508ef2a58563e12d50,order,4097656#3r,200502710#1f,,,,4097656#3r,200502710#1f,true
2d68ddf69e4dd6286de0,order,214635114#1f,177189425#4f,,,,214635114#1f,177189425#4f,true
2d7166320189cd524882,order,214635117#4f,448186736#1r,,,,214635117#4f,448186736#1r,true
2d90a01e5e42bbee4cd8,order,166399478#7f,1314186421#1f,,,,166399478#7f,1314186421#1f,true
2d9dcc6899f03428daa8,order,503633034#2f,1086377399#3f,,,,503633034#2f,1086377399#3f,true
2da8d241c3254ab96639,order,503633032#5f,1086377399#2r,,,,503633032#5f,1086377399#2r,true
2df1a852808a4e1a6f13,order,4227208#1r,834185366#2r,,,,4227208#1r,834185366#2r,true
2e4133809be317691ff1,order,694608616#1f,176086162#1f,,,,694608616#1f,176086162#1f,true
2e497882c7ef68066b7a,order,161882796#1f,176776331#5f,,,,161882796#1f,176776331#5f,true
2e4c2149437c5505720d,order,25179329#2r,161748261#4f,,,,25179329#2r,161748261#4f,true
2e832bebdae3b8a0ee3b,order,159170465#4r,67923338#2f,,,,159170465#4r,67923338#2f,true
2e9bf33a5e2d377d3de7,order,165636030#2f,1197885781#1f,,,,165636030#2f,1197885781#1f,true
2f1495e4fdccfeb6948a,order,157719641#1r,164338243#1r,,,,157719641#1r,164338243#1r,true
2f2e9a8696c168aa471a,order,423632264#1f,200998962#1f,,,,423632264#1f,200998962#1f,true
2f3b869f559702e1e40f,order,503638814#1f,1034247204#2r,,,,503638814#1f,1034247204#2r,true
2f79862b51b4686afe65,order,262902069#2f,1203849334#2r,,,,262902069#2f,1203849334#2r,true
2f8abc312d8a81d09ac4,order,176321050#1f,176510133#1f,,,,176321050#1f,176510133#1f,true
2f980619d2d7ef4a9803,order,503462466#2f,182700005#1f,,,,503462466#2f,182700005#1f,true
3013b34166420d784246,order,93207288#1f,93207287#1f,,,,93207288#1f,93207287#1f,true
3014a214ced3d3ce6139,order,4227233#1r,164338222#2r,,,,4227233#1r,164338222#2r,true
301f1ea907fd3bf072c8,order,182692348#1f,182692350#1f,,,,182692348#1f,182692350#1f,true
306855300d09bab937e0,order,503475643#1r,1276784167#1f,,,,503475643#1r,1276784167#1f,true
307e559f991c5ea1ca19,order,503462474#1f,158215184#1r,,,,503462474#1f,158215184#1r,true
309e2d25cd7d42296ae3,order,4229329#2f,177587135#1f,,,,4229329#2f,177587135#1f,true
30d065bd2b75789ae58d,order,165636047#1f,1233828725#2f,,,,165636047#1f,1233828725#2f,true
30e77e23fac8e3695d5e,order,1174006400#1f,93137560#2f,,,,1174006400#1f,93137560#2f,true
30e8b4c10c146ce9686a,order,214636589#2r,31900611#1r,,,,214636589#2r,31900611#1r,true
31173669e0d49a15d48c,order,1238339144#1f,93137575#1f,,,,1238339144#1f,93137575#1f,true
311a314efa513e5442d8,order,503434362#1f,166399496#1f,,,,503434362#1f,166399496#1f,true
3121df31f9413230f01b,order,503471324#2f,1086377394#1f,,,,503471324#2f,1086377394#1f,true
3122a501b5dfde3ae41a,order,317925725#2r,688744912#1r,,,,317925725#2r,688744912#1r,true
3126d48392c055d46b2e,order,176577460#2r,1365041523#1f,,,,176577460#2r,1365041523#1f,true
31556c67d0def7e8d5c7,order,503783369#1f,1342546111#2f,,,,503783369#1f,1342546111#2f,true
31a4dde7d52873ff85e5,order,177189425#2r,177052163#1r,,,,177189425#2r,177052163#1r,true
31ae950f2eca0a62673e,order,1082515450#1r,809470168#1f,,,,1082515450#1r,809470168#1f,true
31d464ea54b4a6694fc8,order,214636589#2f,31900611#1r,,,,214636589#2f,31900611#1r,true
31e183d9aa679e0418d4,order,92627441#1f,212764302#1f,,,,92627441#1f,212764302#1f,true
31fc3fd9f1dd37756dd7,order,94400151#1f,159170492#3f,,,,94400151#1f,159170492#3f,true
32044d9d961866c48706,order,155085119#5r,1297328848#1f,,,,155085119#5r,1297328848#1f,true
3241986534479539c35c,order,93137558#5r,1342556413#2f,,,,93137558#5r,1342556413#2f,true
3245398b7cb4851419e9,order,4097656#4r,200502710#1f,,,,4097656#4r,200502710#1f,true
32590b05f74a6916384d,order,25179329#2r,1034851195#1f,,,,25179329#2r,1034851195#1f,true
32af6b86f74f2de45639,order,503434363#1f,94399590#1f,,,,503434363#1f,94399590#1f,true
32f823e7a6e999d76d9a,order,1238339144#1f,93137575#1r,,,,1238339144#1f,93137575#1r,true
3300e6ff087b3e17a2b6,order,423632277#2f,334520662#1r,,,,423632277#2f,334520662#1r,true
33527feb4344a07c1c69,order,4229325#2r,106705723#1f,,,,4229325#2r,106705723#1f,true
3387ae1142757561ca7e,order,182700002#5f,1342546058#3f,,,,182700002#5f,1342546058#3f,true
33cbd71c0ea08c492373,order,157719668#2r,164338243#1r,,,,157719668#2r,164338243#1r,true
33efabaf07c8d80a8cca,order,176333306#1f,1019646822#2f,,,,176333306#1f,1019646822#2f,true
340b3512818ac9a0407a,order,166009792#4r,164338241#4f,,,,166009792#4r,164338241#4f,true
343de1769f39c7bc0153,order,1019174508#1f,1081601380#3f,,,,1019174508#1f,1081601380#3f,true
343f83378b6e82d632eb,order,423632264#1r,200998962#1f,,,,423632264#1r,200998962#1f,true
344c2c39a8725ee0e129,order,158215196#1f,177052555#1f,,,,158215196#1f,177052555#1f,true
348406bb567f8fda6b49,order,4229539#1f,176674530#1r,,,,4229539#1f,176674530#1r,true
349c56d2260b73f0b2b6,order,176293207#2f,1079492040#1r,,,,176293207#2f,1079492040#1r,true
3500cf3bbd6ce3b7ceff,order,166009792#1r,157719668#1r,,,,166009792#1r,157719668#1r,true
350f68e390122ae56b8c,order,166399478#5r,849737743#2r,,,,166399478#5r,849737743#2r,true
357b528b33f863316b02,order,157719649#5f,157719692#2f,,,,157719649#5f,157719692#2f,true
358da17da725a72223e8,order,507581426#1f,39838265#2f,,,,507581426#1f,39838265#2f,true
35be53e6712343ffdc8d,order,8135845#1f,295618745#1f,,,,8135845#1f,295618745#1f,true
35cd0027e0182bb27ca3,order,39839529#3f,4227216#1r,,,,39839529#3f,4227216#1r,true
35d3dfca573afe321c17,order,120062663#1f,176510131#1f,,,,120062663#1f,176510131#1f,true
360a17874326a0f63444,order,200507331#1f,261740025#1r,,,,200507331#1f,261740025#1r,true
362ed043a8cc7b7c6081,order,1174009935#1f,200499288#1f,,,,1174009935#1f,200499288#1f,true
3644297c4e350a5f017f,order,507581437#1f,39838265#2f,,,,507581437#1f,39838265#2f,true
365f6635d449cbf9de7b,order,448286547#1f,1203843643#1f,,,,448286547#1f,1203843643#1f,true
36ae14b5d4e54208e90b,order,35092475#5r,1551240830#1f,,,,35092475#5r,1551240830#1f,true
36c2a288897794a24da4,order,854880221#1f,155085120#1f,,,,854880221#1f,155085120#1f,true
36cbf2d74111fd31b654,order,35092475#2f,95825511#4f,,,,35092475#2f,95825511#4f,true
36e287c7ba1a9570f9c8,order,121378297#3f,1079489484#1f,,,,121378297#3f,1079489484#1f,true
36f7884594bf84e5474c,order,4227208#2r,834185366#2r,,,,4227208#2r,834185366#2r,true
37084cc7a4130bc462ef,order,254596870#2f,159170458#3f,,,,254596870#2f,159170458#3f,true
373aeb30154864392876,order,168104483#3f,164338241#4f,,,,168104483#3f,164338241#4f,true
373c5dab6c5ab8ad23ac,order,503471324#4f,8056051#1f,,,,503471324#4f,8056051#1f,true
374eb3334183be9efc55,order,92627408#2f,690914552#2f,,,,92627408#2f,690914552#2f,true
3751bc91722ffff09587,order,254596488#1r,1342546111#2f,,,,254596488#1r,1342546111#2f,true
37ba788fedcb1a3779aa,order,214635114#2f,214635117#1f,,,,214635114#2f,214635117#1f,true
37bf08a0d6f0de59ec88,order,8352246#2f,176684623#1r,,,,8352246#2f,176684623#1r,true
38550f98e31c11b2f364,order,176577460#1f,158189827#4f,,,,176577460#1f,158189827#4f,true
385f655508ae165e43ec,order,161748259#2f,161748261#1f,,,,161748259#2f,161748261#1f,true
387616facbcf3a827c99,order,503434368#2f,503090215#1f,,,,503434368#2f,503090215#1f,true
38953957649f2c590b99,order,262902069#1f,1203849334#2f,,,,262902069#1f,1203849334#2f,true
39309ecd19cbbeaaf728,order,176334445#1f,1443764723#1f,,,,176334445#1f,1443764723#1f,true
397d797dbbca66d6e26e,order,176336376#1f,334364604#1f,,,,176336376#1f,334364604#1f,true
39866ebce671d8730b34,order,177189425#1f,448186716#1r,,,,177189425#1f,448186716#1r,true
39948bf92f67a223b6d0,order,157719698#3f,157719701#1r,,,,157719698#3f,157719701#1r,true
3996cb20f15c9dfe4fc1,order,167625737#1f,164338225#1r,,,,167625737#1f,164338225#1r,true
399aaeaa7cf629c4b1cc,order,1388331343#3f,161882794#1f,,,,1388331343#3f,161882794#1f,true
39fdacde5d45bea9b8e6,order,1019174508#1f,1081601380#3r,,,,1019174508#1f,1081601380#3r,true
3a1fa071e0e624fea07f,order,157719643#2f,24672709#1f,,,,157719643#2f,24672709#1f,true
3a3936a2af34070dc654,order,168959165#2f,33749607#1r,,,,168959165#2f,33749607#1r,true
3a53e1d834fd3b240a67,order,93137558#3r,1342546064#1f,,,,93137558#3r,1342546064#1f,true
3a93eced8629961a3ac3,order,166399478#4f,849737746#2r,,,,166399478#4f,849737746#2r,true
3aa27a048f0a91adf0bb,order,4230099#8r,1203522177#1f,,,,4230099#8r,1203522177#1f,true
3ae5446ed074569c16f9,order,166149542#6f,94399437#1f,,,,166149542#6f,94399437#1f,true
3b161411a8c0a2648646,order,1388331345#2f,78141882#2f,,,,1388331345#2f,78141882#2f,true
3b5bb103e5ae1221d617,order,168104483#1f,176336113#1f,,,,168104483#1f,176336113#1f,true
3b6255f16613992606b6,order,952419573#1f,503462470#1r,,,,952419573#1f,503462470#1r,true
3b6475d38ab312e3f590,order,176333306#1f,1019646822#2r,,,,176333306#1f,1019646822#2r,true
3baccab9dd8d4c2e17a6,order,1233853668#1f,1146071897#1r,,,,1233853668#1f,1146071897#1r,true
3bc045b9b90e34f3f2fd,order,167625737#2f,835382435#1r,,,,167625737#2f,835382435#1r,true
3bd9e34d0a336f015bbb,order,952419569#1f,1327492341#1f,,,,952419569#1f,1327492341#1f,true
3bf025d27035b4be5049,order,166009792#2f,157719668#1f,,,,166009792#2f,157719668#1f,true
3bf53ae6f8eeccecbdff,order,165636031#3f,834313093#1r,,,,165636031#3f,834313093#1r,true
3c9107e63a61441a22d4,order,317925725#1r,688744912#1r,,,,317925725#1r,688744912#1r,true
3c98eda2981f7ee6c1f5,order,4230099#6f,1203522177#1f,,,,4230099#6f,1203522177#1f,true
3c99daac2159eefa7b9e,order,200502086#2r,586508238#2f,,,,200502086#2r,586508238#2f,true
3cc7fa39866fab92d04c,order,143536261#3f,156780348#1f,,,,143536261#3f,156780348#1f,true
3ce258847715f39240f5,order,503434369#1f,155085109#1f,,,,503434369#1f,155085109#1f,true
3ce6ab19d3c74f87427a,order,93091318#1f,4227216#3r,,,,93091318#1f,4227216#3r,true
3cf09f010ec42009121b,order,254596870#2r,159170458#3r,,,,254596870#2r,159170458#3r,true
3d294bbbcb6278e094ef,order,254596487#1f,92627415#1f,,,,254596487#1f,92627415#1f,true
3d34c7805843579561d4,order,4230006#2r,177232625#1f,,,,4230006#2r,177232625#1f,true
3d5056a1b3bedd2ef30b,order,503783369#1r,1342546111#2r,,,,503783369#1r,1342546111#2r,true
3d728ea4cb3856fe2e28,order,423632264#2r,690131582#2f,,,,423632264#2r,690131582#2f,true
3dd12723fed9f6eed533,order,503633032#5f,1086377399#2f,,,,503633032#5f,1086377399#2f,true
3de2184b46c5287d1291,order,93137558#4r,1342556413#2f,,,,93137558#4r,1342556413#2f,true
3df25360274c861e3c81,order,157719645#2f,1202361392#1r,,,,157719645#2f,1202361392#1r,true
3df2b28c8c8fe6597015,order,990669429#1f,317925725#1f,,,,990669429#1f,317925725#1f,true
3e72c8d14d9ac9e46009,order,788197746#3f,295618745#1f,,,,788197746#3f,295618745#1f,true
3e8a7ac561080e333bf1,order,8352246#1f,176684623#1r,,,,8352246#1f,176684623#1r,true
3ea415627ffa95d01859,order,176577460#4r,1365041523#1r,,,,176577460#4r,1365041523#1r,true
3eb0cdad7ce49bbafaff,order,176577460#2f,1365041523#1f,,,,176577460#2f,1365041523#1f,true
3eb1eeee15dafb94024f,order,182700002#1f,1342546061#1f,,,,182700002#1f,1342546061#1f,true
3eb81ad84bd9519e76bc,order,166399501#4f,850261602#7r,,,,166399501#4f,850261602#7r,true
3f2602d431974592712d,order,201009264#2f,360063233#1r,,,,201009264#2f,360063233#1r,true
3f35c873cd8510481c1e,order,503462475#3f,158215184#7r,,,,503462475#3f,158215184#7r,true
3f64bb8b24221cce879d,order,503638814#3f,1342546092#3f,,,,503638814#3f,1342546092#3f,true
3f88e24b0aa1e0afac30,order,157719649#2f,334367775#1f,,,,157719649#2f,334367775#1f,true
3fcdd43031e482bfa063,order,214635114#2f,214635117#1r,,,,214635114#2f,214635117#1r,true
3fe9e5fb16e75a995bab,order,201009264#3f,360063233#1r,,,,201009264#3f,360063233#1r,true
402a40c6c28872957e19,order,4230099#5r,1203522177#1r,,,,4230099#5r,1203522177#1r,true
405235e2cd255f6c1f11,order,503753419#1f,201009264#1r,,,,503753419#1f,201009264#1r,true
405e8d7691cb3f2b33d1,order,503462466#4f,50501898#1f,,,,503462466#4f,50501898#1f,true
40986aa90bda00361aea,order,176577460#3r,1365041523#1r,,,,176577460#3r,1365041523#1r,true
409ec3f7fd0ddb977d03,order,166399479#5f,159170509#3f,,,,166399479#5f,159170509#3f,true
40a14771a9e1a1699460,order,167625727#3f,150050283#1r,,,,167625727#3f,150050283#1r,true
40beafee6247fd3bcceb,order,182692348#1f,182692350#1r,,,,182692348#1f,182692350#1r,true
410681e64076b57c59bb,order,25082741#6f,348019480#2f,,,,25082741#6f,348019480#2f,true
410d59787cac125184a5,order,503559455#1f,39839529#1r,,,,503559455#1f,39839529#1r,true
412826ef6f521fef2851,order,157719647#4f,586508234#1f,,,,157719647#4f,586508234#1f,true
414482d015f7ca828c8e,order,93137558#4f,1342556413#2r,,,,93137558#4f,1342556413#2r,true
416c0d89c927d15043cb,order,4230099#5f,1203522177#1f,,,,4230099#5f,1203522177#1f,true
41fb7b2d19258f44b3ed,order,176321050#4r,176674530#1f,,,,176321050#4r,176674530#1f,true
41fe2f45844a8fc72557,order,503471323#2f,1327492345#1f,,,,503471323#2f,1327492345#1f,true
420cb9f2041c7426ac90,order,503783369#1f,24655134#1f,,,,503783369#1f,24655134#1f,true
420f52c20f05c0dc9805,order,503702169#1f,278143574#1f,,,,503702169#1f,278143574#1f,true
4268025d05ef894f6716,order,4230891#3r,1365041486#2r,,,,4230891#3r,1365041486#2r,true
429a1a89a90c8c17e20f,order,8352246#7f,159170444#1f,,,,8352246#7f,159170444#1f,true
42cb755d93b0c6f385f3,order,1019174508#1f,4227242#1f,,,,1019174508#1f,4227242#1f,true
43082ec964ca711f2b33,order,176334445#2f,4230105#1f,,,,176334445#2f,4230105#1f,true
434c6de821f5c8418084,order,809470168#2f,809470170#1r,,,,809470168#2f,809470170#1r,true
43e1bb511f729562cc86,order,176337642#1f,166399488#3r,,,,176337642#1f,166399488#3r,true
43f9ea15d8dc28e72407,order,503462475#2f,166399478#9r,,,,503462475#2f,166399478#9r,true
448168a0f958aa220598,order,157719645#2f,1202361392#1f,,,,157719645#2f,1202361392#1f,true
448337831d9d614e7683,order,503633032#6f,1086377399#2f,,,,503633032#6f,1086377399#2f,true
44b67ed9779b1d4586c6,order,1388331344#1f,161882794#1f,,,,1388331344#1f,161882794#1f,true
44ca73c0ad5e78cef3df,order,214635117#7r,158215197#1r,,,,214635117#7r,158215197#1r,true
44fc8399512287020910,order,4229900#1f,176257197#1f,,,,4229900#1f,176257197#1f,true
4502d5ac083c9b504182,order,446530365#2f,690915731#1f,,,,446530365#2f,690915731#1f,true
455fcf20efe99975f294,order,212764303#2f,360063227#1f,,,,212764303#2f,360063227#1f,true
457891c40f4c4190a4ac,order,503783376#1r,177590093#1r,,,,503783376#1r,177590093#1r,true
457e3f5c9748e723499a,order,157719669#1f,24672709#1f,,,,157719669#1f,24672709#1f,true
45b809fd244655099125,order,317925725#1f,688744912#1f,,,,317925725#1f,688744912#1f,true
461f4d0f881c888d7128,order,503462461#2f,261740026#2f,,,,503462461#2f,261740026#2f,true
46275205a18f05ed8c2c,order,158215205#5f,834616138#1f,,,,158215205#5f,834616138#1f,true
46311505b81c3542da24,order,93137591#2f,157719645#12f,,,,93137591#2f,157719645#12f,true
46d10034546afc1eb065,order,94400151#1f,94399600#1f,,,,94400151#1f,94399600#1f,true
46d8422805a851b7340c,order,1099877048#2r,1342546092#1f,,,,1099877048#2r,1342546092#1f,true
46ee5678cd5909d05a79,order,503471324#1f,1086377394#1r,,,,503471324#1f,1086377394#1r,true
46f17cb12e0add310d4b,order,166558481#2f,8056043#2f,,,,166558481#2f,8056043#2f,true
472a70f9789948c6cf28,order,176293207#1f,1079492040#1r,,,,176293207#1f,1079492040#1r,true
474aad1e0b23d47e3b7f,order,503462475#1f,158215184#7f,,,,503462475#1f,158215184#7f,true
4753bc8446eacb93ef69,order,161775592#4f,161769679#1f,,,,161775592#4f,161769679#1f,true
479e0e84058b554a2772,order,176321050#4f,176674530#1r,,,,176321050#4f,176674530#1r,true
47a601e8804b780510d8,order,568187257#2r,161733292#1f,,,,568187257#2r,161733292#1f,true
47baf474b7906024bd4e,order,80377817#2f,201009262#1f,,,,80377817#2f,201009262#1f,true
47c3888f00fe8d20ac3a,order,317925725#2f,688744912#1r,,,,317925725#2f,688744912#1r,true
47d0029053ab37263a07,order,94399437#1f,1314186412#1r,,,,94399437#1f,1314186412#1r,true
47d1d7a11a46f69878e7,order,214635117#3r,448186736#1r,,,,214635117#3r,448186736#1r,true
47d5b00de075a3fbb54b,order,1233853668#1f,1146071897#1f,,,,1233853668#1f,1146071897#1f,true
47f1ef52740368bd0dba,order,694608614#1f,159170452#1f,,,,694608614#1f,159170452#1f,true
480caa47a96414078019,order,157719647#3f,200502085#2f,,,,157719647#3f,200502085#2f,true
480e0d170a0bff8a9106,order,809470168#2f,809470170#1f,,,,809470168#2f,809470170#1f,true
48398f1986dcd1ec144d,order,503434372#2f,167625751#1f,,,,503434372#2f,167625751#1f,true
484bdd4f554ff0ccb815,order,503559460#1f,851792666#1f,,,,503559460#1f,851792666#1f,true
48529b9eab11dff6bce6,order,214635117#2r,1082281156#2r,,,,214635117#2r,1082281156#2r,true
487de90d2ddfcbe49b80,order,158189819#1f,261740025#1r,,,,158189819#1f,261740025#1r,true
48b940f22851bb311ed8,order,503434362#1f,166399488#3f,,,,503434362#1f,166399488#3f,true
48c1d645b898fe69caaf,order,166399478#7f,348748065#1r,,,,166399478#7f,348748065#1r,true
48d37a59654359914e4e,order,157719647#7f,176674530#1f,,,,157719647#7f,176674530#1f,true
48d4c5ae9845460155cd,order,212766110#3f,220547253#1f,,,,212766110#3f,220547253#1f,true
48f22cb3fd8ac9b88f90,order,166009792#2r,157719668#1r,,,,166009792#2r,157719668#1r,true
490f421bf51b542d9dc7,order,181479771#3r,177231049#1r,,,,181479771#3r,177231049#1r,true
496d237b3cad56b8472c,order,182700002#5f,1452797915#2r,,,,182700002#5f,1452797915#2r,true
49c3c4e3d7796965b50a,order,161775592#2f,93137627#1f,,,,161775592#2f,93137627#1f,true
49ca462b48142c1fdc78,order,1019174508#4f,850261594#2f,,,,1019174508#4f,850261594#2f,true
49df4c3e836019bc9938,order,176674531#2f,164338225#1r,,,,176674531#2f,164338225#1r,true
4a5531cd1bfb8402a6b9,order,503462473#1f,177189425#4f,,,,503462473#1f,177189425#4f,true
4a5b3f228ee69c6b62a1,order,128273232#1f,1034247203#1f,,,,128273232#1f,1034247203#1f,true
4a6188d6c46ad7f3fc83,order,4229900#1f,92627408#3f,,,,4229900#1f,92627408#3f,true
4a7421b67c215457bd92,order,176337642#1f,166399488#3f,,,,176337642#1f,166399488#3f,true
4aacefe68b838610bfba,order,128273232#1r,1034247203#1r,,,,128273232#1r,1034247203#1r,true
4ae5fb149f3d5acf3499,order,1238339145#2f,1202335429#2f,,,,1238339145#2f,1202335429#2f,true
4afff2f32b5d7dbfc1ea,order,92627425#2f,943330854#1f,,,,92627425#2f,943330854#1f,true
4b3a273272141d9d5e5e,order,4230099#9f,1342546088#1f,,,,4230099#9f,1342546088#1f,true
4b637e266d193afcf1c0,order,699218006#2r,161775593#1f,,,,699218006#2r,161775593#1f,true
4b6a85b8e50ab634f5c1,order,93137558#2r,1342546064#1f,,,,93137558#2r,1342546064#1f,true
4b83e61cc961b738a822,order,4230009#1r,308214646#3r,,,,4230009#1r,308214646#3r,true
4b9bce646f3b6df61231,order,503462465#2f,93137630#1f,,,,503462465#2f,93137630#1f,true
4bb126cec502ee054890,order,92627425#1f,1549110514#1r,,,,92627425#1f,1549110514#1r,true
4bde6559413aa5de1b3a,order,166399478#2f,177052556#3f,,,,166399478#2f,177052556#3f,true
4be36ab4ddd568ff7aac,order,93137558#4f,1342556413#2f,,,,93137558#4f,1342556413#2f,true
4bf9a6389f705fbce825,order,503783369#1r,1342546111#2f,,,,503783369#1r,1342546111#2f,true
4c0588d698bdc0e89214,order,157719652#1r,4229577#1f,,,,157719652#1r,4229577#1f,true
4c1bf6b6f39610235f96,order,254596487#1r,92627415#1f,,,,254596487#1r,92627415#1f,true
4c35209fb9243b9f2142,order,167625719#1f,687577826#1r,,,,167625719#1f,687577826#1r,true
4c52c2c1cc950597c0ee,order,503090216#1f,435062251#1f,,,,503090216#1f,435062251#1f,true
4c60f7eb9d050cf9c863,order,181479771#2r,177231049#1r,,,,181479771#2r,177231049#1r,true
4cad7154e1d3db39575c,order,177189425#2f,448186716#1f,,,,177189425#2f,448186716#1f,true
4cd5f371e2d2bb8b935b,order,166399500#2f,1365041529#2f,,,,166399500#2f,1365041529#2f,true
4d659b3e22415b06bce4,order,200507331#2f,690914543#1f,,,,200507331#2f,690914543#1f,true
4d8358b4eef7f3be6f81,order,4230891#2f,1365041486#2f,,,,4230891#2f,1365041486#2f,true
4dc516f8bd7d4dd26fb7,order,181479771#7f,686878340#1f,,,,181479771#7f,686878340#1f,true
4e54aa7891e1ebfc47da,order,1319454162#1f,1319454161#1r,,,,1319454162#1f,1319454161#1r,true
4e5e2e9c2d5c09e1e40b,order,166399489#2f,1361686923#1f,,,,166399489#2f,1361686923#1f,true
4e7d8b574793bfa3ca3c,order,157719669#2f,334364604#1r,,,,157719669#2f,334364604#1r,true
4eaffdcad1f13aa060c2,order,176477342#1r,4229537#1f,,,,176477342#1r,4229537#1f,true
4f03bd2bc319657c37b2,order,176577460#4f,1365041523#1f,,,,176577460#4f,1365041523#1f,true
4f36aae199a5f2570264,order,4229536#2f,160004399#1f,,,,4229536#2f,160004399#1f,true
4f3988e536189610bdb3,order,990669429#1f,155085119#1f,,,,990669429#1f,155085119#1f,true
4f602ecaa285ad225b50,order,1388331345#1f,4227272#1f,,,,1388331345#1f,4227272#1f,true
4f92e9637db6947cad98,order,166009792#6f,164338236#1f,,,,166009792#6f,164338236#1f,true
4fa63dded03ba827a11c,order,165636038#1f,503434401#1f,,,,165636038#1f,503434401#1f,true
4fd642fdf72b2c6646f6,order,167625756#6f,1243224903#1f,,,,167625756#6f,1243224903#1f,true
4fecad2088cfbe81c8d6,order,176477342#2r,95825511#1f,,,,176477342#2r,95825511#1f,true
501be1139064772bb0fd,order,503462473#1f,214635115#1f,,,,503462473#1f,214635115#1f,true
50c8b4d5a93394dc2634,order,503633032#4f,1086377398#2r,,,,503633032#4f,1086377398#2r,true
50d6aa0c9d38e3000dfd,order,982061461#1r,334368435#1r,,,,982061461#1r,334368435#1r,true
50dc05cf45157d567f3a,order,503462465#3f,93137630#1f,,,,503462465#3f,93137630#1f,true
5144fa004c78ebbfa8ed,order,166399477#3f,899409586#1f,,,,166399477#3f,899409586#1f,true
515f73f7ad999f4d50d4,order,200502086#3r,586508238#1f,,,,200502086#3r,586508238#1f,true
5171a4bdc5bed97fb674,order,503638814#3r,1342546092#3f,,,,503638814#3r,1342546092#3f,true
518eedbc531965a26947,order,446530366#1f,690915731#1r,,,,446530366#1f,690915731#1r,true
52011543f98db8ac47dc,order,4229893#3f,905452639#1f,,,,4229893#3f,905452639#1f,true
524eb57eed1873f939ca,order,214636589#3f,31900611#1f,,,,214636589#3f,31900611#1f,true
5253101abd4d81601c69,order,503638814#2r,1034247204#2f,,,,503638814#2r,1034247204#2f,true
52901ee488148c7ef683,order,182692348#1f,261740027#1f,,,,182692348#1f,261740027#1f,true
529b1afea012640e59bf,order,157719649#2f,334367775#1r,,,,157719649#2f,334367775#1r,true
52a9c17a6a70bcb39cbf,order,78147638#2f,143536261#1f,,,,78147638#2f,143536261#1f,true
52c7b881a9d38db97adb,order,1388331345#2f,161882802#1f,,,,1388331345#2f,161882802#1f,true
52ef75dd8f976ed352c4,order,353889282#2f,503462465#1f,,,,353889282#2f,503462465#1f,true
52f70af800d20b5e13fb,order,158215184#6f,448186730#2f,,,,158215184#6f,448186730#2f,true
530bae1e5f5115aa0ffb,order,25082741#3f,446542424#2f,,,,25082741#3f,446542424#2f,true
532eb1b52fc3e463fb71,order,176333304#3f,4230114#3r,,,,176333304#3f,4230114#3r,true
535abb946620c13a1f9a,order,423632269#1f,503462470#1r,,,,423632269#1f,503462470#1r,true
53804e0c2cbbafd196bd,order,4230099#8f,1203522177#1f,,,,4230099#8f,1203522177#1f,true
54176c4016eb7a4c1c70,order,166399478#3f,849737746#2f,,,,166399478#3f,849737746#2f,true
54248a78192576026ee9,order,4227212#2f,167625740#3f,,,,4227212#2f,167625740#3f,true
545ec61952a380261cbb,order,200502086#2f,586508238#2f,,,,200502086#2f,586508238#2f,true
54876f8a5c1760d6a94d,order,1019174509#1f,159170522#1f,,,,1019174509#1f,159170522#1f,true
55066dc3c7a73653695f,order,158189819#1f,261740025#1f,,,,158189819#1f,261740025#1f,true
55298590d8e88fecfd54,order,176577460#3f,1365041523#1r,,,,176577460#3f,1365041523#1r,true
55586d434ba5cb4b7365,order,503638814#2r,1034247204#2r,,,,503638814#2r,1034247204#2r,true
5560cf0905ecadf5daee,order,157719668#2r,164338243#1f,,,,157719668#2r,164338243#1f,true
556d24466c5d6436f02f,order,68814581#1f,68814587#1f,,,,68814581#1f,68814587#1f,true
5597fdc004cbc46ad045,order,157719698#3f,157719701#1f,,,,157719698#3f,157719701#1f,true
559c18236d6712167045,order,503462466#5f,693487406#1f,,,,503462466#5f,693487406#1f,true
55ec1550565056f49e8b,order,158215191#4r,899409585#1f,,,,158215191#4r,899409585#1f,true
5648ca192f9ffef22b2d,order,166399478#3r,849737746#2f,,,,166399478#3r,849737746#2f,true
564ca41a24ade7f2ecac,order,941922152#1f,4230085#1f,,,,941922152#1f,4230085#1f,true
566f3ae5ce33f22b0f01,order,200493424#3f,92627406#1r,,,,200493424#3f,92627406#1r,true
56be7e706109acf2c11c,order,503633032#6f,779793204#1f,,,,503633032#6f,779793204#1f,true
56cb1ac29d415d1c7441,order,167625727#3f,150050283#1f,,,,167625727#3f,150050283#1f,true
57cbeb3f56eb750a3472,order,166399478#6f,849737743#2r,,,,166399478#6f,849737743#2r,true
57dd1ee3954e2e377e84,order,690914542#3f,690914541#1r,,,,690914542#3f,690914541#1r,true
580cec827df921bf2958,order,157719644#2f,586268005#1f,,,,157719644#2f,586268005#1f,true
588a6eefb6b888f9f18a,order,503638814#2r,1342546092#3f,,,,503638814#2r,1342546092#3f,true
589ccd195c04c34a7703,order,200507331#2r,690914543#1f,,,,200507331#2r,690914543#1f,true
58a58b1e64e3fb646b1c,order,503434364#1f,1549110515#3f,,,,503434364#1f,1549110515#3f,true
58c3aeb819969a245db8,order,176577460#4r,1365041523#1f,,,,176577460#4r,1365041523#1f,true
58cadfdb0cb71f17da25,order,176333307#4f,1233828725#2f,,,,176333307#4f,1233828725#2f,true
58ecc5aba066e3888644,order,1549110516#5f,1549110527#1r,,,,1549110516#5f,1549110527#1r,true
58f6b4d7959bde9ab447,order,80377817#1f,201009262#1f,,,,80377817#1f,201009262#1f,true
592bfa9871426dd65314,order,4229536#1f,160004399#1f,,,,4229536#1f,160004399#1f,true
5970afdff9a4fe02d206,order,25082741#6r,233894501#1f,,,,25082741#6r,233894501#1f,true
59ad97f20db83b2e71cb,order,212766110#2f,501241475#1f,,,,212766110#2f,501241475#1f,true
59ca8c951726c7e0e124,order,4230099#8r,1342546088#1f,,,,4230099#8r,1342546088#1f,true
59cd390a5eb60ed1cd9b,order,181479771#7r,686878340#1r,,,,181479771#7r,686878340#1r,true
5a2e885a295f97cf90a7,order,503462468#2f,93137635#1f,,,,503462468#2f,93137635#1f,true
5a4c4a0d821acf152ec2,order,214636589#1r,31900611#4f,,,,214636589#1r,31900611#4f,true
5a513edb775c62428d15,order,93137558#2f,1342546064#4f,,,,93137558#2f,1342546064#4f,true
5a65e31699f5c2dccb00,order,1549110516#4f,1549110527#1f,,,,1549110516#4f,1549110527#1f,true
5a6bbb55c99dc0dfd1f7,order,35092475#3f,95825511#4f,,,,35092475#3f,95825511#4f,true
5b19cd3dec05a3bda366,order,503462467#1f,4230011#1f,,,,503462467#1f,4230011#1f,true
5b92e4d1f19b99b8ae20,order,176334445#1f,4230105#1f,,,,176334445#1f,4230105#1f,true
5badfd1c34dbe3660ea6,order,503462466#1f,93137614#1f,,,,503462466#1f,93137614#1f,true
5c0d1ff9c9a685610de6,order,214635117#8r,177049248#4f,,,,214635117#8r,177049248#4f,true
5c4b4b74a219b3136679,order,92627406#5r,1082312613#1r,,,,92627406#5r,1082312613#1r,true
5c63f2625d057579c12c,order,4229893#1f,8056043#2f,,,,4229893#1f,8056043#2f,true
5cb29f681c8aaa9381ce,order,157719644#2f,586268005#1r,,,,157719644#2f,586268005#1r,true
5cb46a6b29fcdb101a5d,order,25103769#1f,51691775#1f,,,,25103769#1f,51691775#1f,true
5cbeb1814297238f4b3d,order,168890943#1f,161882805#1r,,,,168890943#1f,161882805#1r,true
5d03000d568feee4daae,order,1148675745#2f,176334446#1f,,,,1148675745#2f,176334446#1f,true
5d9fd9748dab5f3bbe0a,order,353889383#1f,93207287#1f,,,,353889383#1f,93207287#1f,true
5dc1128875eaa3a813f3,order,1131276186#1f,1327492344#1f,,,,1131276186#1f,1327492344#1f,true
5dc1f51f72e094c8a21a,order,35092475#4r,1551240830#1f,,,,35092475#4r,1551240830#1f,true
5e0853db354d3fdfe94e,order,353889280#1f,1470365900#1f,,,,353889280#1f,1470365900#1f,true
5e17ce8671915ca52278,order,1131276187#3f,120062665#1f,,,,1131276187#3f,120062665#1f,true
5e3827e842e5d6651232,order,503462474#1f,158215184#1f,,,,503462474#1f,158215184#1f,true
5e3862adb18f35fa43c2,order,4230186#3f,177588306#1f,,,,4230186#3f,177588306#1f,true
5e586fc556409443e34c,order,166399478#1f,503702167#1f,,,,166399478#1f,503702167#1f,true
5e5c8dde0c6548b34984,order,503462472#4f,158215185#1f,,,,503462472#4f,158215185#1f,true
5e8eba61070a1ac52835,order,157719669#2f,176336377#1r,,,,157719669#2f,176336377#1r,true
5eda3c2a3570d1b3a526,order,503550471#1f,503550469#1f,,,,503550471#1f,503550469#1f,true
5edeffc326d92f8e2a3c,order,157719653#1f,92627415#1f,,,,157719653#1f,92627415#1f,true
5efd3c7a4128950155ee,order,176336114#4f,176321050#1r,,,,176336114#4f,176321050#1r,true
5f1725f12a2d00453f96,order,166009792#4r,157719649#1f,,,,166009792#4r,157719649#1f,true
5f3658f65ba4b4f6dfa4,order,503633032#5f,1086377399#3f,,,,503633032#5f,1086377399#3f,true
5f436947fc0cd038a633,order,503633032#7f,779793204#1f,,,,503633032#7f,779793204#1f,true
5fa2ed655d75c4abd15f,order,166399478#2r,177052556#3f,,,,166399478#2r,177052556#3f,true
6036f4f006300569b284,order,39839529#3f,4227216#1f,,,,39839529#3f,4227216#1f,true
604b9210b1dfd40ab774,order,155085119#4f,1297328848#1r,,,,155085119#4f,1297328848#1r,true
6088fa527cdd59d3f32d,order,214635117#8f,158215197#1r,,,,214635117#8f,158215197#1r,true
60910831b592f0dfef8e,order,4230187#3f,177588308#1f,,,,4230187#3f,177588308#1f,true
60bc672640e514b1235c,order,157719645#3f,1202361392#1r,,,,157719645#3f,1202361392#1r,true
60c315ba9558b8e0b47d,order,1449972057#1f,1449972059#1f,,,,1449972057#1f,1449972059#1f,true
60fdb28e2f95fd4e6430,order,166399478#6r,1314186421#1r,,,,166399478#6r,1314186421#1r,true
6103e8385e48babad8b4,order,168890943#1f,161882805#1f,,,,168890943#1f,161882805#1f,true
6148dd43e90ea5b62436,order,161775592#4f,161769679#1r,,,,161775592#4f,161769679#1r,true
6158636bc359c59bdee8,order,788626643#1f,1361686923#1f,,,,788626643#1f,1361686923#1f,true
6178b11a7fd5a2546054,order,158215191#4f,899409585#1f,,,,158215191#4f,899409585#1f,true
619a441ea8bc00c28d1d,order,4230009#1r,809470168#3f,,,,4230009#1r,809470168#3f,true
61bb75c87cb29ce9914e,order,176577460#1r,39839531#5f,,,,176577460#1r,39839531#5f,true
61c5a665835ee52ab1a6,order,157719653#1r,176085754#1f,,,,157719653#1r,176085754#1f,true
61d4ebae56f82dffb796,order,166149542#1r,159170458#3r,,,,166149542#1r,159170458#3r,true
622ef0dd2af7f90d5bb9,order,93091318#1f,161885378#2f,,,,93091318#1f,161885378#2f,true
623665d18f95ab6b2f32,order,161775592#3f,161769679#1r,,,,161775592#3f,161769679#1r,true
623f3f4d0abd7fcaab27,order,201011053#2f,176531067#1f,,,,201011053#2f,176531067#1f,true
6246aced33bcb1b3d315,order,4230891#2r,1365041486#2r,,,,4230891#2r,1365041486#2r,true
62595466a00f201b7531,order,176293207#2f,1079492040#1f,,,,176293207#2f,1079492040#1f,true
62766a1e9969bee047be,order,168104483#1f,176336113#1r,,,,168104483#1f,176336113#1r,true
627b00bbd237dc52268a,order,262902069#1f,1203849334#2r,,,,262902069#1f,1203849334#2r,true
62b02a1ed453b02dbdba,order,166399478#8r,348748065#1r,,,,166399478#8r,348748065#1r,true
62bf473d63ded2bc9301,order,446530365#3f,690915731#1f,,,,446530365#3f,690915731#1f,true
6353d0acb72800b1011c,order,503462467#1f,166009794#1f,,,,503462467#1f,166009794#1f,true
6377bbd85937884b296c,order,804900034#1f,690914551#1f,,,,804900034#1f,690914551#1f,true
637f00ef2c1c20e9e6ad,order,176577460#2r,1365041523#1r,,,,176577460#2r,1365041523#1r,true
6422449d290b179dd773,order,851792660#1f,164338236#1f,,,,851792660#1f,164338236#1f,true
64749c980f437db2aa94,order,214635115#2r,833538179#2r,,,,214635115#2r,833538179#2r,true
64b0023a8c44f4175fce,order,1099877048#2f,1342546092#1f,,,,1099877048#2f,1342546092#1f,true
64c421df6eb3df6d0b21,order,503434389#1f,4230187#5f,,,,503434389#1f,4230187#5f,true
65158f475a0527a46faf,order,503462464#1f,93137615#1f,,,,503462464#1f,93137615#1f,true
65515989502735a4c997,order,166399478#6r,849737743#2f,,,,166399478#6r,849737743#2f,true
6575b1f2f864bd6f3553,order,166399497#1f,1361686923#1f,,,,166399497#1f,1361686923#1f,true
65c3d3f4ddc10fabb091,order,568187257#2f,161733292#1r,,,,568187257#2f,161733292#1r,true
65fe2fa577bf7ee5428e,order,166009792#4f,164338241#4f,,,,166009792#4f,164338241#4f,true
66134b1c012f569fdc65,order,952419573#1f,398362860#1f,,,,952419573#1f,398362860#1f,true
6676f052e11a7d870bde,order,503434369#2f,317925725#1r,,,,503434369#2f,317925725#1r,true
66c379c3f60be50684df,order,503434383#1f,181479772#2f,,,,503434383#1f,181479772#2f,true
66f7e932b0f9300edfbd,order,157719662#2f,962525763#1f,,,,157719662#2f,962525763#1f,true
66fb8c0206621e4c08ef,order,161882796#2f,176776331#4f,,,,161882796#2f,176776331#4f,true
6713f1ef45ed6f28da4e,order,503462468#1f,93137635#1f,,,,503462468#1f,93137635#1f,true
67263520bdfbef6538fd,order,1233853668#3f,1146071897#1r,,,,1233853668#3f,1146071897#1r,true
672bab336c49881df253,order,766768153#6r,4227216#1f,,,,766768153#6r,4227216#1f,true
6783f644e899cf6a07bb,order,688731299#2r,688731312#2f,,,,688731299#2r,688731312#2f,true
6796675afb25cfc42527,order,4227208#2f,834185366#2r,,,,4227208#2f,834185366#2r,true
6797be526f7db7eaa6ab,order,568187257#3r,161733292#1r,,,,568187257#3r,161733292#1r,true
67b27c99e53dd26d81c4,order,4229328#1f,295618745#1f,,,,4229328#1f,295618745#1f,true
67e257aa53fcbb94f69d,order,158215196#2f,177052555#1r,,,,158215196#2f,177052555#1r,true
67efbd54c62734b55645,order,1233853668#2f,1146071897#1r,,,,1233853668#2f,1146071897#1r,true
68396be0f8ddea7ca5a9,order,157719644#2r,586268005#1f,,,,157719644#2r,586268005#1f,true
68533dad139abac9ee4c,order,214635117#8f,158215197#1f,,,,214635117#8f,158215197#1f,true
687a1e6f1fa462ec1dc9,order,93137558#1f,503783374#1r,,,,93137558#1f,503783374#1r,true
68b1df30f3b1f30debbe,order,503475652#1f,863835496#2r,,,,503475652#1f,863835496#2r,true
68b3c905299922eb4fb2,order,809470168#1f,809470170#1f,,,,809470168#1f,809470170#1f,true
68c322ea86ffcb1a5d09,order,1470365904#1f,176085755#2f,,,,1470365904#1f,176085755#2f,true
68c63d4e8dfc2012a111,order,177189425#3r,177052163#1f,,,,177189425#3r,177052163#1f,true
68fe5d50977b8633fafb,order,4230011#5f,168104492#1f,,,,4230011#5f,168104492#1f,true
694efd9276a784ed1c27,order,201011053#1f,176531067#1f,,,,201011053#1f,176531067#1f,true
698f875cf6e6e3d98840,order,503462475#3f,158215191#1f,,,,503462475#3f,158215191#1f,true
699c16b6480fef4aa1f0,order,446530366#1r,690915731#1r,,,,446530366#1r,690915731#1r,true
69ba925074b3fd0984be,order,166399497#1f,68814575#1f,,,,166399497#1f,68814575#1f,true
6a2d194788a420ed84d3,order,92627406#4r,1082312613#1r,,,,92627406#4r,1082312613#1r,true
6a3d6305e7b41e708ec6,order,503462475#2f,158215191#1f,,,,503462475#2f,158215191#1f,true
6a5252c9afa015b7ade4,order,176477344#1f,176477341#1f,,,,176477344#1f,176477341#1f,true
6a6414887f1a9cd0abcf,order,503783373#1r,503783374#1f,,,,503783373#1r,503783374#1f,true
6a8027e390f864e4d109,order,166399501#3r,850261602#7r,,,,166399501#3r,850261602#7r,true
6a94248e97a9b0efa062,order,262902069#2f,1203849334#2f,,,,262902069#2f,1203849334#2f,true
6ac5cad8b5ee7c9748d6,order,1452634279#1f,159170522#1f,,,,1452634279#1f,159170522#1f,true
6ad4f201ed1b2c7d7b3a,order,166009792#5r,164338241#4f,,,,166009792#5r,164338241#4f,true
6af4139aa5ac1369c2c2,order,201009264#2r,360063233#1r,,,,201009264#2r,360063233#1r,true
6b42ae223d8be9e97412,order,166399478#3r,849737746#2r,,,,166399478#3r,849737746#2r,true
6b4edcccb5b1ea369ce4,order,158189819#1r,261740025#1r,,,,158189819#1r,261740025#1r,true
6b6092706d7a93be19f5,order,158215196#2r,177052555#1f,,,,158215196#2r,177052555#1f,true
6b7d70a7d488fd5b2fb9,order,1283578084#4f,1079489483#1f,,,,1283578084#4f,1079489483#1f,true
6b8083854b95dd3c692b,order,177045626#1f,68814587#1f,,,,177045626#1f,68814587#1f,true
6b973a19b41871e01362,order,182700002#6f,1452797915#2r,,,,182700002#6f,1452797915#2r,true
6ba31e4eacebc48bee7f,order,1079489488#1f,1079489483#1f,,,,1079489488#1f,1079489483#1f,true
6bf402dc8bf73312f01d,order,24655134#6f,1000930351#1f,,,,24655134#6f,1000930351#1f,true
6bfbb521deb8061473a0,order,4230083#1f,503633029#1f,,,,4230083#1f,503633029#1f,true
6bff435432f20e3ea5c3,order,1148675745#2f,51691775#1f,,,,1148675745#2f,51691775#1f,true
6c3ec108a988f4a30e17,order,804900032#1f,1327492338#1f,,,,804900032#1f,1327492338#1f,true
6c538fbeec4b14b447d8,order,25082741#1f,161775593#1f,,,,25082741#1f,161775593#1f,true
6c69cd6bff0444c40318,order,1233828726#1f,278143579#3f,,,,1233828726#1f,278143579#3f,true
6c7d565e6e763760f2e9,order,1449972042#1f,503447058#1f,,,,1449972042#1f,503447058#1f,true
6c9375d64ed8ea0be72b,order,35092475#4r,1551240829#1f,,,,35092475#4r,1551240829#1f,true
6ca1cc5ec9ebe65a13bc,order,165636031#6f,834185360#3r,,,,165636031#6f,834185360#3r,true
6cb1f6d4b4c0f8683953,order,78147639#2r,158007921#1f,,,,78147639#2r,158007921#1f,true
6cea377b68137088eaa3,order,214635115#2f,833538179#2r,,,,214635115#2f,833538179#2r,true
6d3fe1f4c308d348b0ac,order,176674531#1f,840101178#1f,,,,176674531#1f,840101178#1f,true
6d9406bee7e234f2a3a3,order,503559461#1f,1149057192#1f,,,,503559461#1f,1149057192#1f,true
6db91fbdec4695e070cc,order,1444437334#1f,25103757#1f,,,,1444437334#1f,25103757#1f,true
6e027d39ac3397dcbb2d,order,177045626#1f,67923338#1f,,,,177045626#1f,67923338#1f,true
6e06cc2bc1b956c14878,order,503434363#2f,94399590#1f,,,,503434363#2f,94399590#1f,true
6e3f7a9deeaab6110b02,order,181479771#6f,686878340#1f,,,,181479771#6f,686878340#1f,true
6eac0b495343e98d7b40,order,503462464#1f,93137615#1r,,,,503462464#1f,93137615#1r,true
6ebdb3e71cb28cd0016b,order,161882794#1f,4227273#1f,,,,161882794#1f,4227273#1f,true
6ef69f757f48eb1db884,order,200507331#1r,261740025#1f,,,,200507331#1r,261740025#1f,true
6f18f4622685fd71f1e7,order,200493424#3f,158215184#1f,,,,200493424#3f,158215184#1f,true
6f83092b66c8bbf8483a,order,1549110516#5f,1549110527#1f,,,,1549110516#5f,1549110527#1f,true
6f849569990bbedb75a7,order,1079489488#1f,1079489485#1f,,,,1079489488#1f,1079489485#1f,true
6fbb719755d7145e28d5,order,503475643#2f,1276784167#1f,,,,503475643#2f,1276784167#1f,true
6feb87a09d57a55c9c08,order,214636589#2f,31900611#4r,,,,214636589#2f,31900611#4r,true
7001efb486991e74b8b5,order,157719653#1r,92627415#1f,,,,157719653#1r,92627415#1f,true
703b54bdf5c2e35ddacf,order,167625727#22f,1365209993#1r,,,,167625727#22f,1365209993#1r,true
70478a53ed7d6bb7320a,order,167625727#2f,150050283#1f,,,,167625727#2f,150050283#1f,true
70635be036720af9788f,order,507581426#1r,39838265#2f,,,,507581426#1r,39838265#2f,true
70794ad90ed0247f2870,order,161882795#1f,905452639#1f,,,,161882795#1f,905452639#1f,true
7094d110023392291a84,order,176334445#3f,4098197#4r,,,,176334445#3f,4098197#4r,true
70b5522595812144459e,order,946562629#1r,120113157#1r,,,,946562629#1r,120113157#1r,true
70d004a4328443d14a05,order,168890950#1r,687577826#1r,,,,168890950#1r,687577826#1r,true
718ff5ea1820b221e5dd,order,157719647#5f,1202361416#2f,,,,157719647#5f,1202361416#2f,true
720369ded33e83385607,order,850261594#2f,176776331#4f,,,,850261594#2f,176776331#4f,true
725b6cce2f169f39e34a,order,200507331#1r,261740025#1r,,,,200507331#1r,261740025#1r,true
72981594c14b6ac733ef,order,503462461#1f,261740026#2f,,,,503462461#1f,261740026#2f,true
72afd1c1fd22f0eb8bd4,order,181479771#2f,177231049#1f,,,,181479771#2f,177231049#1f,true
72e3f60762c23a39843c,order,503434362#1f,166399496#1r,,,,503434362#1f,166399496#1r,true
72fe4520dd083947e0bb,order,4097656#2f,200502710#1f,,,,4097656#2f,200502710#1f,true
731e2af801ee26d7f3a0,order,214635114#1f,214635117#1f,,,,214635114#1f,214635117#1f,true
73423b0742b217acadaf,order,1019174509#4f,159170479#1f,,,,1019174509#4f,159170479#1f,true
737abbed0043db524201,order,128273232#1f,338900930#1f,,,,128273232#1f,338900930#1f,true
73a6c2afb760c364ebf6,order,624357053#1f,503633029#1f,,,,624357053#1f,503633029#1f,true
746d449179c8b4658d65,order,158215205#5f,834616138#1r,,,,158215205#5f,834616138#1r,true
74af5fef0fc27354da21,order,92627406#4f,1082312613#1r,,,,92627406#4f,1082312613#1r,true
74c072d005c9e8ea4d2f,order,503434364#1f,1549110514#1r,,,,503434364#1f,1549110514#1r,true
757a7a8b029fb5aeb2a6,order,176477342#1f,95825511#1f,,,,176477342#1f,95825511#1f,true
75997cc9f62821c3ed4f,order,503434362#1f,166399488#3r,,,,503434362#1f,166399488#3r,true
75a6e999ec85e5d2afe8,order,166399489#1f,1361686923#1f,,,,166399489#1f,1361686923#1f,true
75c83bfa8dd0500c9992,order,423873046#1r,4229298#1f,,,,423873046#1r,4229298#1f,true
75d4194a731b6663339a,order,176336114#2f,982081599#3f,,,,176336114#2f,982081599#3f,true
7609e1a920f94bee85d4,order,181479772#2f,1202730135#1r,,,,181479772#2f,1202730135#1r,true
7612dcad9af91a574a53,order,4230006#2f,1202361379#1f,,,,4230006#2f,1202361379#1f,true
7644f2bc8fdbbd81de28,order,1319454162#1r,1319454161#1f,,,,1319454162#1r,1319454161#1f,true
76926cb77f15e6c00808,order,25179329#2r,1034851195#1r,,,,25179329#2r,1034851195#1r,true
76d0f2908cc9d7049559,order,4230099#8r,1342546088#1r,,,,4230099#8r,1342546088#1r,true
76dc5e9dd58849b472a5,order,317925725#1f,688744912#1r,,,,317925725#1f,688744912#1r,true
76e1b91c80a87bd9fbfb,order,128273232#1f,1034247203#1r,,,,128273232#1f,1034247203#1r,true
7728c9cf666728d353e8,order,694608616#1f,1019174509#9f,,,,694608616#1f,1019174509#9f,true
774c73ee0ed9b565a446,order,688731299#3r,688744015#1f,,,,688731299#3r,688744015#1f,true
775a801f1981373f7571,order,1019360050#2f,120114107#1f,,,,1019360050#2f,120114107#1f,true
776ed77f7a73ece2d9d8,order,788626643#1f,68814575#1f,,,,788626643#1f,68814575#1f,true
776ed95037d4bb059e8c,order,1319454162#1f,1319454161#1f,,,,1319454162#1f,1319454161#1f,true
77c91476990c9173b885,order,4230099#7r,1203522177#1f,,,,4230099#7r,1203522177#1f,true
77e4ba3f852c868c1506,order,168890943#3f,161882805#1f,,,,168890943#3f,161882805#1f,true
78212beb597921a941ca,order,214635117#7r,158215197#1f,,,,214635117#7r,158215197#1f,true
782164c067821d92cb62,order,166149542#4r,1283578082#1f,,,,166149542#4r,1283578082#1f,true
7848e0c8bc7d04a6e290,order,851792660#1r,164338236#1f,,,,851792660#1r,164338236#1f,true
786765a382639dc07adc,order,166399479#1f,161882796#1f,,,,166399479#1f,161882796#1f,true
7875a07ab4802d68b5ef,order,1410590319#1f,503434370#2f,,,,1410590319#1f,503434370#2f,true
78a0357d7efc38086390,order,157719645#2r,1202361392#1f,,,,157719645#2r,1202361392#1f,true
78cfc789f5d6bd5a90fe,order,166009792#3r,157719649#1f,,,,166009792#3r,157719649#1f,true
791027d91cb281a43613,order,157719652#3r,177232619#1f,,,,157719652#3r,177232619#1f,true
798472ce17f3b46dd7c4,order,166399478#6f,1314186421#1r,,,,166399478#6f,1314186421#1r,true
79a088f411d3b44c0cb2,order,982061461#1r,334368435#1f,,,,982061461#1r,334368435#1f,true
79b3724549984e228e91,order,166399478#7f,348748065#1f,,,,166399478#7f,348748065#1f,true
79d20cd34b45582fa770,order,503633032#1f,718024988#1f,,,,503633032#1f,718024988#1f,true
7a05044af138bd828e5f,order,212764303#2f,360063227#1r,,,,212764303#2f,360063227#1r,true
7a0539b586b6ddf33248,order,254596870#2r,159170458#3f,,,,254596870#2r,159170458#3f,true
7a2ebc01c6b0dd9f234e,order,92627431#1r,156242241#1f,,,,92627431#1r,156242241#1f,true
7a5f4573813410597cd8,order,214635117#8f,177049248#4f,,,,214635117#8f,177049248#4f,true
7a6265c8d1c207d4dc59,order,120062663#2f,176510131#1f,,,,120062663#2f,176510131#1f,true
7a8472ad97bcd05c937f,order,166399478#6f,849737743#2f,,,,166399478#6f,849737743#2f,true
7ab395bef7f1e3150407,order,158215184#6r,448186730#2f,,,,158215184#6r,448186730#2f,true
7abced650ac47e6f86b3,order,168959165#2f,33749607#1f,,,,168959165#2f,33749607#1f,true
7b245def27df92e13d6a,order,4229536#2r,160004399#1r,,,,4229536#2r,160004399#1r,true
7b24f95fb7972122dae7,order,177189425#2f,177052163#1f,,,,177189425#2f,177052163#1f,true
7b50dff46af5c641e185,order,181479772#1f,1202730135#1f,,,,181479772#1f,1202730135#1f,true
7bb4af7d8e389bb4e9b8,order,4230099#6r,1203522177#1r,,,,4230099#6r,1203522177#1r,true
7bce0d41512dc3e06383,order,1058067231#1f,158189831#1f,,,,1058067231#1f,158189831#1f,true
7cb88c433ac2e3b080c3,order,94400151#2f,159170492#3f,,,,94400151#2f,159170492#3f,true
7ccfd593a6d06d0bec51,order,92627441#1f,176682382#1f,,,,92627441#1f,176682382#1f,true
7cd87ccc38473939db66,order,952419573#1f,503462470#1f,,,,952419573#1f,503462470#1f,true
7d1c88d1dcc2d9030f7d,order,503434363#2f,94399877#1f,,,,503434363#2f,94399877#1f,true
7d39113bb7fcfb72452b,order,93091318#1f,4227216#3f,,,,93091318#1f,4227216#3f,true
7d41b2ff5b83fc9bec4b,order,176321050#4r,176674530#1r,,,,176321050#4r,176674530#1r,true
7d5aa37b6c5be86ae76d,order,68814578#1f,68814575#1f,,,,68814578#1f,68814575#1f,true
7d8b4d7bbdfdfb88b454,order,254596488#1r,24655134#1f,,,,254596488#1r,24655134#1f,true
7dcb769e4b27f97febbf,order,8352246#6f,159170444#1f,,,,8352246#6f,159170444#1f,true
7dd4b1bd8644af33ca05,order,688731299#3r,688731312#2f,,,,688731299#3r,688731312#2f,true
7de4cb60695a08d11545,order,50501897#2f,93137593#1f,,,,50501897#2f,93137593#1f,true
7e4bfe58434223d053dd,order,39839531#2f,690915732#1f,,,,39839531#2f,690915732#1f,true
7e4c26778bad940557a8,order,1283578084#3f,1361685182#1r,,,,1283578084#3f,1361685182#1r,true
7e4c330229379fc5a41b,order,353889272#1f,200499288#1f,,,,353889272#1f,200499288#1f,true
7e8c45d03b8a3ff72af9,order,503462475#2f,158215191#1r,,,,503462475#2f,158215191#1r,true
7ea11b0364608dd4b6f0,order,165636031#4f,834313093#1r,,,,165636031#4f,834313093#1r,true
7ea50707deef7fb1f9fe,order,4230006#1f,1202361379#1f,,,,4230006#1f,1202361379#1f,true
7ea90f4ec81c0473c4ca,order,176577460#1r,158189827#4f,,,,176577460#1r,158189827#4f,true
7ed30552b7b25ebcce4c,order,214635117#3f,448186736#1f,,,,214635117#3f,448186736#1f,true
7f00667f300592742958,order,214635117#2f,1082281156#2f,,,,214635117#2f,1082281156#2f,true
7f8416d12933724754c5,order,353889275#1f,503633033#1f,,,,353889275#1f,503633033#1f,true
7fc0308e6f5e11b23494,order,353889381#1f,161629440#1f,,,,353889381#1f,161629440#1f,true
7fc4261f96acd4f91144,order,690914542#1r,690914543#1r,,,,690914542#1r,690914543#1r,true
80072f965938df9d5f01,order,166399478#6r,1314186421#1f,,,,166399478#6r,1314186421#1f,true
80459084964cb1950be9,order,718024894#1f,718024988#1f,,,,718024894#1f,718024988#1f,true
80bd5aeaeb9fec80286f,order,1451501763#1r,348019480#2f,,,,1451501763#1r,348019480#2f,true
80c8e721757294c4e89c,order,4229327#1f,106705723#1f,,,,4229327#1f,106705723#1f,true
80ed82cea9f0774292fb,order,157719669#1f,176336377#1r,,,,157719669#1f,176336377#1r,true
810f35145e87912f5f36,order,168890950#1f,687577826#1f,,,,168890950#1f,687577826#1f,true
81133f632ae18af0e2df,order,39839529#3f,93091320#1r,,,,39839529#3f,93091320#1r,true
813e53c03cddf49286a3,order,503638814#2f,1034247204#2f,,,,503638814#2f,1034247204#2f,true
815fa64cfe9aa965479d,order,503462467#1f,4230011#1r,,,,503462467#1f,4230011#1r,true
81889676ce56ca96bf13,order,166009792#1f,157719668#1f,,,,166009792#1f,157719668#1f,true
819502b9e188671e25f7,order,167625737#3f,835382435#1f,,,,167625737#3f,835382435#1f,true
81b179c19e82d868d68b,order,157719669#1f,176336377#1f,,,,157719669#1f,176336377#1f,true
81db06ddbeb9b0c94f67,order,503475642#2r,1428926458#1f,,,,503475642#2r,1428926458#1f,true
823b43924f8816fe61dd,order,503813547#1f,176086161#1f,,,,503813547#1f,176086161#1f,true
82865b59e5d968d07b31,order,353889275#1f,503462465#1f,,,,353889275#1f,503462465#1f,true
82b6b352581df1f36ae5,order,4230011#6r,168104492#1r,,,,4230011#6r,168104492#1r,true
82b740d8566fce1e8a34,order,161748259#3f,161748261#1f,,,,161748259#3f,161748261#1f,true
82c61e9c44c5c3deac34,order,120113155#4f,120062663#2f,,,,120113155#4f,120062663#2f,true
82d0bb0f478965295f8b,order,157719698#4f,157719701#1f,,,,157719698#4f,157719701#1f,true
82e162c66b7f36f5df0a,order,503462475#1f,166399478#9r,,,,503462475#1f,166399478#9r,true
8320bef2f89315e8abfb,order,1019360050#1f,121380669#1r,,,,1019360050#1f,121380669#1r,true
834b1e8631176bd37758,order,688669118#1f,863835496#2r,,,,688669118#1f,863835496#2r,true
834c020950a938925d0f,order,503633034#2f,1086377399#3r,,,,503633034#2f,1086377399#3r,true
83d8e2149e7c70068027,order,503462461#2f,182692350#1f,,,,503462461#2f,182692350#1f,true
83ef20786adb43f7234d,order,166399478#3f,177052556#3f,,,,166399478#3f,177052556#3f,true
846638fd2e00293a5750,order,167625756#4f,1243224901#1f,,,,167625756#4f,1243224901#1f,true
846781e0b0e51443dda1,order,503471323#1f,120114107#1f,,,,503471323#1f,120114107#1f,true
84695b89ba8c68b18754,order,686878369#1f,159170498#1f,,,,686878369#1f,159170498#1f,true
847175f6839b26aef29c,order,93209287#1f,93207286#1f,,,,93209287#1f,93207286#1f,true
84c1065f753acd311410,order,353889282#1f,35092477#2f,,,,353889282#1f,35092477#2f,true
850df1be1f8535862379,order,200493424#2f,92627406#1r,,,,200493424#2f,92627406#1r,true
85931042989ff57b3309,order,503462472#1f,220547253#1f,,,,503462472#1f,220547253#1f,true
85cc69854ac7597a9155,order,1410590319#1f,503434370#2r,,,,1410590319#1f,503434370#2r,true
85d39e3fdb3a69d56673,order,168959163#1f,33749607#1f,,,,168959163#1f,33749607#1f,true
85d545855b7c9c54b9d8,order,254596488#1f,24655134#1f,,,,254596488#1f,24655134#1f,true
860577f4bcb3963acae0,order,50501897#3f,93137614#1f,,,,50501897#3f,93137614#1f,true
86105d40850989620aca,order,1019174508#2f,1081601380#3f,,,,1019174508#2f,1081601380#3f,true
86233b03f3929613cfd4,order,690914542#1r,690914543#1f,,,,690914542#1r,690914543#1f,true
862ff0f40d2cb15d81b9,order,1079489489#1f,1079489484#1f,,,,1079489489#1f,1079489484#1f,true
8658b2828e2104cd5e6d,order,166149542#3r,1283578082#1f,,,,166149542#3r,1283578082#1f,true
86a20fd990cb95da98da,order,166399488#1r,67923338#2f,,,,166399488#1r,67923338#2f,true
86d5136ff5ac7c082b9f,order,4229539#3f,4229537#1f,,,,4229539#3f,4229537#1f,true
870352dc4e2edcc70c4f,order,850261575#1f,164338218#1f,,,,850261575#1f,164338218#1f,true
87369d47fe1381369760,order,423652238#1f,212764302#1f,,,,423652238#1f,212764302#1f,true
8739a0e88c312ce290f1,order,4230891#2r,1365041486#2f,,,,4230891#2r,1365041486#2f,true
8748ae254284ea7caeaa,order,159170492#1f,68814575#1f,,,,159170492#1f,68814575#1f,true
8767ee32aa5089911071,order,4229539#1r,176674530#1r,,,,4229539#1r,176674530#1r,true
87733900a46b50f56318,order,503462460#1f,4229274#1f,,,,503462460#1f,4229274#1f,true
8795f937bfe4e24e1a18,order,177189425#1r,448186716#1r,,,,177189425#1r,448186716#1r,true
87f9a535e9773a0e0f17,order,176477344#1f,176800018#1f,,,,176477344#1f,176800018#1f,true
880334a88c9a7c50634a,order,4230099#8r,1203522177#1r,,,,4230099#8r,1203522177#1r,true
8806f58ce667e678c349,order,158189819#1r,261740025#1f,,,,158189819#1r,261740025#1f,true
8821eab8b52938bc70a0,order,25179329#2f,161748261#4f,,,,25179329#2f,161748261#4f,true
886b5dbe16904189e28a,order,168890950#1f,687577826#1r,,,,168890950#1f,687577826#1r,true
888d9f1d4ff6bb89ada9,order,423632264#1f,690131582#2f,,,,423632264#1f,690131582#2f,true
888fe16d7382e5cbe1db,order,25179329#2f,1034851195#1r,,,,25179329#2f,1034851195#1r,true
889d160028cea21d24a4,order,181479771#2f,177231049#1r,,,,181479771#2f,177231049#1r,true
889e53f4727d7d0ef6ef,order,39839529#3r,4227216#1f,,,,39839529#3r,4227216#1f,true
89118c31aa55dfffb5ee,order,8056051#2f,851991828#2r,,,,8056051#2f,851991828#2r,true
89207c11951d61fb9434,order,157719662#1f,962525763#1r,,,,157719662#1f,962525763#1r,true
89464587e59551be1c65,order,93137562#1f,1149057192#1f,,,,93137562#1f,1149057192#1f,true
894afedbc153062625cb,order,1233828726#1f,501241476#2f,,,,1233828726#1f,501241476#2f,true
89601c1f9410a03d3db9,order,166558481#1f,4227230#1f,,,,166558481#1f,4227230#1f,true
8963d756f9bc5bfcaa1a,order,4229328#1f,295618745#1r,,,,4229328#1f,295618745#1r,true
898d1a487dd0ff788497,order,93137558#1f,1342546064#4f,,,,93137558#1f,1342546064#4f,true
89b5863c315456436ac1,order,166149542#6r,94399437#1f,,,,166149542#6r,94399437#1f,true
89c41d2081bb17dd5750,order,39838824#1f,656826921#1f,,,,39838824#1f,656826921#1f,true
89f6809d893da3881906,order,166399478#4r,849737746#2r,,,,166399478#4r,849737746#2r,true
8a1b134841d27fcc19fd,order,166399478#7r,1314186421#1f,,,,166399478#7r,1314186421#1f,true
8a26d73c6204fad653fa,order,157719644#3r,586268005#1r,,,,157719644#3r,586268005#1r,true
8a95c9fe9670b9eee73f,order,4230009#1f,4229658#1f,,,,4230009#1f,4229658#1f,true
8aaa576d5b3c0948e80a,order,503783376#2f,177590093#1r,,,,503783376#2f,177590093#1r,true
8b05b66b3e246ef51a2c,order,120113155#3f,120062663#2f,,,,120113155#3f,120062663#2f,true
8b1cdad99681115beb3b,order,1058067232#1f,158189831#1r,,,,1058067232#1f,158189831#1r,true
8b52e259d7356c439a7e,order,201009264#3r,360063233#1r,,,,201009264#3r,360063233#1r,true
8b68c68837f0aabc5dfc,order,4230891#3r,1365041486#2f,,,,4230891#3r,1365041486#2f,true
8b6b4c30838c452512ed,order,503434375#1f,503550469#1f,,,,503434375#1f,503550469#1f,true
8bb03846bb2d5870fb7f,order,120062661#1f,120062664#1f,,,,120062661#1f,120062664#1f,true
8c10892aa3aab3b60fae,order,176334445#3f,4098197#4f,,,,176334445#3f,4098197#4f,true
8c1b1e60052aec9f1664,order,176293207#1f,1079492040#1f,,,,176293207#1f,1079492040#1f,true
8c1ccd1c83783fc216c0,order,93137558#4r,1342556413#2r,,,,93137558#4r,1342556413#2r,true
8c1f496262319f60bc9c,order,176333304#1f,128273234#2r,,,,176333304#1f,128273234#2r,true
8c23b63d3dd56f5f310d,order,1058067231#1f,158189831#1r,,,,1058067231#1f,158189831#1r,true
8c34bb1cfe905c6f092c,order,166399478#6f,1314186421#1f,,,,166399478#6f,1314186421#1f,true
8c47945be94b4313ba0b,order,4230006#3f,177232625#1f,,,,4230006#3f,177232625#1f,true
8c513b07c7cf5f465fe2,order,214636589#2f,31900611#4f,,,,214636589#2f,31900611#4f,true
8c52a88cb3657b89fc82,order,1233853668#2r,1146071897#1f,,,,1233853668#2r,1146071897#1f,true
8cc06ca2b62e70e30b98,order,166399478#8f,348748065#1r,,,,166399478#8f,348748065#1r,true
8cc3ee13e62cfef60417,order,4227277#2f,93091319#1f,,,,4227277#2f,93091319#1f,true
8ccc9cd9197e44e71d78,order,157719649#3f,334367775#1r,,,,157719649#3f,334367775#1r,true
8cd6e8ba835a87b8d7a6,order,353889383#2f,93207288#1f,,,,353889383#2f,93207288#1f,true
8d0c74db91b0c988c99d,order,8352246#2f,176684623#1f,,,,8352246#2f,176684623#1f,true
8d3264d82b0182ac5dd3,order,8056051#5f,159175448#1r,,,,8056051#5f,159175448#1r,true
8d7fc504c66481e529b2,order,239592573#1f,1453165195#1f,,,,239592573#1f,1453165195#1f,true
8d882a23d0aadaf2c422,order,201009264#2f,360063233#1f,,,,201009264#2f,360063233#1f,true
8d890e9b6251c8fd5539,order,854880221#4f,1319454161#1r,,,,854880221#4f,1319454161#1r,true
8d918f53c7ecb6a48401,order,214636589#2f,31900611#1f,,,,214636589#2f,31900611#1f,true
8df2271ed5483d6c54f8,order,4230006#1f,809470168#3f,,,,4230006#1f,809470168#3f,true
8e278f9e28bdc2e854af,order,503462470#1f,200998962#1f,,,,503462470#1f,200998962#1f,true
8e458a7e07780d1086e2,order,214635114#1f,177189425#4r,,,,214635114#1f,177189425#4r,true
8e80e7be41c33e5c12f8,order,166149571#2f,446530365#1f,,,,166149571#2f,446530365#1f,true
8e9c2b793e05b3cd85e4,order,167625756#2f,1243224905#1f,,,,167625756#2f,1243224905#1f,true
8eef3c9401424698c3f1,order,24655134#6f,1000930351#2f,,,,24655134#6f,1000930351#2f,true
8f3565d7c4a23f0a565f,order,1233853668#3f,1146071897#1f,,,,1233853668#3f,1146071897#1f,true
8f838713c63a2e8f0ced,order,1470365903#1f,176085755#2f,,,,1470365903#1f,176085755#2f,true
8fa3ce6b8d34cab40e90,order,176334445#1f,1443764723#1r,,,,176334445#1f,1443764723#1r,true
8fabb2b7850c197ce7a7,order,8056051#4f,159175448#1f,,,,8056051#4f,159175448#1f,true
8fef06a782bfb3b77162,order,176577460#2f,1365041523#1r,,,,176577460#2f,1365041523#1r,true
906494f72184618e594e,order,157719652#1f,157719647#1f,,,,157719652#1f,157719647#1f,true
9065efeb934337c244d5,order,946562629#1f,120113157#1f,,,,946562629#1f,120113157#1f,true
90678bdbb56c98373c6e,order,25082741#1r,161775593#1f,,,,25082741#1r,161775593#1f,true
908b1a21f5764449d88e,order,143536261#2f,156780348#1r,,,,143536261#2f,156780348#1r,true
909ae21a733f462ffd99,order,503434396#1f,944079970#1f,,,,503434396#1f,944079970#1f,true
90a43731c085f972c2a4,order,92627441#2f,176682382#1f,,,,92627441#2f,176682382#1f,true
90bd5318ba369bb0d324,order,35092475#1r,176477342#4r,,,,35092475#1r,176477342#4r,true
90c10e062a7854e67175,order,990669428#1f,155085109#1r,,,,990669428#1f,155085109#1r,true
90d7a0447d8a5e3c4327,order,166399478#7r,348748065#1f,,,,166399478#7r,348748065#1f,true
90dcd6da93c7aff7dd23,order,446530365#1f,690915731#1f,,,,446530365#1f,690915731#1f,true
90e5f9ce74cc2c10b8fa,order,503462472#2f,503475665#1f,,,,503462472#2f,503475665#1f,true
90f85ef9b85a2b820c55,order,25179329#2f,1034851195#1f,,,,25179329#2f,1034851195#1f,true
91111212521f486c4ea9,order,166399478#4f,849737746#2f,,,,166399478#4f,849737746#2f,true
912a66b1099943107ddd,order,161882796#1f,176776331#4f,,,,161882796#1f,176776331#4f,true
91347a13c34d1d902960,order,1449972041#2f,1388331350#3f,,,,1449972041#2f,1388331350#3f,true
915b3a60071cbff7fdaf,order,214635117#5f,1082281160#2r,,,,214635117#5f,1082281160#2r,true
9179ca58aff841569c9b,order,353889276#3f,24655134#6f,,,,353889276#3f,24655134#6f,true
917e5dcd4fd9ff1a7ab8,order,159170450#1r,33749606#1f,,,,159170450#1r,33749606#1f,true
91fd8b6977dfc29a2f7e,order,214635114#2f,214635115#1r,,,,214635114#2f,214635115#1r,true
9285ccea008933dc8dcd,order,254596870#1f,33749606#1f,,,,254596870#1f,33749606#1f,true
9328b739d73e2f96d94c,order,50501897#1f,93137593#1f,,,,50501897#1f,93137593#1f,true
93292244a9aee352c9ed,order,39839529#3r,4227216#1r,,,,39839529#3r,4227216#1r,true
9334b14bc12337992442,order,788197746#1f,143536279#2f,,,,788197746#1f,143536279#2f,true
935927ebd483cecf6546,order,690914542#2r,690914541#1r,,,,690914542#2r,690914541#1r,true
937228d489bef9c22bf8,order,39839529#2r,93091320#1r,,,,39839529#2r,93091320#1r,true
938beb3694f8bb91d5ef,order,503462464#2f,93137615#1r,,,,503462464#2f,93137615#1r,true
93a90592168a15bb3071,order,946562629#1r,120113157#1f,,,,946562629#1r,120113157#1f,true
93b3579273dc96a10311,order,78147639#2f,158007921#1f,,,,78147639#2f,158007921#1f,true
944af80f964d3de6e0a4,order,24668173#1f,840345537#1r,,,,24668173#1f,840345537#1r,true
945fa08f6d6762e34ead,order,181479771#4f,336130958#1r,,,,181479771#4f,336130958#1r,true
94be4381f2502cf1f2ad,order,4230187#2f,177588308#1r,,,,4230187#2f,177588308#1r,true
95345975144dce478978,order,166399501#4f,850261602#7f,,,,166399501#4f,850261602#7f,true
95401af5722bb8f174f9,order,503434354#1f,155085121#1f,,,,503434354#1f,155085121#1f,true
9558466bc4ac03a0de2f,order,503633032#2f,718024988#1f,,,,503633032#2f,718024988#1f,true
955d49cb5f6c332f4f2f,order,161775593#2r,485746484#1f,,,,161775593#2r,485746484#1f,true
9574a86ce61ee206fc3b,order,24668173#1f,840345537#1f,,,,24668173#1f,840345537#1f,true
95969fda5388561107c0,order,1283578084#4f,1361685182#1f,,,,1283578084#4f,1361685182#1f,true
95b40738d98a17ba76e1,order,166399498#1f,67923338#1r,,,,166399498#1f,67923338#1r,true
96075f9b54f558293f21,order,850261594#1f,176776331#4f,,,,850261594#1f,176776331#4f,true
965af7b45a54d0a23350,order,166009792#4f,157719649#1f,,,,166009792#4f,157719649#1f,true
967a0fcccb95fb94700f,order,4230118#2r,4230117#1f,,,,4230118#2r,4230117#1f,true
967d684243b8e271f8d8,order,214635117#3r,1082281156#2r,,,,214635117#3r,1082281156#2r,true
969aa4b63063146ff27b,order,176336114#3f,176321050#1f,,,,176336114#3f,176321050#1f,true
96f1af0654cf859a3739,order,1174006399#1f,93137596#1f,,,,1174006399#1f,93137596#1f,true
96f736419972314ecf0e,order,166399501#3f,850261602#7f,,,,166399501#3f,850261602#7f,true
9706b9a8d23042618311,order,4229539#3r,4229537#1f,,,,4229539#3r,4229537#1f,true
9726989a582854358d32,order,25082741#1f,161775593#1r,,,,25082741#1f,161775593#1r,true
977925efa66334701a19,order,182700008#1f,182700007#1f,,,,182700008#1f,182700007#1f,true
97cc7766ffdc06be417c,order,686878366#1f,68814575#1f,,,,686878366#1f,68814575#1f,true
98172bc01914fd17d77e,order,503475642#1f,485746484#1f,,,,503475642#1f,485746484#1f,true
981e97fd82d60e41153a,order,1238339144#2f,93137575#1f,,,,1238339144#2f,93137575#1f,true
984b1eba446ce27592ea,order,182700002#4f,1342546058#3r,,,,182700002#4f,1342546058#3r,true
989b0e9bfcda82de6613,order,503633032#8f,779793204#1f,,,,503633032#8f,779793204#1f,true
98b70f50fb5cab473e70,order,168890943#3f,161882805#1r,,,,168890943#3f,161882805#1r,true
98c1d298e6f0d3176523,order,446530365#3f,690915731#1r,,,,446530365#3f,690915731#1r,true
98c3a48aa2d136dee9aa,order,1470365904#1f,1470365903#1f,,,,1470365904#1f,1470365903#1f,true
98ff06d0829f91307b6b,order,1283578084#3f,1361685182#1f,,,,1283578084#3f,1361685182#1f,true
994a20d91f3f30dc0032,order,503434360#1f,94399553#1f,,,,503434360#1f,94399553#1f,true
9960d68a5e4362089446,order,214635117#5r,1082281160#2f,,,,214635117#5r,1082281160#2f,true
99a71beba5cc89feb372,order,990669428#1f,155085109#1f,,,,990669428#1f,155085109#1f,true
99d0d0390cc165a7d39d,order,423632277#2f,334520662#1f,,,,423632277#2f,334520662#1f,true
99ffaaa17879c9b75f7f,order,699218006#2r,161775593#1r,,,,699218006#2r,161775593#1r,true
9a28f93c1c7b8ef0fb55,order,4230009#1f,308214646#3f,,,,4230009#1f,308214646#3f,true
9a2994729ea4beda46c4,order,165636031#6r,834185360#3f,,,,165636031#6r,834185360#3f,true
9a45cc54f679d615712c,order,854880221#1f,155085120#1r,,,,854880221#1f,155085120#1r,true
9a4d4a134e5bc23040f9,order,176334445#3f,1525349447#1r,,,,176334445#3f,1525349447#1r,true
9ac791dab4d08cc44320,order,25082741#4r,446542424#2f,,,,25082741#4r,446542424#2f,true
9aea3e6154e32ab19106,order,166399501#3f,850261602#7r,,,,166399501#3f,850261602#7r,true
9b056375a7fbc4d72bba,order,214635117#4f,1082281160#2f,,,,214635117#4f,1082281160#2f,true
9b356f0b60668065bed3,order,4230006#1r,809470168#3f,,,,4230006#1r,809470168#3f,true
9b3841f84756724876e2,order,39839531#1f,690915732#1f,,,,39839531#1f,690915732#1f,true
9baa2b41bd990d23e27a,order,159170509#2f,176776331#7f,,,,159170509#2f,176776331#7f,true
9bda4d653be4599105e2,order,1174009934#1f,176477341#1f,,,,1174009934#1f,176477341#1f,true
9bec339db7e943577b6e,order,503462472#1f,503475665#1f,,,,503462472#1f,503475665#1f,true
9c3525845c2ff30ef15d,order,503462461#2f,182692350#1r,,,,503462461#2f,182692350#1r,true
9c3b88a5c32aac82c42b,order,1451501763#1f,348019480#2f,,,,1451501763#1f,348019480#2f,true
9c6bc25792ab7261cca8,order,166558481#2f,176774211#2r,,,,166558481#2f,176774211#2r,true
9c6ec39ce1e165aca9ca,order,1233853668#2f,1146071897#1f,,,,1233853668#2f,1146071897#1f,true
9c7aac90108372e66f7d,order,4230099#8f,1342546088#1r,,,,4230099#8f,1342546088#1r,true
9ca1a280b606d62cfdc4,order,446530366#1r,690915731#1f,,,,446530366#1r,690915731#1f,true
9ce8ec9e1abbe8eb0699,order,166399512#1f,93137580#1f,,,,166399512#1f,93137580#1f,true
9d16ca699c017e6180d0,order,92627406#5r,1082312613#1f,,,,92627406#5r,1082312613#1f,true
9d56a66b57b4548eaa5b,order,166399478#2r,503702167#1f,,,,166399478#2r,503702167#1f,true
9d56db65559f1a19c86a,order,201009264#3r,360063233#1f,,,,201009264#3r,360063233#1f,true
9d893d40c641675b4c8e,order,168890943#4f,161882805#1r,,,,168890943#4f,161882805#1r,true
9d8f839b96239063fc3b,order,8352246#5f,159170517#1f,,,,8352246#5f,159170517#1f,true
9dadda4558285ac8990e,order,423826027#1f,4098197#4r,,,,423826027#1f,4098197#4r,true
9db0cc39a089ad6d2e34,order,165636031#3r,834313093#1f,,,,165636031#3r,834313093#1f,true
9dc1e5deb056a925cd35,order,854880221#4f,1319454161#1f,,,,854880221#4f,1319454161#1f,true
9dd644941465bad9fc28,order,93137591#1f,157719645#12r,,,,93137591#1f,157719645#12r,true
9e30c5de55474723754a,order,157719669#3f,334364604#1r,,,,157719669#3f,334364604#1r,true
9e3be5c123e2820ca495,order,688731299#3f,688744015#1f,,,,688731299#3f,688744015#1f,true
9e55ee95da64143db3ca,order,503475642#3f,1428926458#1f,,,,503475642#3f,1428926458#1f,true
9e6a6eb381cfa3df65e4,order,503471323#1f,1327492345#1f,,,,503471323#1f,1327492345#1f,true
9e9383615bb43ed8b4ae,order,176336114#1f,982081599#3f,,,,176336114#1f,982081599#3f,true
9ec7cc863d22f35fc94e,order,212766110#3f,690914539#1r,,,,212766110#3f,690914539#1r,true
9ef5de68dc493c6654c9,order,503462466#6f,693487406#1r,,,,503462466#6f,693487406#1r,true
9f1e58842c37a9a94162,order,503783373#1r,503783374#1r,,,,503783373#1r,503783374#1r,true
9f33acf4fcc97e7d4161,order,568187257#3f,161733292#1f,,,,568187257#3f,161733292#1f,true
9f90a656b3c4f204bc8b,order,423632273#1f,212764303#1f,,,,423632273#1f,212764303#1f,true
9faa46a5edcd13c16446,order,177425460#1f,177429338#1f,,,,177425460#1f,177429338#1f,true
9fcb971812db74991d4e,order,166399478#4r,849737746#2f,,,,166399478#4r,849737746#2f,true
9fe42abc94e5eda40db3,order,177189425#3r,177052163#1r,,,,177189425#3r,177052163#1r,true
9ffd0378da6a1f19a5e2,order,503434372#3f,167625751#1f,,,,503434372#3f,167625751#1f,true
a020d8044510907337d3,order,1449972041#1f,166399484#1f,,,,1449972041#1f,166399484#1f,true
a0342aa75c1ff3ddd9be,order,212766110#3f,690914539#1f,,,,212766110#3f,690914539#1f,true
a047b053592c58462c75,order,353889383#1f,93207288#1f,,,,353889383#1f,93207288#1f,true
a050f78a70bfa7f36450,order,181479771#3f,177231049#1f,,,,181479771#3f,177231049#1f,true
a0731ada2338b0debb91,order,503462468#3f,182700007#1f,,,,503462468#3f,182700007#1f,true
a093861a66a0ec2290d2,order,176477342#2f,95825511#1f,,,,176477342#2f,95825511#1f,true
a09d0105dc222efbd39f,order,157719647#6f,1202361416#2r,,,,157719647#6f,1202361416#2r,true
a0f0df34287f165926ed,order,214635117#5f,1082281160#2f,,,,214635117#5f,1082281160#2f,true
a10df108373751ebdc03,order,166399500#3f,1365041529#2f,,,,166399500#3f,1365041529#2f,true
a145d68bc6abf9f7cc6e,order,167625756#2f,1243224906#1f,,,,167625756#2f,1243224906#1f,true
a15fcc927f4a17f5280e,order,200493424#2f,503550460#1f,,,,200493424#2f,503550460#1f,true
a18c1cae589a3609e5f4,order,157719668#2f,164338243#1r,,,,157719668#2f,164338243#1r,true
a1be48fab5c1cb814ff8,order,80378486#1f,1327492337#1f,,,,80378486#1f,1327492337#1f,true
a1fb0d79650de58026a0,order,181479771#3r,336130958#1r,,,,181479771#3r,336130958#1r,true
a305af7a873ebf028954,order,166149571#3f,446530365#1f,,,,166149571#3f,446530365#1f,true
a3180aedfee3886a4add,order,503633032#6f,1086377399#2r,,,,503633032#6f,1086377399#2r,true
a3234be00f9bec221740,order,25179329#2r,161752639#1r,,,,25179329#2r,161752639#1r,true
a3272ffbd79947737c18,order,503475643#2r,1276784167#1f,,,,503475643#2r,1276784167#1f,true
a33d995872a1fe747aeb,order,503783376#2r,177590093#1f,,,,503783376#2r,177590093#1f,true
a39341ba06eab51f0458,order,214635117#7f,158215197#1f,,,,214635117#7f,158215197#1f,true
a3edf59f93e408f461e5,order,168104483#2f,176336113#1r,,,,168104483#2f,176336113#1r,true
a42779a7996eca5d1504,order,164338244#1f,334368435#1f,,,,164338244#1f,334368435#1f,true
a42f611203c2a97873ff,order,503462472#4f,501241476#2f,,,,503462472#4f,501241476#2f,true
a430fbb30b0fff25e588,order,353889276#2f,1000930351#1f,,,,353889276#2f,1000930351#1f,true
a44bc4b29d24de204664,order,25082741#3r,446542424#2f,,,,25082741#3r,446542424#2f,true
a4b0284643cd34bcb886,order,4229292#2f,201009262#1f,,,,4229292#2f,201009262#1f,true
a4c732a46fa0a1a6cb37,order,155085119#4r,1297328848#1r,,,,155085119#4r,1297328848#1r,true
a4d0dc036d009716794a,order,167625756#1f,1243224906#1f,,,,167625756#1f,1243224906#1f,true
a52275152751d4f7658c,order,166149542#1r,159170458#3f,,,,166149542#1r,159170458#3f,true
a548e4b5099c4fc7cd3e,order,503471324#1f,851792666#1f,,,,503471324#1f,851792666#1f,true
a57e6b8857f9ecd7fbe3,order,990669428#1f,155085119#1r,,,,990669428#1f,155085119#1r,true
a598877cdac0989964f9,order,4227208#1f,834185366#2r,,,,4227208#1f,834185366#2r,true
a599b15f0953dd26d63b,order,166399500#4f,835609340#1f,,,,166399500#4f,835609340#1f,true
a5c9aa511ed00cca6868,order,158215196#1r,177052555#1f,,,,158215196#1r,177052555#1f,true
a5cd23b76a764d8ab46e,order,181479771#6r,686878340#1r,,,,181479771#6r,686878340#1r,true
a60009ec6d03fed320bf,order,1019174509#7f,159170525#1f,,,,1019174509#7f,159170525#1f,true
a614b1ea31f495fe580b,order,212766110#2f,690914539#1f,,,,212766110#2f,690914539#1f,true
a646c81813e946777b0c,order,166399478#3r,177052556#3f,,,,166399478#3r,177052556#3f,true
a673fd75ef708ef35dae,order,167625719#3f,164338218#1f,,,,167625719#3f,164338218#1f,true
a68cbfa22b6230e21c2e,order,177189425#2r,177052163#1f,,,,177189425#2r,177052163#1f,true
a6a10fd9210fcbb7c5e9,order,4230891#3f,1365041486#2r,,,,4230891#3f,1365041486#2r,true
a6af1e3060f6686b4680,order,254596489#1f,176477349#1f,,,,254596489#1f,176477349#1f,true
a6e52676b28f9b857f92,order,181479771#7r,686878340#1f,,,,181479771#7r,686878340#1f,true
a70b3726861e4888880b,order,161775592#3f,161769679#3r,,,,161775592#3f,161769679#3r,true
a72a8228542c4d08bc09,order,503434364#1f,1549110514#1f,,,,503434364#1f,1549110514#1f,true
a79ee709f7fc43137b60,order,166399478#8r,348748065#1f,,,,166399478#8r,348748065#1f,true
a7e8bfae36e1c7246a83,order,1451501745#1f,905452639#1f,,,,1451501745#1f,905452639#1f,true
a7fb9606011a779caf3e,order,94400151#2f,94399927#1f,,,,94400151#2f,94399927#1f,true
a89a4edf5e2bd6dc103e,order,78149827#1f,176477349#1f,,,,78149827#1f,176477349#1f,true
a89f8f60c204fd2d92d1,order,158189817#1r,899409585#1f,,,,158189817#1r,899409585#1f,true
a8a781a0ab5cb4b85b7d,order,24668173#2f,840345537#1r,,,,24668173#2f,840345537#1r,true
a8b20630d377b6c87d0d,order,1449972054#1f,181479772#2f,,,,1449972054#1f,181479772#2f,true
a8cfde3587955635578d,order,200502086#1r,586508238#2f,,,,200502086#1r,586508238#2f,true
a8f3f4499ed17ccf2cbe,order,1174009934#1f,176800018#1f,,,,1174009934#1f,176800018#1f,true
a90052d5fda89b764ca6,order,161882802#1f,4227273#1f,,,,161882802#1f,4227273#1f,true
a90a89876b7219eeb14e,order,214635115#2r,833538179#2f,,,,214635115#2r,833538179#2f,true
a90dfb7cd70263d80001,order,4230099#6r,1203522177#1f,,,,4230099#6r,1203522177#1f,true
a95fb7e0e8dd3c011a3c,order,176674531#2f,164338225#1f,,,,176674531#2f,164338225#1f,true
a98c0d4bf69405f04296,order,1131276185#1f,93137593#1f,,,,1131276185#1f,93137593#1f,true
a992832d47c2aa7afa56,order,423632264#2f,690131582#2f,,,,423632264#2f,690131582#2f,true
a9b659f8caef374bb50d,order,4230011#6f,168104492#1f,,,,4230011#6f,168104492#1f,true
a9c2e423dfb42ef0410e,order,4230099#5r,1203522177#1f,,,,4230099#5r,1203522177#1f,true
a9e8287260183f4daf3b,order,182694289#1r,164338222#2f,,,,182694289#1r,164338222#2f,true
a9f2fef39da3fc1a3d36,order,694608615#1f,503813537#1f,,,,694608615#1f,503813537#1f,true
aa071c15250d9d2e82f8,order,155085119#5f,1297328848#1r,,,,155085119#5f,1297328848#1r,true
aa0ebeed481fc3c6d3fc,order,788120417#1f,656826921#1f,,,,788120417#1f,656826921#1f,true
aa5136eee1f7d212a00b,order,398362860#1f,690653920#2f,,,,398362860#1f,690653920#2f,true
aa7b384e3d068aa52526,order,1470365899#1f,1470365900#1f,,,,1470365899#1f,1470365900#1f,true
aaa9fe98e137c59248d0,order,167625737#2f,835382435#1f,,,,167625737#2f,835382435#1f,true
aac6036792a71b29dd0d,order,1058067232#1f,1549110515#3r,,,,1058067232#1f,1549110515#3r,true
aaf689718c8eb36b5e32,order,503633031#5f,50501898#1f,,,,503633031#5f,50501898#1f,true
ab0385bbd6b6cdda9d4b,order,214635117#3r,1082281156#2f,,,,214635117#3r,1082281156#2f,true
ab200cbc5a79c1e54e1b,order,176333306#1f,4230011#1f,,,,176333306#1f,4230011#1f,true
ababf62a63ba2a6d0bd6,order,176336114#3f,176336111#3f,,,,176336114#3f,176336111#3f,true
abb6a2e55b3f4146dc10,order,4229539#1f,176674530#1f,,,,4229539#1f,176674530#1f,true
ac12c727118c8c12fe8f,order,1019360050#2f,120114107#1r,,,,1019360050#2f,120114107#1r,true
ac54c5f99332ddea74a1,order,93137558#5f,1342556413#2f,,,,93137558#5f,1342556413#2f,true
ac564ce32e8612e67a11,order,200998962#1f,690653920#2f,,,,200998962#1f,690653920#2f,true
ac8b33c74812636aee0f,order,165636046#1f,157719698#5f,,,,165636046#1f,157719698#5f,true
acb416cce7aa464e4d11,order,165636039#1f,35092477#2f,,,,165636039#1f,35092477#2f,true
ace4d50c1db8ad03dedd,order,503462476#1f,4229273#1f,,,,503462476#1f,4229273#1f,true
acf2a3e663c6f91006fc,order,503462471#1f,214635479#1f,,,,503462471#1f,214635479#1f,true
acf8923d1c54c2156b99,order,176334445#3f,1525349447#1f,,,,176334445#3f,1525349447#1f,true
ad3c0e3149ae3191dc5c,order,353889280#1f,176085755#2f,,,,353889280#1f,176085755#2f,true
ad40c5e4c052d03a5580,order,78149827#1r,176477349#1f,,,,78149827#1r,176477349#1f,true
ad4feedec9d8cddf49f6,order,1442123927#1f,176086162#1f,,,,1442123927#1f,176086162#1f,true
ad5ae70ea9d269b53ec2,order,161882796#2f,176776331#5f,,,,161882796#2f,176776331#5f,true
ad735c76d5440a64c90b,order,990669429#1f,317925725#1r,,,,990669429#1f,317925725#1r,true
ada47968dc1114e12c62,order,93137558#5r,1342556413#2r,,,,93137558#5r,1342556413#2r,true
adc410cdd5cdfb67a1b5,order,181479771#3r,177231049#1f,,,,181479771#3r,177231049#1f,true
adcaec66ae1f01ca81dd,order,166399512#1f,1086377386#2f,,,,166399512#1f,1086377386#2f,true
adcb59c17c04f7fbf156,order,200507331#2f,690914543#1r,,,,200507331#2f,690914543#1r,true
add1aa249fb51f99f70c,order,503753416#1f,201009264#1f,,,,503753416#1f,201009264#1f,true
ae4c9ab7b1ed46761308,order,8056051#4f,159175448#1r,,,,8056051#4f,159175448#1r,true
ae9c50e7a67d53fe774e,order,157719647#4f,586508235#2f,,,,157719647#4f,586508235#2f,true
aedb006f72856934c455,order,165636031#4f,834313093#1f,,,,165636031#4f,834313093#1f,true
af04b4f7399ccb54a9ab,order,93137558#2r,1342546064#4f,,,,93137558#2r,1342546064#4f,true
afd5411d179146b776af,order,503462466#5f,693487406#1r,,,,503462466#5f,693487406#1r,true
afd84f26748607b53dc2,order,503633032#5f,1086377399#3r,,,,503633032#5f,1086377399#3r,true
b067f846c2216a0bc782,order,694608614#1f,503447058#1f,,,,694608614#1f,503447058#1f,true
b076954d8fb8f4ccfaf1,order,503434359#1f,94399877#1f,,,,503434359#1f,94399877#1f,true
b083a9392b38dd623ca4,order,166399479#2f,161882796#1f,,,,166399479#2f,161882796#1f,true
b0db20443f01431cf3d8,order,4230187#2f,177588308#1f,,,,4230187#2f,177588308#1f,true
b0e7b7fb54615743ca7e,order,503813546#1f,172533153#1f,,,,503813546#1f,172533153#1f,true
b0ec73616a3df44b477c,order,503434368#1f,4229243#1f,,,,503434368#1f,4229243#1f,true
b10120fc6b9c3ba176cd,order,161775592#2f,93137627#1r,,,,161775592#2f,93137627#1r,true
b13ea7724b3b3a12a1a5,order,4230006#2f,177232625#1f,,,,4230006#2f,177232625#1f,true
b1c8d7bb5301b80503ad,order,200493424#3f,158215184#1r,,,,200493424#3f,158215184#1r,true
b1d77c8cb8cd6e190838,order,35092475#1f,176477342#4f,,,,35092475#1f,176477342#4f,true
b1d7942ff24b99c7e5d1,order,166399500#3f,1365041529#2r,,,,166399500#3f,1365041529#2r,true
b1e137aea59d39894644,order,120113155#1f,120062665#1f,,,,120113155#1f,120062665#1f,true
b23aae26520ef0b33c04,order,788626643#1f,68814578#1f,,,,788626643#1f,68814578#1f,true
b24f3852e53887ea7f5e,order,166399478#7r,1314186421#1r,,,,166399478#7r,1314186421#1r,true
b27305c19e5a0550ed15,order,200499288#1f,51691775#1f,,,,200499288#1f,51691775#1f,true
b28f3a128836bf9de1cc,order,1024393368#1f,120062664#1f,,,,1024393368#1f,120062664#1f,true
b2a55c88f7577576ec48,order,4230011#5f,168104492#1r,,,,4230011#5f,168104492#1r,true
b2a7954e4db207f6441b,order,177189425#2f,177052163#1r,,,,177189425#2f,177052163#1r,true
b2d1a023644fd09274cc,order,93137558#2f,1342546064#1f,,,,93137558#2f,1342546064#1f,true
b2ed42c570c3ad9728b7,order,93091318#1f,4227216#2f,,,,93091318#1f,4227216#2f,true
b32883b6393834bb9261,order,4227233#1f,164338222#2f,,,,4227233#1f,164338222#2f,true
b3359e570edbe3df01dd,order,214635115#1r,833538179#2r,,,,214635115#1r,833538179#2r,true
b351a6970d1c3226fa9e,order,503633033#1f,718025935#2f,,,,503633033#1f,718025935#2f,true
b364cd92d4bb1828d95f,order,503633032#2f,718024894#1f,,,,503633032#2f,718024894#1f,true
b36acfa31268dab7b5d3,order,176333307#4r,1233828725#2f,,,,176333307#4r,1233828725#2f,true
b39eca1b922e2feda7a0,order,1024393367#1f,177429338#1f,,,,1024393367#1f,177429338#1f,true
b3dff0f1527f269db76d,order,503462459#1f,503434361#2f,,,,503462459#1f,503434361#2f,true
b422fad975db53c75ea4,order,200507331#2r,690914543#1r,,,,200507331#2r,690914543#1r,true
b44c0b57ce5363ea9fa8,order,423632259#2f,176774263#1f,,,,423632259#2f,176774263#1f,true
b46254a35f137f52e077,order,166399479#1f,850261594#2f,,,,166399479#1f,850261594#2f,true
b47158f434aeb121834e,order,164338244#1f,334368435#1r,,,,164338244#1f,334368435#1r,true
b472d947919c8440c1e1,order,158215196#2r,177052555#1r,,,,158215196#2r,177052555#1r,true
b477dc58c790d6745460,order,503462464#2f,93137615#1f,,,,503462464#2f,93137615#1f,true
b48e02711c93627c4b18,order,165636031#6r,834185360#3r,,,,165636031#6r,834185360#3r,true
b49bae4ed2995321d115,order,353889272#1f,51691775#1f,,,,353889272#1f,51691775#1f,true
b4d7984ed5845bdbe132,order,143536261#2f,156780348#1f,,,,143536261#2f,156780348#1f,true
b4d7e7c9bb2d8140083e,order,166009792#5f,168104483#3f,,,,166009792#5f,168104483#3f,true
b4e65dc44ccc0f4c77f6,order,8056051#5f,159175448#1f,,,,8056051#5f,159175448#1f,true
b4fba94d87b410d79429,order,1444437334#1f,503633033#1f,,,,1444437334#1f,503633033#1f,true
b5077ed1eb5f33491883,order,165636038#4f,4227198#1f,,,,165636038#4f,4227198#1f,true
b50a01f0bfefdba5378f,order,92627406#4f,1082312613#1f,,,,92627406#4f,1082312613#1f,true
b50c7bc4828eae3d709f,order,93091318#1f,4227216#2r,,,,93091318#1f,4227216#2r,true
b50dee8b161c852aa9be,order,423632264#1r,690131582#2f,,,,423632264#1r,690131582#2f,true
b555ca0bc9cdd14c6d33,order,503633032#1f,718024894#1f,,,,503633032#1f,718024894#1f,true
b55f76127400c8724330,order,166399488#1f,67923338#2r,,,,166399488#1f,67923338#2r,true
b56524ba4dd5f78c0c30,order,157719662#3f,157719685#1f,,,,157719662#3f,157719685#1f,true
b56bf96fd96bd4d7b592,order,4230009#1f,308214646#3r,,,,4230009#1f,308214646#3r,true
b573998eb75028ff8901,order,181479771#3f,336130958#1r,,,,181479771#3f,336130958#1r,true
b5823a28ac6d34b85c5f,order,503783369#1r,24655134#1f,,,,503783369#1r,24655134#1f,true
b5adf8bfa953428d0ef3,order,503633032#6f,1086377399#3r,,,,503633032#6f,1086377399#3r,true
b5b1a5cf32f468b9f54c,order,503434364#1f,1549110515#3r,,,,503434364#1f,1549110515#3r,true
b5b72727c19c237fc0da,order,157719645#2r,1202361392#1r,,,,157719645#2r,1202361392#1r,true
b5b9ffe5a504a5492090,order,165636030#2f,834185365#1f,,,,165636030#2f,834185365#1f,true
b605bb42340ffae1037a,order,4097656#1r,176477342#4f,,,,4097656#1r,176477342#4f,true
b65954c307c0e6e5d807,order,423632277#1f,212764303#2f,,,,423632277#1f,212764303#2f,true
b6ae84591aa3a8d58ea5,order,166399501#4r,850261602#7r,,,,166399501#4r,850261602#7r,true
b6af9e4aa88d03399951,order,503633032#4f,1086377398#2f,,,,503633032#4f,1086377398#2f,true
b7081c5c087d2a75d493,order,176477342#1r,95825511#1f,,,,176477342#1r,95825511#1f,true
b7436f14535d89a0a887,order,788197746#2f,143536279#2f,,,,788197746#2f,143536279#2f,true
b74c0726b076e381a322,order,1283578084#4f,1361685182#1r,,,,1283578084#4f,1361685182#1r,true
b75106bea2eb835643b8,order,166399478#3f,849737746#2r,,,,166399478#3f,849737746#2r,true
b77eaf9afd058d46a2cd,order,166399477#2f,899409586#1f,,,,166399477#2f,899409586#1f,true
b790740ddd212c161a80,order,157719664#2f,39838265#1f,,,,157719664#2f,39838265#1f,true
b7acd95975f378a395af,order,92627441#2f,4229243#1f,,,,92627441#2f,4229243#1f,true
b7b71e93ff4a6732c173,order,167625726#2f,167625740#1f,,,,167625726#2f,167625740#1f,true
b7ebb274bc4a97977907,order,503559461#1f,8056051#1f,,,,503559461#1f,8056051#1f,true
b7f7ac54535a1ab629ff,order,161775592#3f,161769679#3f,,,,161775592#3f,161769679#3f,true
b8098b2f50b23c4df62f,order,120113155#3f,120062272#1f,,,,120113155#3f,120062272#1f,true
b88391fca05ebb1e86d7,order,1131276184#1f,718024894#1f,,,,1131276184#1f,718024894#1f,true
b8c4a60542dc29bcd2db,order,788197746#3f,295618745#1r,,,,788197746#3f,295618745#1r,true
b8c58bd3217b85b5eed9,order,25179329#1f,161748261#4f,,,,25179329#1f,161748261#4f,true
b8fab85a5a9bed83b541,order,181479771#7r,159170498#1f,,,,181479771#7r,159170498#1f,true
b9220d94c0613f63698a,order,254596870#2f,159170458#3r,,,,254596870#2f,159170458#3r,true
b98fa6dcd8d7fbd20a7f,order,212766110#1f,501241475#1f,,,,212766110#1f,501241475#1f,true
b9970c587a2d619fb750,order,25179329#2f,161752639#1f,,,,25179329#2f,161752639#1f,true
b9972dfad49e1628840a,order,1233853668#1r,1146071897#1r,,,,1233853668#1r,1146071897#1r,true
b9bc366369040d277dc3,order,176333304#4f,4230114#3f,,,,176333304#4f,4230114#3f,true
b9e29a4b56eb1ea20924,order,854880221#2f,155085120#1f,,,,854880221#2f,155085120#1f,true
b9e43c77ebdfac933fc0,order,503783368#1r,156242241#1f,,,,503783368#1r,156242241#1f,true
ba0fd801024ef5dadde9,order,168890950#1r,687577826#1f,,,,168890950#1r,687577826#1f,true
ba1fe87b163d19ad228b,order,176336376#2f,157719692#1f,,,,176336376#2f,157719692#1f,true
ba35250b1a687c3dd5b0,order,503550471#1f,166399496#1r,,,,503550471#1f,166399496#1r,true
ba5113ec3e3d20c988e0,order,1019360049#1f,121380669#1f,,,,1019360049#1f,121380669#1f,true
ba614bf0d6b00195ed7a,order,157719653#1f,176085754#1f,,,,157719653#1f,176085754#1f,true
ba9f8c7e1f69fa44196d,order,503783368#1f,156242241#1f,,,,503783368#1f,156242241#1f,true
baec6846e7318edff473,order,157719644#3r,586268005#1f,,,,157719644#3r,586268005#1f,true
baee2bd00db26c2ed28b,order,4230099#7r,1203522177#1r,,,,4230099#7r,1203522177#1r,true
bb1fdc817bc9168d557f,order,92627425#1f,943330854#1f,,,,92627425#1f,943330854#1f,true
bb31615245ce97b2e816,order,182700002#5f,1452797915#2f,,,,182700002#5f,1452797915#2f,true
bb3b93e1a41064b18ded,order,165636047#1r,1233828725#2f,,,,165636047#1r,1233828725#2f,true
bbc64378847d10b78f0e,order,690653921#2f,200998962#1f,,,,690653921#2f,200998962#1f,true
bbd2581637990ad1b737,order,503633032#6f,1086377399#3f,,,,503633032#6f,1086377399#3f,true
bc046401f441aecd848a,order,503434360#1f,94399927#1f,,,,503434360#1f,94399927#1f,true
bc0f27c24bb436a3c1b5,order,423873046#1f,4229298#1f,,,,423873046#1f,4229298#1f,true
bc514b44106b5c006350,order,167625719#1f,687577826#2f,,,,167625719#1f,687577826#2f,true
bca5f74077678c28e24e,order,176086161#2f,503434401#1f,,,,176086161#2f,503434401#1f,true
bcd609ccc71ba75846cf,order,1449972042#1f,176086161#1f,,,,1449972042#1f,176086161#1f,true
bd515d2d086a4569ed78,order,166009792#1f,157719668#1r,,,,166009792#1f,157719668#1r,true
bd5adbc5f4e4a18a7fa4,order,181479771#2r,177231049#1f,,,,181479771#2r,177231049#1f,true
bd9df74f818bc12c8dc9,order,165636031#5r,834185360#3r,,,,165636031#5r,834185360#3r,true
be9ea5213399570f0a63,order,157719644#3r,93137566#2f,,,,157719644#3r,93137566#2f,true
bee1188a7f7f8f6a7f9a,order,4230006#2r,1202361379#1f,,,,4230006#2r,1202361379#1f,true
bee771298404a4ffef39,order,4230011#6f,168104492#1r,,,,4230011#6f,168104492#1r,true
bf3266fa78d843801b6b,order,166009792#2f,157719668#1r,,,,166009792#2f,157719668#1r,true
bf3b6328c2fee835bd97,order,503633034#1f,1086377399#3f,,,,503633034#1f,1086377399#3f,true
bf67cda099c934551730,order,503783376#1r,177590093#1f,,,,503783376#1r,177590093#1f,true
bfb5ba909543d5ed7f33,order,4230011#6r,168104492#1f,,,,4230011#6r,168104492#1f,true
bfb9e1beb981ee12565f,order,446530365#1f,690915731#1r,,,,446530365#1f,690915731#1r,true
bffe0ee3d3e8a918a0a8,order,4230009#1r,308214646#3f,,,,4230009#1r,308214646#3f,true
c03d40fec8380fede465,order,181479771#3r,336130958#1f,,,,181479771#3r,336130958#1f,true
c04d2afdb8ad5824a8cd,order,214635117#3r,448186736#1f,,,,214635117#3r,448186736#1f,true
c0a61e673b1bc6a67e79,order,503559455#1f,39839529#1f,,,,503559455#1f,39839529#1f,true
c126e6dac2ee98cf673a,order,166558481#1f,176774211#2r,,,,166558481#1f,176774211#2r,true
c139ae411d4e3c347d1d,order,176477341#1f,176800018#1f,,,,176477341#1f,176800018#1f,true
c17af775fefa36b824fa,order,128273232#1r,338900930#1f,,,,128273232#1r,338900930#1f,true
c1dd2830202e04f15d9e,order,93137558#3f,1342546064#1f,,,,93137558#3f,1342546064#1f,true
c1e3f1abf22b972a867d,order,503434396#1f,1019646822#2f,,,,503434396#1f,1019646822#2f,true
c1f98ac0c250e3584882,order,176334445#2f,1525349447#1r,,,,176334445#2f,1525349447#1r,true
c2358f2b2067206969b7,order,690914542#1f,690914543#1r,,,,690914542#1f,690914543#1r,true
c24fee056aeb989e3fb1,order,699218006#2f,161775593#1r,,,,699218006#2f,161775593#1r,true
c251fae868b77878aa68,order,4230099#7f,1203522177#1f,,,,4230099#7f,1203522177#1f,true
c2672a191d6b311941d5,order,990669428#1f,155085119#1f,,,,990669428#1f,155085119#1f,true
c2a52b78fd85f76598e1,order,1174009935#1f,51691775#1f,,,,1174009935#1f,51691775#1f,true
c2b3277d821920211c5c,order,214635117#8r,158215197#1f,,,,214635117#8r,158215197#1f,true
c2bfc550e5d8ee0e336e,order,503475652#1f,863835496#2f,,,,503475652#1f,863835496#2f,true
c2d7c68895db46268f33,order,157719652#1f,4229577#1f,,,,157719652#1f,4229577#1f,true
c36017b7ea3f71ad14b8,order,167625719#1f,687577826#2r,,,,167625719#1f,687577826#2r,true
c3728e63f99388b8bd79,order,4230099#9f,1342546088#1r,,,,4230099#9f,1342546088#1r,true
c3f3f7ea43106ac7b041,order,503462475#3f,158215191#1r,,,,503462475#3f,158215191#1r,true
c40de1d21b3fa5ea7363,order,176336114#1f,168104483#1f,,,,176336114#1f,168104483#1f,true
c415a2f83d9df2cffbd8,order,212764303#1f,360063227#1r,,,,212764303#1f,360063227#1r,true
c43cf1428372f177a68e,order,182700002#5f,1342546058#3r,,,,182700002#5f,1342546058#3r,true
c4654a66253616fcd0b4,order,804900034#2f,690914551#1f,,,,804900034#2f,690914551#1f,true
c4cfa0d96f2d424d0ae9,order,39839529#2f,93091320#1f,,,,39839529#2f,93091320#1f,true
c4da7e6e089e3c164299,order,503633034#1f,1086377399#3r,,,,503633034#1f,1086377399#3r,true
c4dd7a4eb91a4723d0c2,order,503471323#2f,1327492346#1f,,,,503471323#2f,1327492346#1f,true
c4fac42648529bf0e99e,order,694608613#1f,503813537#1f,,,,694608613#1f,503813537#1f,true
c502da123b7400b6bbe6,order,106705725#1f,177587135#1f,,,,106705725#1f,177587135#1f,true
c54344826f1b6cb75b21,order,254596486#1f,93137566#2f,,,,254596486#1f,93137566#2f,true
c58066896c7f951aa12f,order,4229536#1r,160004399#1r,,,,4229536#1r,160004399#1r,true
c5b246167d5181115459,order,1082515450#1f,161752645#1f,,,,1082515450#1f,161752645#1f,true
c5bb6616d6b97e012db9,order,166399489#2f,68814587#1f,,,,166399489#2f,68814587#1f,true
c5c2d4589719f25da9d3,order,214635114#2f,214635115#1f,,,,214635114#2f,214635115#1f,true
c5d52ff419b3b4b0ad02,order,254596488#1f,1342546111#2r,,,,254596488#1f,1342546111#2r,true
c6526b8590e0db797f48,order,503434369#1f,155085109#1r,,,,503434369#1f,155085109#1r,true
c680c7ef686fe08b8a29,order,214636589#3r,31900611#1f,,,,214636589#3r,31900611#1f,true
c6c820bd91e7dc45ce20,order,503434378#1f,4230187#5f,,,,503434378#1f,4230187#5f,true
c6cc8d8d8edf54ac24ae,order,92627425#2f,158189830#1f,,,,92627425#2f,158189830#1f,true
c7478d5877080b62e7c7,order,1549110516#4r,1549110527#1f,,,,1549110516#4r,1549110527#1f,true
c748e85085e54724901a,order,166009792#3f,157719649#1f,,,,166009792#3f,157719649#1f,true
c74c65265e6f17d2881f,order,92627408#3f,690914552#2f,,,,92627408#3f,690914552#2f,true
c759a394713bf2400c0f,order,4227208#2f,834185366#2f,,,,4227208#2f,834185366#2f,true
c76df9dd15d5307b2406,order,1019174499#1f,4230085#1f,,,,1019174499#1f,4230085#1f,true
c77536bf4071bf2a2032,order,4230118#2f,4230117#1f,,,,4230118#2f,4230117#1f,true
c77da37eb14b11b60fc1,order,25739583#1f,1410590320#1f,,,,25739583#1f,1410590320#1f,true
c791ae2494f5306ab833,order,166009792#4r,168104483#3f,,,,166009792#4r,168104483#3f,true
c7b64cc2620934a4e1a4,order,4097656#3f,200502710#1f,,,,4097656#3f,200502710#1f,true
c809244c9a7e9dd2047e,order,92627406#4r,1082312613#1f,,,,92627406#4r,1082312613#1f,true
c94274b232459be9cb04,order,157719645#3f,1202361392#1f,,,,157719645#3f,1202361392#1f,true
c949e1ff26e9b954e790,order,159170509#3f,176776331#6f,,,,159170509#3f,176776331#6f,true
c9554d88c14ccc4a37fb,order,120114108#1f,1327492338#1f,,,,120114108#1f,1327492338#1f,true
c9a5efda384f17c7323e,order,166399498#1f,67923338#1f,,,,166399498#1f,67923338#1f,true
c9bb3472d4a427c62e93,order,182700008#2f,93137593#1f,,,,182700008#2f,93137593#1f,true
c9d213b46c51e300cb38,order,167625719#2f,687577826#2f,,,,167625719#2f,687577826#2f,true
ca02d30c2ffcb0545d8a,order,176321050#4f,176674530#1f,,,,176321050#4f,176674530#1f,true
ca063ff1566b60cba904,order,176477342#1f,4229537#1f,,,,176477342#1f,4229537#1f,true
ca27ff0921341a651706,order,25082741#6r,348019480#2f,,,,25082741#6r,348019480#2f,true
ca34c59dd00b8d664365,order,166399500#4f,835609340#1r,,,,166399500#4f,835609340#1r,true
ca3d1fba1c438dfc6be9,order,92627441#2f,176682382#1r,,,,92627441#2f,176682382#1r,true
ca497073f4f07dd038b0,order,35092475#3r,1551240829#1f,,,,35092475#3r,1551240829#1f,true
ca5b5a006953fe6eaad9,order,1131276186#1f,1327492346#1f,,,,1131276186#1f,1327492346#1f,true
ca8550e20afcb8b7d31e,order,4226740#1f,4227242#1f,,,,4226740#1f,4227242#1f,true
ca8ed65be864deb79a34,order,166009792#5f,164338241#4f,,,,166009792#5f,164338241#4f,true
cadd51ec60e709e2113c,order,254596489#1r,176477349#1f,,,,254596489#1r,176477349#1f,true
cae6bd18c3319ec179b0,order,214635117#4r,448186736#1f,,,,214635117#4r,448186736#1f,true
cae7212ceeacf1ebcfe8,order,690914542#3r,690914541#1r,,,,690914542#3r,690914541#1r,true
caf6c4bda31d8f8bd3dd,order,982061461#1f,334368435#1f,,,,982061461#1f,334368435#1f,true
cb0242d3f6bde51c97c3,order,158215180#5f,177049248#1f,,,,158215180#5f,177049248#1f,true
cb04af48760785798137,order,165636046#1r,157719698#5f,,,,165636046#1r,157719698#5f,true
cb25040b57fb04f673d7,order,941748458#1f,905452639#1f,,,,941748458#1f,905452639#1f,true
cb57fe081c805ef8da30,order,181479771#7f,686878340#1r,,,,181479771#7f,686878340#1r,true
cb8fd9b029d96bee3945,order,804900034#2f,278143574#1f,,,,804900034#2f,278143574#1f,true
cbc7ab458d862a7af805,order,1019360049#1f,1327492344#1f,,,,1019360049#1f,1327492344#1f,true
cbda9c1c287bc6d282e7,order,503462470#1r,200998962#1f,,,,503462470#1r,200998962#1f,true
cbe453fbec4c708865c5,order,214635117#3f,448186736#1r,,,,214635117#3f,448186736#1r,true
cc195071b8f079808f2e,order,177045626#1f,67923338#1r,,,,177045626#1f,67923338#1r,true
cc565f8de6cdbd3ef265,order,4230891#2f,1365041486#2r,,,,4230891#2f,1365041486#2r,true
cc5905ecaaf3e367db37,order,4230186#2f,177588306#1r,,,,4230186#2f,177588306#1r,true
cc9d77ed2ab99d398475,order,157719698#1f,809470168#3f,,,,157719698#1f,809470168#3f,true
ccd6853ead235dc59f90,order,854880221#3f,690642687#1f,,,,854880221#3f,690642687#1f,true
ccd74151063c7098a347,order,212764300#2f,212764302#1f,,,,212764300#2f,212764302#1f,true
ccf8a2156ac1b60eeaa7,order,1233853668#3r,1146071897#1f,,,,1233853668#3r,1146071897#1f,true
cd4d7be4fc482e7ec915,order,182694289#1f,164338222#2f,,,,182694289#1f,164338222#2f,true
cd4ec05d7809dd6a6123,order,1428926465#1f,212764303#1f,,,,1428926465#1f,212764303#1f,true
cd511483daa43ce7fcf9,order,792884355#3f,24668173#1f,,,,792884355#3f,24668173#1f,true
cd95ed9eb2182e52977c,order,788197746#2f,176510129#1f,,,,788197746#2f,176510129#1f,true
cd9c81c009d3047628b5,order,1019174509#5f,159170479#1f,,,,1019174509#5f,159170479#1f,true
cd9f5ae716545a9dc597,order,423632273#1f,503090215#1f,,,,423632273#1f,503090215#1f,true
cde5996cbc1cb3c98086,order,448285793#1f,1203843643#1f,,,,448285793#1f,1203843643#1f,true
cdeb1697fe7954a63fcb,order,809470168#1f,809470170#1r,,,,809470168#1f,809470170#1r,true
ce2c2d94a17ecd12b134,order,4229329#2f,176510129#1f,,,,4229329#2f,176510129#1f,true
ce4c31d9b8a8d0e6fae6,order,4230187#3f,177588308#1r,,,,4230187#3f,177588308#1r,true
ce7ac11d22e95dd4f2fe,order,200493424#3f,92627406#1f,,,,200493424#3f,92627406#1f,true
ce8545478eb292825d85,order,353889390#1r,1203843643#1f,,,,353889390#1r,1203843643#1f,true
ceb06ef606f7611e3cc3,order,181479771#6f,686878340#1r,,,,181479771#6f,686878340#1r,true
cfb04f34cc3309a75a7f,order,214635117#4r,1082281160#2r,,,,214635117#4r,1082281160#2r,true
d010926f413d4c097c11,order,353889276#1f,1000930347#1f,,,,353889276#1f,1000930347#1f,true
d0ae10953c1929bdbb46,order,690653921#1f,690653919#1f,,,,690653921#1f,690653919#1f,true
d0bb643321abcd7e2ee3,order,93137558#1f,503783374#1f,,,,93137558#1f,503783374#1f,true
d0e1d59e5d646a8e1c84,order,24655134#5f,1000930351#1f,,,,24655134#5f,1000930351#1f,true
d0e9568d28beeb9cef66,order,157719669#3f,334364604#1f,,,,157719669#3f,334364604#1f,true
d0f5dc57a5fbbe6b623a,order,158215184#7f,448186730#2f,,,,158215184#7f,448186730#2f,true
d104cfac4bcd8fbae266,order,25179329#2r,161752639#1f,,,,25179329#2r,161752639#1f,true
d112518b11311405c515,order,694608615#1f,159170452#1f,,,,694608615#1f,159170452#1f,true
d14060d4a5c14ce106cc,order,166399488#1r,67923338#2r,,,,166399488#1r,67923338#2r,true
d1ad6b31b94fbddaf3d2,order,503633032#5f,1086377398#2f,,,,503633032#5f,1086377398#2f,true
d1b523a1626c9a5769bb,order,353889383#2f,93207287#1f,,,,353889383#2f,93207287#1f,true
d1caaed865cb3b65f25b,order,35092475#4f,1551240830#1f,,,,35092475#4f,1551240830#1f,true
d1f4053d756592078d6c,order,165636031#5f,834185360#3r,,,,165636031#5f,834185360#3r,true
d1fac7a8b9e701f4496b,order,214636589#2r,31900611#4r,,,,214636589#2r,31900611#4r,true
d1ff9bbe093af67e75ef,order,766768153#6f,4227216#1f,,,,766768153#6f,4227216#1f,true
d207c487aa99b9cd799d,order,1099877048#1f,1342546092#1f,,,,1099877048#1f,1342546092#1f,true
d22d35f6fe38d9c17385,order,176336376#3f,157719692#1f,,,,176336376#3f,157719692#1f,true
d23e7881192367eb5ab5,order,4227233#1r,164338222#2f,,,,4227233#1r,164338222#2f,true
d283bcb9bb34e3b0ff45,order,165636031#5f,834185360#3f,,,,165636031#5f,834185360#3f,true
d288e8ab375acbff9c48,order,788120420#1f,656826921#1f,,,,788120420#1f,656826921#1f,true
d28f5b5ca7eb956ecb5a,order,503753419#1f,201009264#1f,,,,503753419#1f,201009264#1f,true
d31541b2ba641069bd35,order,166399500#3f,835609340#1r,,,,166399500#3f,835609340#1r,true
d350651aa8e9f4ed3a9b,order,423826027#1f,4098197#4f,,,,423826027#1f,4098197#4f,true
d35bcce46e785f5002da,order,166399497#1f,68814578#1f,,,,166399497#1f,68814578#1f,true
d3b2cbbdcdfae89727b2,order,39839529#3r,93091320#1f,,,,39839529#3r,93091320#1f,true
d3ba934eaf60c021ae75,order,4229536#2f,160004399#1r,,,,4229536#2f,160004399#1r,true
d3df6d3f63f0b6634de3,order,165636047#4f,4229298#1f,,,,165636047#4f,4229298#1f,true
d3fab6617e61b0cd2c9e,order,503638814#1r,1034247204#2f,,,,503638814#1r,1034247204#2f,true
d455093e1b37dc11db36,order,181479771#4f,336130958#1f,,,,181479771#4f,336130958#1f,true
d4d55d0038af0b01ffe5,order,157719669#2f,176336377#1f,,,,157719669#2f,176336377#1f,true
d4ece8ba8ebed2bc5283,order,503434369#2f,317925725#1f,,,,503434369#2f,317925725#1f,true
d568fbd59f589cfb4f1b,order,766768153#6f,4227216#1r,,,,766768153#6f,4227216#1r,true
d5775bc6162d0184cc19,order,804900035#1f,503434361#2f,,,,804900035#1f,503434361#2f,true
d5e8f63581df0440d23b,order,92627406#5f,1082312613#1r,,,,92627406#5f,1082312613#1r,true
d606d37eb2958127a368,order,177189425#2r,448186716#1f,,,,177189425#2r,448186716#1f,true
d6263b1bebd8c056cd64,order,92627408#1f,278143574#1f,,,,92627408#1f,278143574#1f,true
d6a71c1a4e7ba8ce1e74,order,201009264#3f,360063233#1f,,,,201009264#3f,360063233#1f,true
d6aebc06090ce49160d6,order,157719647#5f,1202361416#2r,,,,157719647#5f,1202361416#2r,true
d6bbcf1bcf43e8721f1d,order,8056051#3f,851991828#2f,,,,8056051#3f,851991828#2f,true
d6bfb01a10d8265caa35,order,688731299#5r,155085121#1f,,,,688731299#5r,155085121#1f,true
d6d06e91105e0c416469,order,35092475#4f,1551240829#1f,,,,35092475#4f,1551240829#1f,true
d71cb517984405dccb5d,order,177189425#2r,448186716#1r,,,,177189425#2r,448186716#1r,true
d75330592f45ef0dc62a,order,850261575#1f,164338218#1r,,,,850261575#1f,164338218#1r,true
d78fdc42ada23e0836ae,order,158215196#2f,177052555#1f,,,,158215196#2f,177052555#1f,true
d7d51a692428fe95d624,order,176321050#2f,176510133#1f,,,,176321050#2f,176510133#1f,true
d7efc64951a01a34899e,order,166399488#1f,67923338#2f,,,,166399488#1f,67923338#2f,true
d80336a22b7eece0db0e,order,1453878835#1f,4227273#1f,,,,1453878835#1f,4227273#1f,true
d804b194c4ff7f9bc877,order,214636589#1f,31900611#4f,,,,214636589#1f,31900611#4f,true
d83ff3ff3418f318dc84,order,568187257#3r,161733292#1f,,,,568187257#3r,161733292#1f,true
d84193c93dd5f2f38a75,order,166149542#5f,94399437#1f,,,,166149542#5f,94399437#1f,true
d88e2f7583b26acdeb59,order,1444437334#1f,718025935#2f,,,,1444437334#1f,718025935#2f,true
d9248e7bc0f6708fb7fe,order,167625737#1f,164338225#1f,,,,167625737#1f,164338225#1f,true
d93d9a376025595132c2,order,503462466#5f,50501898#1f,,,,503462466#5f,50501898#1f,true
d94b300e366857fcee07,order,804900033#1f,1327492337#1f,,,,804900033#1f,1327492337#1f,true
d9a452253acb1f1f93ce,order,176336114#3f,176321050#1r,,,,176336114#3f,176321050#1r,true
d9a5afccab1635ff984a,order,159170465#4r,67923338#2r,,,,159170465#4r,67923338#2r,true
d9c2e3a2a179b595bd28,order,1099877048#1r,1342546092#1f,,,,1099877048#1r,1342546092#1f,true
d9d39d71d8a63fdcef4f,order,1452634279#1f,167086057#2f,,,,1452634279#1f,167086057#2f,true
da58bba5d24555db7ab3,order,446530365#2f,690915731#1r,,,,446530365#2f,690915731#1r,true
daa69208a246e5f550e8,order,690914542#1f,690914543#1f,,,,690914542#1f,690914543#1f,true
dad7e38a7e46106db089,order,78147639#2r,158007923#1r,,,,78147639#2r,158007923#1r,true
db1ca6e64db14ac4a1fd,order,503462466#6f,693487406#1f,,,,503462466#6f,693487406#1f,true
db4c6daa8ddfc97612ab,order,166399501#4r,850261602#7f,,,,166399501#4r,850261602#7f,true
db87a3ee3d4ba05ec2fd,order,157719662#2f,962525763#1r,,,,157719662#2f,962525763#1r,true
dbc8d3d096f899b8ebfd,order,157719647#6f,1202361416#2f,,,,157719647#6f,1202361416#2f,true
dbe6495e11777c4ff067,order,181479771#3f,177231049#1r,,,,181479771#3f,177231049#1r,true
dbebf29645716ba8921d,order,423652238#1f,212764303#2f,,,,423652238#1f,212764303#2f,true
dbf4075a87d8974ebb3a,order,503462464#1f,93137630#1f,,,,503462464#1f,93137630#1f,true
dc11fd473f3ad3b1cdf3,order,166009792#6r,164338236#1f,,,,166009792#6r,164338236#1f,true
dc530b8ee5884e1cbdff,order,161882793#1f,8056043#2f,,,,161882793#1f,8056043#2f,true
dc540fd3b6aab80828e2,order,120113155#2f,120062272#1f,,,,120113155#2f,120062272#1f,true
dc5dae4fb65a032bf40d,order,176334445#2f,1525349447#1f,,,,176334445#2f,1525349447#1f,true
dc64055a921e42d9f84b,order,503475663#1f,503475665#1f,,,,503475663#1f,503475665#1f,true
dc7cf50d66273714b7ba,order,503462461#1f,166399500#1f,,,,503462461#1f,166399500#1f,true
dc8da529c038ac7391d2,order,176333304#3f,4230114#3f,,,,176333304#3f,4230114#3f,true
dd01dfafd460dd48be08,order,25082741#1r,161775593#1r,,,,25082741#1r,161775593#1r,true
dd149f4f4c0582e148c9,order,35092475#2r,95825511#4f,,,,35092475#2r,95825511#4f,true
dd289ef20c949a373b51,order,167625756#5f,1243224902#1f,,,,167625756#5f,1243224902#1f,true
dd4a1108c674a9ae4afd,order,4229327#1r,106705723#1f,,,,4229327#1r,106705723#1f,true
dd5a3191953f02b6b82c,order,503638814#2f,1342546092#3f,,,,503638814#2f,1342546092#3f,true
ddcfe0123809a48709cb,order,1019646823#2r,435062251#1f,,,,1019646823#2r,435062251#1f,true
ddf6fbc2513527c4e3c3,order,941922152#1f,161629440#1f,,,,941922152#1f,161629440#1f,true
ddfa2bde04f97d0a1312,order,157719664#3f,39838265#1f,,,,157719664#3f,39838265#1f,true
ddfff000e856dd552ff4,order,214635114#1f,214635117#1r,,,,214635114#1f,214635117#1r,true
de2035a396062cac9a1d,order,4229536#2r,160004399#1f,,,,4229536#2r,160004399#1f,true
dea3fdcf8e3b1e69e7e7,order,503638814#1f,1034247204#2f,,,,503638814#1f,1034247204#2f,true
df0fb4bdf238d78eb2b3,order,503434359#1f,94399600#1f,,,,503434359#1f,94399600#1f,true
df25e8f2ad057447e5a9,order,166399500#2f,1365041529#2r,,,,166399500#2f,1365041529#2r,true
df2e6f2666e551af2bcb,order,503462472#3f,503475663#1f,,,,503462472#3f,503475663#1f,true
df3449ed7dcfb8f3d7c2,order,167625719#2f,687577826#2r,,,,167625719#2f,687577826#2r,true
df38fb03c2bbf6d38c57,order,165636047#4r,4229298#1f,,,,165636047#4r,4229298#1f,true
df3fd13fa51b88c2428c,order,161775592#2f,161769679#3r,,,,161775592#2f,161769679#3r,true
df52397602875c924858,order,214635115#1r,833538179#2f,,,,214635115#1r,833538179#2f,true
df6067d707c400fb445e,order,804900034#1f,690914551#1r,,,,804900034#1f,690914551#1r,true
df749043acf0e1162009,order,4229536#1r,160004399#1f,,,,4229536#1r,160004399#1f,true
df8054cfd8d4f942f337,order,182700002#4f,1342546058#3f,,,,182700002#4f,1342546058#3f,true
df911a4b36be279e399f,order,200493424#1f,503550460#1f,,,,200493424#1f,503550460#1f,true
dfd2ca0f61721ceac280,order,200502086#1f,586508238#2f,,,,200502086#1f,586508238#2f,true
dff9ef2803157c42f7f1,order,177045627#1f,788626302#1f,,,,177045627#1f,788626302#1f,true
dffb6b7c9a6a3f4ad8e0,order,158215196#1r,177052555#1r,,,,158215196#1r,177052555#1r,true
e000b375fcd538c853cf,order,1082515450#1f,809470168#1f,,,,1082515450#1f,809470168#1f,true
e026b277e6e163d3f10d,order,4230006#1r,1202361379#1f,,,,4230006#1r,1202361379#1f,true
e02fd6eb7890be4bd092,order,982081599#2f,176336111#1f,,,,982081599#2f,176336111#1f,true
e074636be56595a0afd5,order,1449972040#1f,166399500#1f,,,,1449972040#1f,166399500#1f,true
e09004123e979830503d,order,25739583#1f,503434370#2r,,,,25739583#1f,503434370#2r,true
e0d1564c8409bee5f799,order,176577460#1f,39839531#5f,,,,176577460#1f,39839531#5f,true
e0f05e8052df05a124ae,order,353889165#1f,93207286#1f,,,,353889165#1f,93207286#1f,true
e10853121c8cd6b67a44,order,503471323#1f,120114107#1r,,,,503471323#1f,120114107#1r,true
e11a318341e615ff15b9,order,92627425#2f,158189830#1r,,,,92627425#2f,158189830#1r,true
e13c9afabc7330665a6a,order,1019646823#2f,435062251#1f,,,,1019646823#2f,435062251#1f,true
e13cc597fa6e5398564b,order,688731299#4r,688744015#1f,,,,688731299#4r,688744015#1f,true
e1b7edeea69306a687a2,order,176321050#2r,176510133#1f,,,,176321050#2r,176510133#1f,true
e1c2430ef081359b4cf7,order,699218006#2f,161775593#1f,,,,699218006#2f,161775593#1f,true
e1da97f0b08f1d4ff90e,order,4230099#8f,1203522177#1r,,,,4230099#8f,1203522177#1r,true
e1f62cdff5d32121c606,order,166009792#4f,168104483#3f,,,,166009792#4f,168104483#3f,true
e21bf1dac4aa338951a0,order,8135845#1f,295618745#1r,,,,8135845#1f,295618745#1r,true
e23548efc9e017d9328a,order,120113155#4f,166643410#1f,,,,120113155#4f,166643410#1f,true
e243463846b6d9393c3f,order,176333304#4f,4230114#3r,,,,176333304#4f,4230114#3r,true
e2a63caa2e82c9c0ef22,order,166399478#7r,348748065#1r,,,,166399478#7r,348748065#1r,true
e2e321e9c18480a21600,order,39839531#4f,1365041526#1f,,,,39839531#4f,1365041526#1f,true
e2eacba8fec35508c681,order,166399478#1r,503702167#1f,,,,166399478#1r,503702167#1f,true
e308520dd20b668e6ca7,order,176337642#1f,176337638#2f,,,,176337642#1f,176337638#2f,true
e31b859fe33be19205d0,order,4227208#1r,834185366#2f,,,,4227208#1r,834185366#2f,true
e31e404cd031823f013d,order,941748458#1f,39839529#1f,,,,941748458#1f,39839529#1f,true
e33ea439db09763b35f1,order,423632277#1f,334520662#1r,,,,423632277#1f,334520662#1r,true
e34b9d25c73a85819be3,order,1428926465#1f,212764302#1f,,,,1428926465#1f,212764302#1f,true
e350637bf4379bc64802,order,688731299#5f,155085121#1f,,,,688731299#5f,155085121#1f,true
e35e3630bdb9018bff35,order,94399437#2f,1314186412#1r,,,,94399437#2f,1314186412#1r,true
e37814b75d758ccd6355,order,167625727#22f,1365209993#1f,,,,167625727#22f,1365209993#1f,true
e37c88cdfc9005fdca34,order,39839531#4f,1365041526#1r,,,,39839531#4f,1365041526#1r,true
e39c29f2958d6a016423,order,157719644#2r,586268005#1r,,,,157719644#2r,586268005#1r,true
e3ae95fc90e42350c4b6,order,4227241#1f,39839529#1f,,,,4227241#1f,39839529#1f,true
e40ef58def76de6a26c9,order,182700002#3f,1342546061#1f,,,,182700002#3f,1342546061#1f,true
e40f9974cc0499efc942,order,158215205#4f,834616138#1f,,,,158215205#4f,834616138#1f,true
e41f7691d12b489b7ba9,order,503462475#2f,166399478#9f,,,,503462475#2f,166399478#9f,true
e448acdeffdd64eaf3a0,order,166399478#2f,503702167#1f,,,,166399478#2f,503702167#1f,true
e45f3089af6b5a7dccc8,order,239592573#2f,1453165195#1f,,,,239592573#2f,1453165195#1f,true
e49f8125cdb3bbff202c,order,568187257#2f,161733292#1f,,,,568187257#2f,161733292#1f,true
e4aaf1e9734e42eaed93,order,353889276#1f,25103757#1f,,,,353889276#1f,25103757#1f,true
e4ab27463bb4aa3a6e9b,order,158189815#1f,158189827#4f,,,,158189815#1f,158189827#4f,true
e55778b062afa6ebd51a,order,78147639#2f,158007923#1f,,,,78147639#2f,158007923#1f,true
e5667105cac21ffa28de,order,4097656#5f,157719647#1f,,,,4097656#5f,157719647#1f,true
e56bb5be655fbc222b64,order,166399479#4f,159170509#3f,,,,166399479#4f,159170509#3f,true
e594618a02de89cddfb6,order,4227212#1f,167625740#3f,,,,4227212#1f,167625740#3f,true
e59a535f9c42cedcb2ef,order,4227241#1f,39839529#1r,,,,4227241#1f,39839529#1r,true
e5ad0b10daae900d7fa3,order,8352246#4f,159170517#1f,,,,8352246#4f,159170517#1f,true
e5fa67128d447a7a3761,order,317925725#1r,688744912#1f,,,,317925725#1r,688744912#1f,true
e649f94abf6c399cee0a,order,353889276#3f,1000930351#1f,,,,353889276#3f,1000930351#1f,true
e6b884ec133122a073e9,order,92627406#5f,1082312613#1f,,,,92627406#5f,1082312613#1f,true
e6c57aaa4cfcbba0e6f6,order,182700195#1f,93137580#1f,,,,182700195#1f,93137580#1f,true
e7259c9caed1c651eceb,order,166558481#2f,176774211#2f,,,,166558481#2f,176774211#2f,true
e7658b5af6d3a4e66f18,order,1233853668#3r,1146071897#1r,,,,1233853668#3r,1146071897#1r,true
e7c43201485c05f26281,order,854880221#4f,690642687#1f,,,,854880221#4f,690642687#1f,true
e824098e58a5e7a4b6c7,order,214635115#1f,833538179#2f,,,,214635115#1f,833538179#2f,true
e828bfd2cff81d68a3df,order,214635117#2r,1082281156#2f,,,,214635117#2r,1082281156#2f,true
e843f7da6aeed1f8f641,order,353889276#2f,1000930347#1f,,,,353889276#2f,1000930347#1f,true
e84c117dcb13c0b715bc,order,214635117#3f,1082281156#2f,,,,214635117#3f,1082281156#2f,true
e84f62f591cd82539908,order,503633032#5f,1086377398#2r,,,,503633032#5f,1086377398#2r,true
e87cf566f9c250f47503,order,503783373#1f,503783374#1r,,,,503783373#1f,503783374#1r,true
e88ab32e6053feaca79d,order,503633032#3f,718024988#1f,,,,503633032#3f,718024988#1f,true
e88f9311808ac1750f40,order,8352246#1f,4227273#1f,,,,8352246#1f,4227273#1f,true
e89afda604d84ded7215,order,200507331#1f,261740025#1f,,,,200507331#1f,261740025#1f,true
e8ba962e2c7aa3ec5a89,order,8352246#1f,176684623#1f,,,,8352246#1f,176684623#1f,true
e8c72d542eccb870af3d,order,39839531#3f,690915732#1f,,,,39839531#3f,690915732#1f,true
e8f349f300068b0b0c8f,order,157719641#1r,164338243#1f,,,,157719641#1r,164338243#1f,true
e8ff49765a67a4ed0f21,order,93137591#1f,157719645#12f,,,,93137591#1f,157719645#12f,true
e903c3311ce4ecf8227c,order,157719662#3f,157719685#1r,,,,157719662#3f,157719685#1r,true
e92f7b169dea146393f2,order,165636031#4r,834313093#1r,,,,165636031#4r,834313093#1r,true
e93bf8b38672f50da690,order,1131276187#3f,120113158#1f,,,,1131276187#3f,120113158#1f,true
e9a99c44c86bd37ca844,order,503462459#1f,503434372#1f,,,,503462459#1f,503434372#1f,true
e9db42fc391a7ca8895d,order,214635117#3f,1082281156#2r,,,,214635117#3f,1082281156#2r,true
e9e70e2f3220a09560e7,order,503462460#1f,92627408#3f,,,,503462460#1f,92627408#3f,true
ea01cc339b0d492d5ba4,order,503462473#1f,214635115#1r,,,,503462473#1f,214635115#1r,true
ea2f33f63a07b73af6f8,order,92627441#1f,176682382#1r,,,,92627441#1f,176682382#1r,true
ea45d1cd898f0d209c4a,order,1388331346#1f,166399484#1f,,,,1388331346#1f,166399484#1f,true
ea4edc74e7699225c9eb,order,804900034#2f,690914551#1r,,,,804900034#2f,690914551#1r,true
ea68487ce29d8ec31bcb,order,4230099#8f,1342546088#1f,,,,4230099#8f,1342546088#1f,true
ead1f4620d6d8862b0e9,order,4097656#4f,200502710#1f,,,,4097656#4f,200502710#1f,true
eaeaaefb3d599f39ac5b,order,157719642#2f,656826921#1f,,,,157719642#2f,656826921#1f,true
eb0f3355c9c22cb17d8b,order,503462475#3f,158215184#7f,,,,503462475#3f,158215184#7f,true
eb16fff02e3f58eb2372,order,1549110516#5r,1549110527#1r,,,,1549110516#5r,1549110527#1r,true
eb18b5c8027b6d6f66b4,order,177189425#1f,448186716#1f,,,,177189425#1f,448186716#1f,true
eb3c113bdd028dfe9a10,order,25179329#1r,161748261#4f,,,,25179329#1r,161748261#4f,true
eb4c10979c2ac0862ae0,order,1174006401#1f,93137578#1f,,,,1174006401#1f,93137578#1f,true
eb53274c8fcfcc51e384,order,4097656#1r,176477342#4r,,,,4097656#1r,176477342#4r,true
eb843d4472579d949201,order,168890943#2f,161882805#1r,,,,168890943#2f,161882805#1r,true
ebaa40ba12734a6dee0f,order,165636031#3f,834313093#1f,,,,165636031#3f,834313093#1f,true
ec0d8136bc575af9617c,order,157719644#3f,93137566#2f,,,,157719644#3f,93137566#2f,true
ec2d2c4a84c66af1f3dc,order,35092475#3r,95825511#4f,,,,35092475#3r,95825511#4f,true
ec582313ccbe3f9431f9,order,128273232#1f,338900930#1r,,,,128273232#1f,338900930#1r,true
ec5d2268d988dc03c5da,order,93137562#1f,1449972072#1f,,,,93137562#1f,1449972072#1f,true
ec875c22676c242dfa76,order,93137591#2f,157719645#12r,,,,93137591#2f,157719645#12r,true
ecfae5bbaf28739fc9a5,order,128273232#1r,338900930#1r,,,,128273232#1r,338900930#1r,true
ed12089560eca3ab4bad,order,690914542#3r,690914541#1f,,,,690914542#3r,690914541#1f,true
ed468f77feab6d4d3711,order,766768153#6r,4227216#1r,,,,766768153#6r,4227216#1r,true
ed7616de2e88cad082ee,order,446530366#1f,690915731#1f,,,,446530366#1f,690915731#1f,true
eda0184cc80038770134,order,214635117#4f,448186736#1f,,,,214635117#4f,448186736#1f,true
edbee8c032672a71e713,order,93091318#1f,161885378#2r,,,,93091318#1f,161885378#2r,true
ee03f449207b0837840e,order,158189817#1f,899409585#1f,,,,158189817#1f,899409585#1f,true
ee1d54f38a7117be790d,order,161882794#1f,176776331#8f,,,,161882794#1f,176776331#8f,true
ee2924e0a072a1f5fec8,order,143536261#3f,156780348#1r,,,,143536261#3f,156780348#1r,true
ee2b975130a08f9213aa,order,165636030#3f,834185365#1f,,,,165636030#3f,834185365#1f,true
ee39a3417609b90f5446,order,423632259#1f,167625737#4f,,,,423632259#1f,167625737#4f,true
ee3f4cbad1b861b2a40b,order,503462476#2f,503434372#1f,,,,503462476#2f,503434372#1f,true
eea141a3dc2023d2d731,order,1079489487#1f,1079489485#1f,,,,1079489487#1f,1079489485#1f,true
eebc45dd1080f40718ad,order,1019646823#2r,463430038#1f,,,,1019646823#2r,463430038#1f,true
eec478f40f336c43c136,order,161775592#2f,161769679#3f,,,,161775592#2f,161769679#3f,true
eec5159821d60c7f92fc,order,8056051#3f,851991828#2r,,,,8056051#3f,851991828#2r,true
eed1f64cff3252b30a6c,order,157719662#1f,962525763#1f,,,,157719662#1f,962525763#1f,true
eed5a42a7450a8ec61dd,order,503434355#1f,155085121#1f,,,,503434355#1f,155085121#1f,true
eef526b3d9f5558c9157,order,176333304#2f,128273234#2r,,,,176333304#2f,128273234#2r,true
ef43de279774478f8531,order,157719645#3r,1202361392#1f,,,,157719645#3r,1202361392#1f,true
ef5a251b4d1f80e9ed3b,order,353889390#1f,1203843643#1f,,,,353889390#1f,1203843643#1f,true
ef8104069d988fc071b2,order,25082741#4f,446542424#2f,,,,25082741#4f,446542424#2f,true
ef8c2d535ece357faf7c,order,946562629#1f,120113157#1r,,,,946562629#1f,120113157#1r,true
ef91c92432d9f89822fd,order,94399437#1f,1314186412#1f,,,,94399437#1f,1314186412#1f,true
efa8540b19249ee40c24,order,423632277#1f,334520662#1f,,,,423632277#1f,334520662#1f,true
efabf0e89f0eec4105e0,order,353889282#1f,156242237#1f,,,,353889282#1f,156242237#1f,true
efc7134b05dbbb17414f,order,200502086#4r,586508238#1f,,,,200502086#4r,586508238#1f,true
efc9c1f07db1956cd73d,order,68814578#1f,1361686923#1f,,,,68814578#1f,1361686923#1f,true
efe812ab27f704e06a3a,order,503462475#1f,166399478#9f,,,,503462475#1f,166399478#9f,true
f013306fb0fc2c7fc697,order,1449972057#1f,1449972056#1f,,,,1449972057#1f,1449972056#1f,true
f0445118e037286fe407,order,165636031#6f,834185360#3f,,,,165636031#6f,834185360#3f,true
f05db725206c3d9970be,order,503633034#3f,718024894#1f,,,,503633034#3f,718024894#1f,true
f089c10fbb7355024566,order,212764303#1f,360063227#1f,,,,212764303#1f,360063227#1f,true
f0b1fb2453f37c1940c9,order,353889282#2f,156242237#1f,,,,353889282#2f,156242237#1f,true
f0d6adc3fb693fb0257d,order,952419571#1f,1327492341#1f,,,,952419571#1f,1327492341#1f,true
f0d7e1d91fe610f4d5c5,order,850261594#2f,176776331#3f,,,,850261594#2f,176776331#3f,true
f0d9d8b3655b8424e9e0,order,166009791#1f,157719698#5f,,,,166009791#1f,157719698#5f,true
f107f6787c535f0e7181,order,4230006#3r,177232625#1f,,,,4230006#3r,177232625#1f,true
f134f30a110a1505df82,order,177045627#1f,68814587#1f,,,,177045627#1f,68814587#1f,true
f147e8c39d57868abb96,order,4230011#5r,168104492#1f,,,,4230011#5r,168104492#1f,true
f148fe8a6e665e6d73cc,order,688731299#2f,688731312#2f,,,,688731299#2f,688731312#2f,true
f16d81b9e3dd0222d0e2,order,182694289#1r,164338222#2r,,,,182694289#1r,164338222#2r,true
f197d19b94540759819b,order,1019360050#1f,121380669#1f,,,,1019360050#1f,121380669#1f,true
f1f1a75ca4b3fb1b718a,order,166149542#3f,1283578082#1f,,,,166149542#3f,1283578082#1f,true
f21dcc904f311104b281,order,1082515450#1r,161752645#1f,,,,1082515450#1r,161752645#1f,true
f23aeb9d00cd81b952e8,order,161775592#3f,161769679#1f,,,,161775592#3f,161769679#1f,true
f23bd4a2a619bb518c4f,order,4227273#1f,176776331#8f,,,,4227273#1f,176776331#8f,true
f249fbb95bfcf8a03f22,order,1449972054#1f,1449972055#1f,,,,1449972054#1f,1449972055#1f,true
f25a5944e94a464b020c,order,214636589#3f,31900611#1r,,,,214636589#3f,31900611#1r,true
f262ac684510369aaa75,order,166149542#4f,1283578082#1f,,,,166149542#4f,1283578082#1f,true
f26bc78381dd9e27cad7,order,1174006401#1f,93137569#2f,,,,1174006401#1f,93137569#2f,true
f2dbd3eaa0aa97e8d7e9,order,317925725#2f,688744912#1f,,,,317925725#2f,688744912#1f,true
f31d5d880c671d0f88ab,order,317925725#2r,688744912#1f,,,,317925725#2r,688744912#1f,true
f32ec4c83e7b5cf7fc02,order,176577460#3f,1365041523#1f,,,,176577460#3f,1365041523#1f,true
f3895f268b329fde81ce,order,4230011#5r,168104492#1r,,,,4230011#5r,168104492#1r,true
f38b1ae6aa23f464e247,order,1019174509#8f,159170525#1f,,,,1019174509#8f,159170525#1f,true
f4431d8da38da157ed13,order,176336114#4f,176321050#1f,,,,176336114#4f,176321050#1f,true
f4a64c02808c514e93b9,order,4230099#6f,1203522177#1r,,,,4230099#6f,1203522177#1r,true
f4c4ffc1ec8c7745be59,order,353889275#1f,718025935#2f,,,,353889275#1f,718025935#2f,true
f4d6a5ee068b997b1608,order,503434378#1f,944079970#1f,,,,503434378#1f,944079970#1f,true
f4e27e62a0ee81655729,order,177189425#3f,177052163#1f,,,,177189425#3f,177052163#1f,true
f523858f0dfd102880a7,order,503813542#1f,172533153#1f,,,,503813542#1f,172533153#1f,true
f52b3e87cf15662287cf,order,503813544#1f,93091319#3f,,,,503813544#1f,93091319#3f,true
f55c76bb36c4dfc56cfe,order,181479771#4r,336130958#1f,,,,181479771#4r,336130958#1f,true
f567fa8939ce339d36e2,order,25739583#1f,503434370#2f,,,,25739583#1f,503434370#2f,true
f57df3e9b5305c683f37,order,4229539#1r,176674530#1f,,,,4229539#1r,176674530#1f,true
f5a3de6cf5090e2870b3,order,503783376#1f,177590093#1f,,,,503783376#1f,177590093#1f,true
f5bde009e80d9d8cc66b,order,423632259#3f,176774263#1f,,,,423632259#3f,176774263#1f,true
f6082c67068896841fc7,order,35092475#3f,1551240829#1f,,,,35092475#3f,1551240829#1f,true
f654d4d7dd2f65dba6de,order,157719669#2f,334364604#1f,,,,157719669#2f,334364604#1f,true
f67100600b63225c33c9,order,4097656#1f,176477342#4f,,,,4097656#1f,176477342#4f,true
f6bf24a3da0007f42f62,order,93137591#1f,93137560#2f,,,,93137591#1f,93137560#2f,true
f6cc256e56c144ed3590,order,166149542#1f,159170458#3r,,,,166149542#1f,159170458#3r,true
f6e7d3edecdc6edcc16b,order,39839531#3f,1365041526#1f,,,,39839531#3f,1365041526#1f,true
f72036d45355ad1ccb15,order,181479771#3f,336130958#1f,,,,181479771#3f,336130958#1f,true
f75949c0824008b1f527,order,94399437#2f,1314186412#1f,,,,94399437#2f,1314186412#1f,true
f75b5e12e3d826189496,order,503783373#1f,503783374#1f,,,,503783373#1f,503783374#1f,true
f76cd3b6bcf7e0268dce,order,690914542#2r,690914541#1f,,,,690914542#2r,690914541#1f,true
f78981950c289fa2aadb,order,78147639#2f,834307952#1f,,,,78147639#2f,834307952#1f,true
f804ac0a1f874ef88a0e,order,157719647#2f,200502085#2f,,,,157719647#2f,200502085#2f,true
f81d561fad95ed8936bf,order,503559460#1f,1449972072#1f,,,,503559460#1f,1449972072#1f,true
f83dee464f575faebc7a,order,157719641#1f,164338243#1f,,,,157719641#1f,164338243#1f,true
f84e29f08478eb6f8984,order,176333304#2f,128273234#2f,,,,176333304#2f,128273234#2f,true
f8756efa58100620fd6c,order,982081599#1f,176336111#1f,,,,982081599#1f,176336111#1f,true
f8963ad1eaa4ee733396,order,181479771#4r,336130958#1r,,,,181479771#4r,336130958#1r,true
f89ef20b011484be44cf,order,690914542#3f,690914541#1f,,,,690914542#3f,690914541#1f,true
f8c64521107bfd39930c,order,850261594#1f,176776331#3f,,,,850261594#1f,176776331#3f,true
f90b6e75635fdc30fa69,order,1238339144#2f,93137575#1r,,,,1238339144#2f,93137575#1r,true
f939dd9694933be50099,order,168959163#1f,33749607#1r,,,,168959163#1f,33749607#1r,true
f9450e1ef2544f21ff68,order,503638814#2f,1034247204#2r,,,,503638814#2f,1034247204#2r,true
f9e244ade80b5b9485be,order,568187257#2r,161733292#1r,,,,568187257#2r,161733292#1r,true
f9e618bbac8cb366f275,order,214635117#4r,448186736#1r,,,,214635117#4r,448186736#1r,true
fa190940c6d403072593,order,1019360049#1f,121380669#1r,,,,1019360049#1f,121380669#1r,true
fad0ab19932082cd4d4e,order,423826027#1f,1443764723#1f,,,,423826027#1f,1443764723#1f,true
fae5458faeee915e542c,order,166399500#3f,835609340#1f,,,,166399500#3f,835609340#1f,true
fb0cbf3c0ba0cec5f371,order,155085119#4f,1297328848#1f,,,,155085119#4f,1297328848#1f,true
fb464833262f7c98cbae,order,503638814#1r,1034247204#2r,,,,503638814#1r,1034247204#2r,true
fb5592f225948d63ac0b,order,39839529#2r,93091320#1f,,,,39839529#2r,93091320#1f,true
fb75033aa2afd8d9beee,order,4227277#1f,93091319#1f,,,,4227277#1f,93091319#1f,true
fbd7a302563f0f298b03,order,92627431#1f,156242241#1f,,,,92627431#1f,156242241#1f,true
fc0f4727524692777061,order,214635117#4r,1082281160#2f,,,,214635117#4r,1082281160#2f,true
fc1ccd33859527ce96a8,order,503550471#1f,166399496#1f,,,,503550471#1f,166399496#1f,true
fc34d228a1969fc02cfa,order,35092475#1r,176477342#4f,,,,35092475#1r,176477342#4f,true
fc4005601cb54189b9bf,order,157719662#2f,157719685#1f,,,,157719662#2f,157719685#1f,true
fc514f042e265b005e2a,order,167625718#1f,167625750#1f,,,,167625718#1f,167625750#1f,true
fc53a8671c12b525f914,order,423632259#2f,167625737#4f,,,,423632259#2f,167625737#4f,true
fc824067a2fbce235be0,order,1131276187#1f,166643410#1f,,,,1131276187#1f,166643410#1f,true
fc8a0e74bbc10eee718b,order,423826027#1f,1443764723#1r,,,,423826027#1f,1443764723#1r,true
fcbcd19670074a196b31,order,167625719#1f,687577826#1f,,,,167625719#1f,687577826#1f,true
fd28f1d84c0dd82e9298,order,25103769#1f,176334446#1f,,,,25103769#1f,176334446#1f,true
fd3962a8855e59c36412,order,503471324#2f,1086377394#1r,,,,503471324#2f,1086377394#1r,true
fd3dec332fc5b2286e54,order,166399478#7f,1314186421#1r,,,,166399478#7f,1314186421#1r,true
fd66553f1b8e08d16619,order,4097656#5r,157719647#1f,,,,4097656#5r,157719647#1f,true
fd67c59601599eba1ffd,order,1388331343#1f,161882802#1f,,,,1388331343#1f,161882802#1f,true
fd8f18b933629a533462,order,1449972058#1f,1449972056#1f,,,,1449972058#1f,1449972056#1f,true
fd972d6cd8df72275ceb,order,503813547#1f,1019174509#9f,,,,503813547#1f,1019174509#9f,true
fda302a2d01f6198f906,order,1233853668#2r,1146071897#1r,,,,1233853668#2r,1146071897#1r,true
fde46b1d336f1aa83cfc,order,1388331344#1f,1388331349#1f,,,,1388331344#1f,1388331349#1f,true
fe600fcbdd428fe2ba71,order,167625737#3f,835382435#1r,,,,167625737#3f,835382435#1r,true
fe8560580bb9c203cf29,order,1131276187#2f,120113158#1f,,,,1131276187#2f,120113158#1f,true
fe91d98459051bcac294,order,8056051#5f,93137580#1f,,,,8056051#5f,93137580#1f,true
fe9c8bdba5effddd547f,order,4097656#5f,4229577#1f,,,,4097656#5f,4229577#1f,true
ff061292bde920419951,order,423632264#2f,172533153#1f,,,,423632264#2f,172533153#1f,true
ff28132c2b4b99cccb00,order,952419572#1f,398362860#1f,,,,952419572#1f,398362860#1f,true
ff28b12e95735a89d040,order,503462476#2f,4229273#1f,,,,503462476#2f,4229273#1f,true
ff67b33cafc41a8d5f5c,order,686878369#1r,159170498#1f,,,,686878369#1r,159170498#1f,true
ff9159ff1f6a7abdc824,order,181479772#2f,1202730135#1f,,,,181479772#2f,1202730135#1f,true
ffa85a7154732954fc63,order,4230186#3f,177588306#1r,,,,4230186#3f,177588306#1r,true
ffbb113e6eb0d0b004b1,order,503475642#3r,1428926458#1f,,,,503475642#3r,1428926458#1f,true
ffbd989c0a209010e028,order,200493424#1f,92627414#1f,,,,200493424#1f,92627414#1f,true
ffc7520acd0e4275f4bb,order,158189815#1f,39839531#5f,,,,158189815#1f,39839531#5f,true
ffea578e8ee00a1f2510,order,176477340#3f,176800137#1f,,,,176477340#3f,176800137#1f,true
fffae37645347e89ae67,order,1449972040#1f,166399491#1f,,,,1449972040#1f,166399491#1f,true
