edge_ref,physical_road_id,band,cs,cm,ce,fl
78141884#1f,driving:osm_id:78141884,0,0,0,0,0
92627406#1f,driving:osm_id:92627406,0,0,0,0,0
92627406#2f,driving:osm_id:92627406,0,0,0,0,0
92627406#3f,driving:osm_id:92627406,0,0,0,0,0
92627406#4f,driving:osm_id:92627406,0,-1,-1,-1,0
92627406#6f,driving:osm_id:92627406,0,0,0,0,0
92627408#1f,driving:osm_id:92627408,0,0,0,0,1
92627408#2f,driving:osm_id:92627408,0,-1,-1,-1,0
92627408#3f,driving:osm_id:92627408,0,-1,-1,-1,0
92627415#1f,driving:osm_id:92627415,-1,-2,-2,-2,-2
92627426#1f,driving:osm_id:92627426,0,-2,-2,-2,-2
93137589#1f,driving:osm_id:93137589,0,0,0,0,1
95449780#1f,driving:osm_id:95449780,1,1,1,1,1
120062660#1f,driving:osm_id:120062660,0,-1,0,0,0
157719642#1f,driving:osm_id:157719642,0,1,1,1,1
157719642#2f,driving:osm_id:157719642,0,1,1,0,1
157719652#1f,driving:osm_id:157719652,0,-1,1,1,1
157719652#2f,driving:osm_id:157719652,0,0,0,0,1
157719652#3f,driving:osm_id:157719652,0,0,0,0,1
158007891#1f,driving:osm_id:158007891,0,2,2,2,2
158007891#2f,driving:osm_id:158007891,0,2,2,2,2
158007911#1f,driving:osm_id:158007911,-1,-1,-1,-1,-1
158215176#1f,driving:osm_id:158215176,-1,0,0,0,0
159170522#1f,driving:osm_id:159170522,0,-1,-1,-1,-1
159170522#2f,driving:osm_id:159170522,0,-1,0,0,0
159170522#3f,driving:osm_id:159170522,0,0,0,0,0
159170522#5f,driving:osm_id:159170522,0,0,0,0,0
160004399#1f,driving:osm_id:160004399,0,-1,-1,-1,-1
161752639#1f,driving:osm_id:161752639,0,0,0,0,0
166009791#1f,driving:osm_id:166009791,0,0,0,0,1
176477342#1f,driving:osm_id:176477342,0,0,0,0,1
176477342#2f,driving:osm_id:176477342,0,0,0,0,1
176477342#3f,driving:osm_id:176477342,0,1,1,1,1
176477342#4f,driving:osm_id:176477342,0,1,1,1,1
176510135#1f,driving:osm_id:176510135,-1,0,0,0,0
177396049#1f,driving:osm_id:177396049,0,-2,-2,-2,-1
177396049#2f,driving:osm_id:177396049,0,-1,-1,-1,-1
177429339#1f,driving:osm_id:177429339,-1,-2,-2,-2,-2
200998962#1f,driving:osm_id:200998962,0,-2,-2,-2,-1
214635115#2f,driving:osm_id:214635115,0,0,0,0,1
295618745#1f,driving:osm_id:295618745,0,1,1,1,1
317925725#2f,driving:osm_id:317925725,0,0,1,1,1
334367775#1f,driving:osm_id:334367775,0,0,0,0,0
434567309#1f,driving:osm_id:434567309,0,0,0,0,0
503434396#1f,driving:osm_id:503434396,0,0,0,0,1
503462466#1f,driving:osm_id:503462466,0,0,0,0,1
503462466#2f,driving:osm_id:503462466,0,0,0,0,1
503462466#4f,driving:osm_id:503462466,0,0,0,0,1
503462466#6f,driving:osm_id:503462466,0,0,0,0,1
503462466#7f,driving:osm_id:503462466,0,1,1,1,1
503475665#1f,driving:osm_id:503475665,0,0,0,0,0
503813547#1f,driving:osm_id:503813547,0,0,0,0,1
624357051#1f,driving:osm_id:624357051,0,-1,-1,-1,1
688669118#1f,driving:osm_id:688669118,0,0,0,0,1
690914552#1f,driving:osm_id:690914552,0,-1,-1,-1,-1
690914552#2f,driving:osm_id:690914552,0,-1,-1,-1,-1
788197746#1f,driving:osm_id:788197746,0,1,1,1,2
788197746#2f,driving:osm_id:788197746,0,1,1,1,2
1001561438#1f,driving:osm_id:1001561438,0,0,1,1,1
1024393368#1f,driving:osm_id:1024393368,0,0,0,-1,0
1283578084#1f,driving:osm_id:1283578084,0,0,0,0,0
1283578084#2f,driving:osm_id:1283578084,0,0,0,0,0
1283578084#3f,driving:osm_id:1283578084,0,0,0,0,1
1327492337#1f,driving:osm_id:1327492337,-1,-2,-2,-2,-2
1453165195#1f,driving:osm_id:1453165195,-1,-1,-1,-1,-1
60767229#1f,driving:osm_id:60767229,0,1,1,1,1
92627406#5f,driving:osm_id:92627406,0,-1,0,0,0
92627426#2f,driving:osm_id:92627426,0,-2,-2,-2,-2
93207291#1f,driving:osm_id:93207291,0,0,0,0,0
93207291#2f,driving:osm_id:93207291,0,0,0,0,0
156188798#1f,driving:osm_id:156188798,0,-1,-1,-1,-1
157719643#1f,driving:osm_id:157719643,0,0,0,0,0
157719643#2f,driving:osm_id:157719643,0,-1,-1,-1,0
159170522#4f,driving:osm_id:159170522,0,0,0,0,0
160004399#2f,driving:osm_id:160004399,0,-1,-1,-1,-1
161752639#2f,driving:osm_id:161752639,0,-1,-1,-1,0
166399497#1f,driving:osm_id:166399497,0,0,0,0,2
177231047#1f,driving:osm_id:177231047,-1,0,0,0,0
214635115#1f,driving:osm_id:214635115,0,0,0,0,1
317925725#1f,driving:osm_id:317925725,0,1,1,0,1
434567309#2f,driving:osm_id:434567309,0,0,0,0,0
503462466#3f,driving:osm_id:503462466,0,0,1,1,1
503462466#5f,driving:osm_id:503462466,0,0,0,0,1
731585432#1f,driving:osm_id:731585432,0,0,0,0,0
788197746#3f,driving:osm_id:788197746,0,1,1,1,2
788197747#1f,driving:osm_id:788197747,0,2,2,2,2
804900032#1f,driving:osm_id:804900032,-1,-1,-1,-2,-1
1024393367#1f,driving:osm_id:1024393367,0,-1,-1,-1,0
1079492040#1f,driving:osm_id:1079492040,0,-1,-1,-1,-1
1197885780#1f,driving:osm_id:1197885780,-1,0,0,0,0
1283578084#4f,driving:osm_id:1283578084,0,0,1,0,1
1342546094#1f,driving:osm_id:1342546094,0,0,0,0,0
1549110527#1f,driving:osm_id:1549110527,-1,-2,-2,-2,-2
1551240830#1f,driving:osm_id:1551240830,0,0,0,0,0
4227253#1f,driving:osm_id:4227253,0,0,0,0,0
4229326#1f,driving:osm_id:4229326,0,1,1,1,1
4230083#1f,driving:osm_id:4230083,0,0,0,0,1
4230182#1f,driving:osm_id:4230182,0,0,0,0,0
25179329#1f,driving:osm_id:25179329,0,0,0,0,1
25179329#2f,driving:osm_id:25179329,0,0,0,0,1
78147638#1f,driving:osm_id:78147638,0,1,1,1,2
78147638#2f,driving:osm_id:78147638,0,1,1,1,2
78147638#3f,driving:osm_id:78147638,0,2,2,2,2
80378485#1f,driving:osm_id:80378485,-1,-1,-1,-1,-1
93091320#1f,driving:osm_id:93091320,0,-1,-1,-1,-1
93091320#2f,driving:osm_id:93091320,0,-1,-1,-1,-1
120062661#1f,driving:osm_id:120062661,0,-1,0,0,0
120062663#2f,driving:osm_id:120062663,-1,-2,-2,-2,-1
158007908#1f,driving:osm_id:158007908,-1,-1,-1,-1,-1
158189817#1f,driving:osm_id:158189817,0,0,1,1,1
158215178#1f,driving:osm_id:158215178,-1,0,0,0,0
159170535#1f,driving:osm_id:159170535,0,0,0,0,0
159170535#2f,driving:osm_id:159170535,0,0,0,0,0
159170535#3f,driving:osm_id:159170535,0,0,0,0,0
161887491#1f,driving:osm_id:161887491,0,-1,-1,-1,-1
166009792#1f,driving:osm_id:166009792,0,1,1,1,2
166009792#2f,driving:osm_id:166009792,0,1,2,2,2
166009792#3f,driving:osm_id:166009792,0,1,1,1,2
166009792#4f,driving:osm_id:166009792,0,1,2,0,2
166009792#5f,driving:osm_id:166009792,0,0,2,2,2
166009792#6f,driving:osm_id:166009792,0,2,2,1,2
166558488#1f,driving:osm_id:166558488,-1,-1,-1,-1,-1
176257197#2f,driving:osm_id:176257197,0,0,0,0,1
176333307#2f,driving:osm_id:176333307,0,0,0,0,0
176333307#3f,driving:osm_id:176333307,0,0,0,0,0
176336111#1f,driving:osm_id:176336111,0,1,1,1,1
176510129#1f,driving:osm_id:176510129,0,1,1,1,1
176527122#2f,driving:osm_id:176527122,0,1,1,1,1
176774211#1f,driving:osm_id:176774211,0,0,0,0,0
176774211#2f,driving:osm_id:176774211,0,0,0,0,0
177380385#1f,driving:osm_id:177380385,-1,-1,-1,-1,-1
182700008#1f,driving:osm_id:182700008,0,0,1,1,1
200502086#2f,driving:osm_id:200502086,0,-1,-1,-1,0
200502086#4f,driving:osm_id:200502086,0,-1,0,0,0
334773233#1f,driving:osm_id:334773233,0,-1,-1,-1,-1
334773233#2f,driving:osm_id:334773233,0,-1,-1,-1,-1
353889383#1f,driving:osm_id:353889383,0,-2,-2,-2,0
353889383#2f,driving:osm_id:353889383,0,-2,-2,-2,0
357168416#1f,driving:osm_id:357168416,0,-1,-1,-1,-1
503471323#1f,driving:osm_id:503471323,-1,-1,-1,-1,0
503471323#2f,driving:osm_id:503471323,-1,-1,-1,-1,0
503559461#1f,driving:osm_id:503559461,0,1,1,1,2
503638814#1f,driving:osm_id:503638814,0,-1,-1,-1,0
503638814#2f,driving:osm_id:503638814,0,-1,-1,-1,0
507581426#1f,driving:osm_id:507581426,0,0,0,0,1
690914540#1f,driving:osm_id:690914540,0,1,1,1,1
694608613#1f,driving:osm_id:694608613,0,0,0,0,1
851792661#1f,driving:osm_id:851792661,0,1,1,1,1
952419573#1f,driving:osm_id:952419573,0,0,0,0,1
1019174498#1f,driving:osm_id:1019174498,-1,-2,-2,-2,-2
1174009934#1f,driving:osm_id:1174009934,0,-1,-1,-1,1
1197885781#1f,driving:osm_id:1197885781,0,0,0,0,0
1230398878#1f,driving:osm_id:1230398878,0,1,1,1,1
1238339145#1f,driving:osm_id:1238339145,0,1,1,1,1
1243224903#1f,driving:osm_id:1243224903,0,-1,-1,-1,-1
1451501763#1f,driving:osm_id:1451501763,0,0,0,0,1
1470365903#1f,driving:osm_id:1470365903,-1,-2,-2,-2,-1
4227216#1f,driving:osm_id:4227216,0,-1,-1,-1,-1
4227216#2f,driving:osm_id:4227216,0,-1,-1,-1,-1
4227216#3f,driving:osm_id:4227216,0,-1,-1,-1,-1
4227216#4f,driving:osm_id:4227216,0,-1,-1,-1,-1
120062663#1f,driving:osm_id:120062663,-1,-1,-1,-2,-1
120113158#1f,driving:osm_id:120113158,-1,-1,-1,-1,-1
158189817#2f,driving:osm_id:158189817,0,1,1,1,1
158189819#1f,driving:osm_id:158189819,0,0,0,0,1
158215185#1f,driving:osm_id:158215185,0,1,1,1,1
176257197#1f,driving:osm_id:176257197,0,0,0,0,0
176257197#3f,driving:osm_id:176257197,0,1,1,1,1
176333307#1f,driving:osm_id:176333307,0,0,0,0,0
176333307#4f,driving:osm_id:176333307,0,-1,-1,-1,0
176336111#2f,driving:osm_id:176336111,0,1,1,1,1
176336111#3f,driving:osm_id:176336111,0,1,1,1,1
176527122#1f,driving:osm_id:176527122,0,1,1,1,1
182700008#2f,driving:osm_id:182700008,0,0,0,0,1
200502086#1f,driving:osm_id:200502086,0,-1,-1,-1,0
200502086#3f,driving:osm_id:200502086,0,-1,-1,-1,0
503638814#3f,driving:osm_id:503638814,0,-1,-1,-1,0
503813534#1f,driving:osm_id:503813534,0,0,0,0,0
686878340#1f,driving:osm_id:686878340,0,0,0,0,0
686878340#2f,driving:osm_id:686878340,0,0,0,0,0
689855607#1f,driving:osm_id:689855607,0,0,0,0,0
804900033#1f,driving:osm_id:804900033,-1,-2,-1,-1,-1
851792661#2f,driving:osm_id:851792661,0,1,1,1,1
1238339145#2f,driving:osm_id:1238339145,0,1,1,1,2
1238339145#3f,driving:osm_id:1238339145,0,1,1,1,2
1243224905#1f,driving:osm_id:1243224905,0,-1,-1,-1,-1
1342546065#1f,driving:osm_id:1342546065,0,0,0,0,0
1435973405#1f,driving:osm_id:1435973405,0,1,1,1,1
4227241#1f,driving:osm_id:4227241,0,0,0,0,1
4229328#1f,driving:osm_id:4229328,0,1,1,1,2
4230106#3f,driving:osm_id:4230106,0,0,0,0,0
8352246#2f,driving:osm_id:8352246,0,0,0,0,1
8352246#3f,driving:osm_id:8352246,0,1,1,1,1
8352246#5f,driving:osm_id:8352246,0,0,0,0,1
8352246#7f,driving:osm_id:8352246,0,-1,0,-1,0
78147635#1f,driving:osm_id:78147635,0,-1,-1,-1,-1
93091314#1f,driving:osm_id:93091314,-1,-1,-1,-1,-1
93137591#1f,driving:osm_id:93137591,0,1,1,1,2
93137591#2f,driving:osm_id:93137591,0,1,1,1,2
93137621#1f,driving:osm_id:93137621,0,0,0,0,1
93137627#2f,driving:osm_id:93137627,0,-1,-1,-1,-1
94399877#1f,driving:osm_id:94399877,0,1,1,1,1
106705723#2f,driving:osm_id:106705723,0,1,1,1,1
128273232#1f,driving:osm_id:128273232,0,-2,-1,-1,-1
143536279#1f,driving:osm_id:143536279,0,1,1,1,1
143536279#2f,driving:osm_id:143536279,0,1,1,1,1
155085120#1f,driving:osm_id:155085120,0,-1,-1,-1,-1
155085120#2f,driving:osm_id:155085120,0,-1,-1,-1,-1
157719685#1f,driving:osm_id:157719685,0,-1,-1,-1,-1
158007923#1f,driving:osm_id:158007923,0,0,0,0,0
158215192#1f,driving:osm_id:158215192,0,1,1,1,1
159170458#1f,driving:osm_id:159170458,0,0,0,0,0
161752645#1f,driving:osm_id:161752645,0,0,0,0,0
176086162#1f,driving:osm_id:176086162,0,0,0,0,0
176336113#1f,driving:osm_id:176336113,0,0,0,0,0
176336377#1f,driving:osm_id:176336377,0,-1,-1,-1,-1
177045626#1f,driving:osm_id:177045626,0,0,0,0,1
177189425#1f,driving:osm_id:177189425,0,1,1,0,1
177189425#3f,driving:osm_id:177189425,0,0,0,0,1
254596486#2f,driving:osm_id:254596486,0,1,1,1,1
278143574#1f,driving:osm_id:278143574,0,0,0,0,0
278143574#2f,driving:osm_id:278143574,0,0,0,0,0
278143574#4f,driving:osm_id:278143574,0,0,0,0,0
320117831#1f,driving:osm_id:320117831,-1,-2,-2,-2,-2
334364604#1f,driving:osm_id:334364604,0,-1,-1,-1,-1
335740509#1f,driving:osm_id:335740509,0,0,0,0,0
435062251#1f,driving:osm_id:435062251,0,0,1,1,1
448186716#1f,driving:osm_id:448186716,0,0,0,0,0
448186716#2f,driving:osm_id:448186716,0,0,0,0,0
485746484#2f,driving:osm_id:485746484,0,1,1,1,1
485746484#3f,driving:osm_id:485746484,0,1,1,1,1
503434370#1f,driving:osm_id:503434370,0,1,1,1,1
503434370#2f,driving:osm_id:503434370,0,1,1,1,1
503462474#1f,driving:osm_id:503462474,0,0,0,0,1
503475642#1f,driving:osm_id:503475642,0,1,2,2,2
503475642#2f,driving:osm_id:503475642,0,1,1,1,2
503475642#3f,driving:osm_id:503475642,0,1,2,2,2
503475651#1f,driving:osm_id:503475651,0,0,0,0,0
503475651#2f,driving:osm_id:503475651,0,0,0,0,0
503559459#1f,driving:osm_id:503559459,0,1,1,1,1
664388473#1f,driving:osm_id:664388473,0,1,1,1,1
690131582#1f,driving:osm_id:690131582,0,-1,-1,-1,-1
690131582#2f,driving:osm_id:690131582,0,-1,-1,-1,-1
690914542#2f,driving:osm_id:690914542,0,1,1,1,2
850261594#1f,driving:osm_id:850261594,0,-1,-1,-1,0
850261594#2f,driving:osm_id:850261594,0,-1,-1,-1,0
854880222#1f,driving:osm_id:854880222,0,0,0,0,0
905452639#1f,driving:osm_id:905452639,0,0,0,0,0
944079968#1f,driving:osm_id:944079968,-1,-1,-1,-1,-1
1034851195#2f,driving:osm_id:1034851195,0,0,0,0,0
1079489489#1f,driving:osm_id:1079489489,0,0,0,0,1
1131276187#1f,driving:osm_id:1131276187,-1,-1,-1,-1,0
1131276187#2f,driving:osm_id:1131276187,-1,-1,-1,-1,0
1146071897#1f,driving:osm_id:1146071897,0,1,1,1,1
1327492346#1f,driving:osm_id:1327492346,-1,-1,-1,-1,-1
1525349447#1f,driving:osm_id:1525349447,0,0,0,0,0
4227214#1f,driving:osm_id:4227214,0,1,1,1,1
4227214#3f,driving:osm_id:4227214,0,1,1,1,1
4227214#4f,driving:osm_id:4227214,0,1,1,1,1
4229292#1f,driving:osm_id:4229292,-1,-2,-2,-2,-1
4229292#2f,driving:osm_id:4229292,-1,-2,-1,-1,-1
4229577#1f,driving:osm_id:4229577,0,-1,-1,-1,-1
4229577#2f,driving:osm_id:4229577,0,-1,-1,-1,-1
4229658#1f,driving:osm_id:4229658,0,0,0,0,0
4229658#2f,driving:osm_id:4229658,0,0,0,0,0
4230891#1f,driving:osm_id:4230891,-1,-1,-1,-1,-1
4230891#4f,driving:osm_id:4230891,-1,-1,-1,-1,-1
33749606#1f,driving:osm_id:33749606,0,-1,-1,-2,-1
67923338#1f,driving:osm_id:67923338,0,0,0,0,0
67923338#2f,driving:osm_id:67923338,0,0,0,0,0
93137564#1f,driving:osm_id:93137564,0,1,1,1,1
93137569#2f,driving:osm_id:93137569,0,1,1,1,1
93137576#1f,driving:osm_id:93137576,0,1,1,1,1
93137614#1f,driving:osm_id:93137614,0,0,0,0,0
93137635#1f,driving:osm_id:93137635,0,0,0,0,0
94399455#1f,driving:osm_id:94399455,0,1,1,1,1
155085117#2f,driving:osm_id:155085117,0,0,0,0,0
157719647#1f,driving:osm_id:157719647,0,-1,-1,-1,0
157719647#2f,driving:osm_id:157719647,0,-1,-1,-1,0
157719647#3f,driving:osm_id:157719647,0,-1,-1,-1,0
157719647#4f,driving:osm_id:157719647,0,-1,-1,-1,0
157719647#5f,driving:osm_id:157719647,0,-1,0,-1,0
157719647#6f,driving:osm_id:157719647,0,-1,-1,-1,0
157719647#7f,driving:osm_id:157719647,0,0,0,0,1
157719664#2f,driving:osm_id:157719664,0,0,0,0,1
157719664#3f,driving:osm_id:157719664,0,0,1,1,1
157719664#4f,driving:osm_id:157719664,0,1,1,1,1
159170496#2f,driving:osm_id:159170496,0,0,0,0,0
159170496#3f,driving:osm_id:159170496,0,0,0,0,0
159175448#1f,driving:osm_id:159175448,0,1,1,1,1
159175448#3f,driving:osm_id:159175448,0,1,1,1,1
161748260#1f,driving:osm_id:161748260,0,0,0,0,0
164338241#1f,driving:osm_id:164338241,0,0,0,0,0
164338241#2f,driving:osm_id:164338241,0,0,0,0,0
164338241#3f,driving:osm_id:164338241,0,0,0,0,0
164338241#4f,driving:osm_id:164338241,0,0,0,0,0
165636031#1f,driving:osm_id:165636031,0,0,0,0,0
165636031#2f,driving:osm_id:165636031,0,0,0,0,0
165636031#4f,driving:osm_id:165636031,0,0,0,0,1
165636031#6f,driving:osm_id:165636031,0,0,0,0,1
166399478#1f,driving:osm_id:166399478,0,0,0,0,1
166399478#2f,driving:osm_id:166399478,0,0,0,0,1
166399478#3f,driving:osm_id:166399478,0,0,1,0,1
166399478#4f,driving:osm_id:166399478,0,0,0,0,1
166399478#5f,driving:osm_id:166399478,0,1,1,1,2
166399478#6f,driving:osm_id:166399478,0,1,1,1,2
166399478#7f,driving:osm_id:166399478,0,1,2,1,2
166399478#8f,driving:osm_id:166399478,0,1,1,1,2
166399478#9f,driving:osm_id:166399478,0,1,1,1,1
166399479#2f,driving:osm_id:166399479,0,0,1,1,1
166399489#1f,driving:osm_id:166399489,0,0,0,0,2
166399489#2f,driving:osm_id:166399489,0,0,0,0,1
166399496#1f,driving:osm_id:166399496,0,1,1,1,1
168104483#1f,driving:osm_id:168104483,0,1,1,0,1
168104483#3f,driving:osm_id:168104483,0,0,0,0,1
169297863#2f,driving:osm_id:169297863,0,0,0,0,0
176334444#1f,driving:osm_id:176334444,0,0,0,0,0
176334446#1f,driving:osm_id:176334446,0,-1,-1,-1,0
176334446#2f,driving:osm_id:176334446,0,0,0,-2,0
176477344#1f,driving:osm_id:176477344,0,-1,-1,-1,1
176577460#1f,driving:osm_id:176577460,0,0,0,0,1
176577460#2f,driving:osm_id:176577460,0,0,0,0,1
176577460#3f,driving:osm_id:176577460,0,0,0,0,1
176577460#4f,driving:osm_id:176577460,0,0,0,0,1
176577460#5f,driving:osm_id:176577460,0,0,0,0,0
176577460#6f,driving:osm_id:176577460,0,0,0,0,0
176577460#7f,driving:osm_id:176577460,0,0,0,-1,0
176674530#1f,driving:osm_id:176674530,0,0,0,0,0
176674530#2f,driving:osm_id:176674530,0,0,0,0,0
176674530#3f,driving:osm_id:176674530,0,0,0,0,0
176682384#1f,driving:osm_id:176682384,0,0,0,0,0
177052163#1f,driving:osm_id:177052163,0,0,0,0,0
360063233#1f,driving:osm_id:360063233,0,-1,-1,-1,-1
360063233#2f,driving:osm_id:360063233,0,-1,0,0,0
423632264#1f,driving:osm_id:423632264,0,-1,-1,-1,0
423632264#2f,driving:osm_id:423632264,0,-1,-1,-1,0
446542427#3f,driving:osm_id:446542427,0,0,0,0,0
501241475#1f,driving:osm_id:501241475,0,1,1,1,1
503434362#1f,driving:osm_id:503434362,0,1,1,1,2
503434375#1f,driving:osm_id:503434375,0,1,1,1,2
503434403#1f,driving:osm_id:503434403,0,1,1,1,1
503462467#1f,driving:osm_id:503462467,0,0,0,0,1
503462473#1f,driving:osm_id:503462473,0,1,1,1,2
503462476#1f,driving:osm_id:503462476,0,0,0,0,1
503462476#2f,driving:osm_id:503462476,0,0,0,0,1
503475643#2f,driving:osm_id:503475643,0,1,1,1,2
503475643#3f,driving:osm_id:503475643,0,1,1,1,1
503783378#1f,driving:osm_id:503783378,0,1,1,1,1
507581437#1f,driving:osm_id:507581437,0,0,0,0,1
690653919#1f,driving:osm_id:690653919,0,-1,-1,-1,-1
690653919#2f,driving:osm_id:690653919,0,-1,-1,-1,-1
774751108#1f,driving:osm_id:774751108,0,0,0,0,0
778494667#2f,driving:osm_id:778494667,0,0,0,0,0
833633729#1f,driving:osm_id:833633729,0,-1,-1,-1,-1
833633729#2f,driving:osm_id:833633729,0,-1,-1,-1,-1
850261580#2f,driving:osm_id:850261580,0,1,1,1,1
854880221#1f,driving:osm_id:854880221,0,0,0,-1,0
854880221#2f,driving:osm_id:854880221,0,-1,0,0,0
1243224906#1f,driving:osm_id:1243224906,0,-1,-1,-1,-1
1342546060#1f,driving:osm_id:1342546060,0,0,0,0,0
1442119701#1f,driving:osm_id:1442119701,0,1,1,1,2
1453878835#1f,driving:osm_id:1453878835,0,-1,-1,-1,1
1470365899#1f,driving:osm_id:1470365899,-1,-1,-1,-1,0
4227241#2f,driving:osm_id:4227241,0,1,1,1,1
4230106#1f,driving:osm_id:4230106,0,0,0,0,0
4230106#2f,driving:osm_id:4230106,0,0,0,0,0
8352246#1f,driving:osm_id:8352246,0,0,0,0,1
8352246#4f,driving:osm_id:8352246,0,0,0,0,1
8352246#6f,driving:osm_id:8352246,0,-1,-1,-1,0
39838824#1f,driving:osm_id:39838824,0,0,0,0,1
41929969#1f,driving:osm_id:41929969,0,-1,0,0,0
92627405#1f,driving:osm_id:92627405,1,2,2,-1,2
93137593#1f,driving:osm_id:93137593,0,0,0,0,0
93137621#2f,driving:osm_id:93137621,0,1,1,1,1
93137627#1f,driving:osm_id:93137627,0,-1,-1,-1,-1
93207288#1f,driving:osm_id:93207288,0,-1,-1,-2,-1
106705723#1f,driving:osm_id:106705723,0,1,1,1,1
120062665#1f,driving:osm_id:120062665,-1,-1,-1,-1,-1
159170458#2f,driving:osm_id:159170458,0,0,0,0,0
159170458#3f,driving:osm_id:159170458,0,0,0,0,0
176082026#1f,driving:osm_id:176082026,-1,-2,-2,-2,-2
176336114#1f,driving:osm_id:176336114,0,1,1,1,2
176336114#2f,driving:osm_id:176336114,0,1,1,1,2
176336114#3f,driving:osm_id:176336114,0,1,1,1,2
176336114#4f,driving:osm_id:176336114,0,1,1,1,2
176336377#2f,driving:osm_id:176336377,0,-1,-1,-1,-1
176477349#1f,driving:osm_id:176477349,-1,-2,-2,-2,-2
177189425#2f,driving:osm_id:177189425,0,0,0,0,1
177189425#4f,driving:osm_id:177189425,0,1,1,1,1
254596486#1f,driving:osm_id:254596486,0,0,1,1,1
278143574#3f,driving:osm_id:278143574,0,0,0,0,0
334368435#1f,driving:osm_id:334368435,0,-1,-1,-1,-1
423632273#1f,driving:osm_id:423632273,0,0,0,0,1
450454878#1f,driving:osm_id:450454878,0,-1,-1,-1,-1
485746484#1f,driving:osm_id:485746484,0,1,1,1,1
503813542#1f,driving:osm_id:503813542,0,-1,-1,-1,0
656826921#1f,driving:osm_id:656826921,0,0,0,0,0
690914542#1f,driving:osm_id:690914542,0,1,1,1,2
690914542#3f,driving:osm_id:690914542,0,1,1,1,2
1024523797#1f,driving:osm_id:1024523797,-1,-2,-2,-2,-1
1034851195#1f,driving:osm_id:1034851195,0,0,0,0,0
1131276187#3f,driving:osm_id:1131276187,-1,-1,-1,-1,0
1435532402#1f,driving:osm_id:1435532402,0,1,1,1,1
4227209#1f,driving:osm_id:4227209,0,1,1,1,1
4227209#2f,driving:osm_id:4227209,0,1,1,1,1
4227214#2f,driving:osm_id:4227214,0,1,1,1,1
4229577#3f,driving:osm_id:4229577,0,-1,-1,-1,-1
4229658#3f,driving:osm_id:4229658,0,0,0,0,0
4230891#2f,driving:osm_id:4230891,-1,-1,-1,-2,-1
4230891#3f,driving:osm_id:4230891,-1,-2,-1,-1,-1
93137569#1f,driving:osm_id:93137569,0,1,1,1,1
121380669#1f,driving:osm_id:121380669,-1,-1,-1,-1,-1
155085117#1f,driving:osm_id:155085117,0,0,0,0,0
157719641#1f,driving:osm_id:157719641,0,0,0,0,1
157719664#1f,driving:osm_id:157719664,0,1,1,1,1
158215190#1f,driving:osm_id:158215190,0,1,1,1,1
159170496#1f,driving:osm_id:159170496,0,0,0,0,0
159175448#2f,driving:osm_id:159175448,0,1,1,1,1
161748260#2f,driving:osm_id:161748260,0,0,0,0,0
161882793#1f,driving:osm_id:161882793,0,0,0,0,1
165636031#3f,driving:osm_id:165636031,0,0,0,0,1
165636031#5f,driving:osm_id:165636031,0,1,1,0,1
166399479#1f,driving:osm_id:166399479,0,0,0,0,1
166399479#3f,driving:osm_id:166399479,0,1,1,1,1
166399479#4f,driving:osm_id:166399479,0,0,0,0,1
166399479#5f,driving:osm_id:166399479,0,0,1,1,1
168104483#2f,driving:osm_id:168104483,0,0,1,1,1
169297863#1f,driving:osm_id:169297863,0,0,0,0,0
176674530#4f,driving:osm_id:176674530,0,0,0,0,0
176682613#1f,driving:osm_id:176682613,0,0,0,0,0
177052163#2f,driving:osm_id:177052163,0,0,0,0,0
177231049#1f,driving:osm_id:177231049,0,1,1,1,1
182694289#1f,driving:osm_id:182694289,0,-1,-1,-1,0
353889280#1f,driving:osm_id:353889280,-1,-2,-2,-2,0
446542427#1f,driving:osm_id:446542427,0,0,0,0,0
446542427#2f,driving:osm_id:446542427,0,0,0,0,0
503475643#1f,driving:osm_id:503475643,0,2,2,1,2
507581432#1f,driving:osm_id:507581432,0,0,0,0,0
690915731#1f,driving:osm_id:690915731,0,-1,-1,-1,-1
778494667#1f,driving:osm_id:778494667,0,0,0,0,0
788120418#1f,driving:osm_id:788120418,0,0,0,0,0
849737769#1f,driving:osm_id:849737769,-1,-1,-1,-1,-1
850261580#1f,driving:osm_id:850261580,0,1,1,1,1
854880221#3f,driving:osm_id:854880221,0,0,0,0,1
854880221#4f,driving:osm_id:854880221,0,0,1,0,1
982081599#1f,driving:osm_id:982081599,0,1,1,1,2
982081599#2f,driving:osm_id:982081599,0,1,1,1,2
982081599#3f,driving:osm_id:982081599,0,1,1,1,1
1031828867#1f,driving:osm_id:1031828867,0,-1,-1,-1,-1
1202361392#1f,driving:osm_id:1202361392,0,-1,-1,-1,-1
1549110515#1f,driving:osm_id:1549110515,0,-1,-1,-1,0
1549110515#2f,driving:osm_id:1549110515,0,0,0,0,0
1549110515#3f,driving:osm_id:1549110515,0,0,0,0,0
4227230#1f,driving:osm_id:4227230,0,0,0,0,0
24668403#1f,driving:osm_id:24668403,0,0,0,0,0
31900611#1f,driving:osm_id:31900611,0,0,0,0,0
31900611#3f,driving:osm_id:31900611,0,0,0,0,0
93137623#1f,driving:osm_id:93137623,0,1,1,1,1
120062667#1f,driving:osm_id:120062667,-1,-2,-2,-2,-2
128273233#1f,driving:osm_id:128273233,0,0,0,0,0
128273233#2f,driving:osm_id:128273233,0,0,0,0,0
157719692#1f,driving:osm_id:157719692,0,-1,-1,-1,-1
157719692#2f,driving:osm_id:157719692,0,-1,-1,-1,-1
158007920#1f,driving:osm_id:158007920,-1,-1,-1,-1,-1
158215191#1f,driving:osm_id:158215191,0,1,1,1,1
158215191#2f,driving:osm_id:158215191,0,1,1,1,1
158215191#3f,driving:osm_id:158215191,0,1,1,1,1
158215191#4f,driving:osm_id:158215191,0,1,1,0,1
159170452#1f,driving:osm_id:159170452,0,0,0,0,0
164338236#1f,driving:osm_id:164338236,0,1,1,1,1
164338236#3f,driving:osm_id:164338236,0,1,1,1,1
164338240#1f,driving:osm_id:164338240,0,0,0,0,0
164338240#2f,driving:osm_id:164338240,0,0,0,0,0
164338240#4f,driving:osm_id:164338240,0,0,0,0,0
165636064#1f,driving:osm_id:165636064,0,1,1,1,2
165636064#2f,driving:osm_id:165636064,0,1,1,1,2
166558481#1f,driving:osm_id:166558481,0,0,0,0,1
166558481#2f,driving:osm_id:166558481,0,0,0,0,1
167625719#3f,driving:osm_id:167625719,0,2,2,1,2
167625738#2f,driving:osm_id:167625738,0,-1,-1,-1,-1
176395396#1f,driving:osm_id:176395396,-1,-2,-2,-2,-2
176477341#1f,driving:osm_id:176477341,0,-2,0,-1,0
176531067#1f,driving:osm_id:176531067,0,0,0,0,0
182699444#1f,driving:osm_id:182699444,-1,-1,-1,-1,-1
200502322#1f,driving:osm_id:200502322,0,1,1,1,1
200502322#2f,driving:osm_id:200502322,0,1,1,1,1
201009262#1f,driving:osm_id:201009262,-1,-2,-2,-2,-2
214635114#1f,driving:osm_id:214635114,0,1,1,1,2
214635117#1f,driving:osm_id:214635117,0,1,1,1,1
214635117#3f,driving:osm_id:214635117,0,1,2,1,2
214635117#4f,driving:osm_id:214635117,0,1,1,1,2
214635117#5f,driving:osm_id:214635117,0,1,1,1,2
214635117#6f,driving:osm_id:214635117,0,2,2,2,2
214635117#7f,driving:osm_id:214635117,0,2,2,1,2
262902068#1f,driving:osm_id:262902068,0,0,0,0,0
278143571#1f,driving:osm_id:278143571,-1,-1,-1,-1,-1
294081873#1f,driving:osm_id:294081873,0,0,0,0,0
320117832#1f,driving:osm_id:320117832,0,-2,-1,-1,-1
334520662#1f,driving:osm_id:334520662,0,0,0,0,0
423873046#1f,driving:osm_id:423873046,0,-1,0,0,0
503462459#1f,driving:osm_id:503462459,0,0,0,0,1
503462461#1f,driving:osm_id:503462461,0,1,2,1,2
503462465#1f,driving:osm_id:503462465,0,1,1,1,1
503462465#2f,driving:osm_id:503462465,0,1,1,0,1
503462475#1f,driving:osm_id:503462475,0,1,1,1,2
503475644#1f,driving:osm_id:503475644,0,0,0,0,0
503633031#1f,driving:osm_id:503633031,0,1,1,1,1
503633031#2f,driving:osm_id:503633031,0,1,1,1,1
503633031#3f,driving:osm_id:503633031,0,1,1,1,1
503702167#1f,driving:osm_id:503702167,0,0,0,0,0
503702167#2f,driving:osm_id:503702167,0,0,0,0,0
503702169#1f,driving:osm_id:503702169,0,0,0,0,1
503783376#2f,driving:osm_id:503783376,0,0,0,0,1
586268005#2f,driving:osm_id:586268005,0,0,0,0,0
624357054#1f,driving:osm_id:624357054,1,1,1,1,1
712182870#1f,driving:osm_id:712182870,0,0,0,0,0
840345537#1f,driving:osm_id:840345537,0,-2,-2,-2,-2
850261575#2f,driving:osm_id:850261575,0,2,2,2,2
850261575#3f,driving:osm_id:850261575,0,2,2,2,2
899409586#1f,driving:osm_id:899409586,0,0,0,0,0
962525763#1f,driving:osm_id:962525763,0,-1,-1,-1,-1
992499988#1f,driving:osm_id:992499988,0,0,0,0,0
1019360049#1f,driving:osm_id:1019360049,-1,-1,-1,-1,0
1082312613#2f,driving:osm_id:1082312613,0,-1,-1,-1,-1
1203849334#2f,driving:osm_id:1203849334,0,-1,-1,-1,-1
1238339144#2f,driving:osm_id:1238339144,0,0,1,1,1
1238339144#4f,driving:osm_id:1238339144,0,1,1,1,1
1238339144#5f,driving:osm_id:1238339144,0,1,1,1,1
1319454161#1f,driving:osm_id:1319454161,0,0,0,0,0
1365041486#1f,driving:osm_id:1365041486,-1,-2,-2,-2,-2
1443764724#1f,driving:osm_id:1443764724,0,0,0,0,0
1443764724#2f,driving:osm_id:1443764724,0,0,0,0,0
1449407307#1f,driving:osm_id:1449407307,0,0,0,0,0
1449972040#1f,driving:osm_id:1449972040,0,1,1,1,2
1449972056#1f,driving:osm_id:1449972056,0,1,1,1,1
1452797915#1f,driving:osm_id:1452797915,0,0,0,0,0
1551240829#1f,driving:osm_id:1551240829,0,0,0,0,0
1551240829#2f,driving:osm_id:1551240829,0,0,0,0,0
4229893#1f,driving:osm_id:4229893,0,0,0,0,1
4229893#2f,driving:osm_id:4229893,0,1,1,1,1
4229893#3f,driving:osm_id:4229893,0,0,0,0,1
4230099#1f,driving:osm_id:4230099,0,0,0,0,0
4230099#3f,driving:osm_id:4230099,0,0,0,0,0
4230099#4f,driving:osm_id:4230099,0,0,0,0,0
4230099#5f,driving:osm_id:4230099,0,-1,-1,-1,0
4230099#6f,driving:osm_id:4230099,0,-1,-1,-1,0
4230099#8f,driving:osm_id:4230099,0,-1,0,-1,0
4230099#9f,driving:osm_id:4230099,0,-1,-1,-1,0
4230117#1f,driving:osm_id:4230117,0,-1,-1,-1,-1
24655134#1f,driving:osm_id:24655134,0,-1,0,0,0
24655134#2f,driving:osm_id:24655134,0,0,0,0,0
24655134#4f,driving:osm_id:24655134,0,0,0,0,0
24655134#5f,driving:osm_id:24655134,0,-1,-1,-1,0
24655134#6f,driving:osm_id:24655134,0,-1,-1,-1,0
39839529#3f,driving:osm_id:39839529,0,-1,-1,-1,0
39839530#2f,driving:osm_id:39839530,-1,-1,-1,-1,-1
68814578#1f,driving:osm_id:68814578,0,0,0,0,1
92627427#1f,driving:osm_id:92627427,0,-1,0,-1,0
92627431#1f,driving:osm_id:92627431,1,1,2,1,2
93091312#1f,driving:osm_id:93091312,0,-1,0,-1,0
93137596#1f,driving:osm_id:93137596,0,1,1,1,1
93137596#2f,driving:osm_id:93137596,0,1,1,1,1
120113157#1f,driving:osm_id:120113157,-1,-2,-2,-2,-2
121378297#1f,driving:osm_id:121378297,0,1,1,1,1
121378297#2f,driving:osm_id:121378297,0,1,1,1,1
121378297#3f,driving:osm_id:121378297,0,1,1,0,1
157719645#2f,driving:osm_id:157719645,0,0,0,-1,0
157719645#3f,driving:osm_id:157719645,0,-1,0,0,0
157719645#5f,driving:osm_id:157719645,0,0,0,0,0
157719645#6f,driving:osm_id:157719645,0,0,0,0,0
157719645#7f,driving:osm_id:157719645,0,0,0,0,0
157719645#10f,driving:osm_id:157719645,0,1,1,1,1
157719645#12f,driving:osm_id:157719645,0,1,1,1,1
157719653#1f,driving:osm_id:157719653,-1,-2,-1,-1,-1
157719661#1f,driving:osm_id:157719661,0,0,0,0,0
157719661#3f,driving:osm_id:157719661,0,0,0,0,0
159170509#2f,driving:osm_id:159170509,0,-1,-1,-1,0
159170517#1f,driving:osm_id:159170517,0,0,0,0,0
159170517#3f,driving:osm_id:159170517,0,0,0,0,0
159170517#4f,driving:osm_id:159170517,0,0,0,0,0
161752642#1f,driving:osm_id:161752642,-1,-1,-1,-1,-1
166399477#3f,driving:osm_id:166399477,0,0,1,1,1
166399488#1f,driving:osm_id:166399488,0,0,0,0,1
166399488#3f,driving:osm_id:166399488,0,1,1,1,1
166399500#1f,driving:osm_id:166399500,0,1,1,1,1
166399500#2f,driving:osm_id:166399500,0,0,0,0,1
166399500#4f,driving:osm_id:166399500,0,0,1,1,1
167625751#1f,driving:osm_id:167625751,0,0,0,-1,0
177052556#1f,driving:osm_id:177052556,0,0,0,0,0
177232619#2f,driving:osm_id:177232619,0,0,0,0,0
177232619#4f,driving:osm_id:177232619,0,0,0,0,0
177232619#5f,driving:osm_id:177232619,0,0,0,0,0
177232619#7f,driving:osm_id:177232619,0,0,0,0,0
177588306#1f,driving:osm_id:177588306,0,-1,-1,-1,-1
177588306#2f,driving:osm_id:177588306,0,-1,-1,-1,-1
200493424#1f,driving:osm_id:200493424,0,0,0,0,1
200493424#3f,driving:osm_id:200493424,0,0,0,0,1
423632277#1f,driving:osm_id:423632277,0,0,0,0,1
435061380#1f,driving:osm_id:435061380,0,1,1,1,1
448186730#1f,driving:osm_id:448186730,0,0,1,0,1
448186730#2f,driving:osm_id:448186730,0,0,0,0,0
503434372#2f,driving:osm_id:503434372,0,0,0,0,1
503462470#1f,driving:osm_id:503462470,0,-1,-1,-1,0
503550472#1f,driving:osm_id:503550472,0,1,1,1,1
690914532#1f,driving:osm_id:690914532,0,0,0,0,0
731054116#1f,driving:osm_id:731054116,0,0,0,0,0
850261591#1f,driving:osm_id:850261591,0,0,0,0,0
944079970#1f,driving:osm_id:944079970,0,0,0,0,0
944079970#2f,driving:osm_id:944079970,0,0,0,0,0
1086377386#1f,driving:osm_id:1086377386,0,1,1,1,1
1086377386#2f,driving:osm_id:1086377386,0,1,1,1,1
1131276184#1f,driving:osm_id:1131276184,0,0,0,0,1
1131276184#2f,driving:osm_id:1131276184,0,1,1,1,1
1202335429#1f,driving:osm_id:1202335429,0,1,1,1,1
1202361379#1f,driving:osm_id:1202361379,0,0,0,0,0
1202747622#1f,driving:osm_id:1202747622,0,0,0,0,0
1202747622#2f,driving:osm_id:1202747622,0,0,0,0,0
1202747623#1f,driving:osm_id:1202747623,0,0,0,0,0
1212029940#1f,driving:osm_id:1212029940,0,-1,-1,-1,0
1243224902#1f,driving:osm_id:1243224902,0,-1,-1,-1,-1
1327492341#1f,driving:osm_id:1327492341,0,-2,-2,-2,-2
1388331344#1f,driving:osm_id:1388331344,0,1,1,1,2
1549110516#1f,driving:osm_id:1549110516,-1,-1,-1,-1,-1
1549110516#3f,driving:osm_id:1549110516,-1,-1,-1,-1,-1
1549110516#4f,driving:osm_id:1549110516,-1,-2,-2,-2,-1
1549110516#5f,driving:osm_id:1549110516,-1,-2,-1,-1,-1
4229327#1f,driving:osm_id:4229327,0,1,1,1,2
31900611#2f,driving:osm_id:31900611,0,0,0,0,0
31900611#4f,driving:osm_id:31900611,0,0,0,0,0
128273233#3f,driving:osm_id:128273233,0,0,0,0,0
164338236#2f,driving:osm_id:164338236,0,1,1,1,1
164338240#3f,driving:osm_id:164338240,0,0,0,0,0
167625719#1f,driving:osm_id:167625719,0,1,1,1,2
167625719#2f,driving:osm_id:167625719,0,1,1,1,2
167625738#1f,driving:osm_id:167625738,0,-1,-1,-1,-1
176395397#1f,driving:osm_id:176395397,0,-2,-2,-2,0
214635114#2f,driving:osm_id:214635114,0,1,1,1,2
214635117#2f,driving:osm_id:214635117,0,1,1,1,2
214635117#8f,driving:osm_id:214635117,0,1,1,1,2
503462461#2f,driving:osm_id:503462461,0,1,1,1,2
503462465#3f,driving:osm_id:503462465,0,0,0,0,1
503462475#2f,driving:osm_id:503462475,0,1,1,1,2
503462475#3f,driving:osm_id:503462475,0,1,1,1,2
503633031#4f,driving:osm_id:503633031,0,1,1,1,1
503633031#5f,driving:osm_id:503633031,0,0,0,0,1
503783376#1f,driving:osm_id:503783376,0,1,1,0,1
586268005#1f,driving:osm_id:586268005,0,0,0,0,0
788120417#1f,driving:osm_id:788120417,0,0,0,0,1
788626302#1f,driving:osm_id:788626302,0,0,0,0,0
850261575#1f,driving:osm_id:850261575,0,1,1,1,2
929856547#1f,driving:osm_id:929856547,0,1,1,1,1
929856547#2f,driving:osm_id:929856547,0,1,1,1,1
1082312613#1f,driving:osm_id:1082312613,0,-1,-1,-1,-1
1149057192#1f,driving:osm_id:1149057192,0,1,1,1,1
1202730135#1f,driving:osm_id:1202730135,0,0,0,0,0
1202730135#2f,driving:osm_id:1202730135,0,0,0,0,0
1203849334#1f,driving:osm_id:1203849334,0,-1,-1,-1,-1
1238339144#1f,driving:osm_id:1238339144,0,0,0,0,1
1238339144#3f,driving:osm_id:1238339144,0,1,1,1,1
1327492343#1f,driving:osm_id:1327492343,-1,-1,-1,-1,-1
1365041486#2f,driving:osm_id:1365041486,-1,-2,-2,-2,-2
1410590320#1f,driving:osm_id:1410590320,0,1,1,1,1
1452797915#2f,driving:osm_id:1452797915,0,0,0,0,0
4230099#2f,driving:osm_id:4230099,0,0,0,0,0
4230099#7f,driving:osm_id:4230099,0,-1,-1,-1,0
24655134#3f,driving:osm_id:24655134,0,0,0,0,0
39839529#1f,driving:osm_id:39839529,0,0,0,0,0
39839529#2f,driving:osm_id:39839529,0,0,0,-1,0
39839530#1f,driving:osm_id:39839530,-1,-1,-1,-1,-1
68814578#2f,driving:osm_id:68814578,0,0,0,0,0
93091312#2f,driving:osm_id:93091312,0,-1,-1,-1,0
93091312#3f,driving:osm_id:93091312,0,0,0,0,0
93137580#1f,driving:osm_id:93137580,0,1,1,1,1
94399553#1f,driving:osm_id:94399553,0,1,1,1,1
157719645#1f,driving:osm_id:157719645,0,0,0,0,0
157719645#4f,driving:osm_id:157719645,0,0,0,0,0
157719645#8f,driving:osm_id:157719645,0,0,1,1,1
157719645#9f,driving:osm_id:157719645,0,1,1,1,1
157719645#11f,driving:osm_id:157719645,0,1,1,1,1
157719661#2f,driving:osm_id:157719661,0,0,0,0,0
159170509#1f,driving:osm_id:159170509,0,0,0,0,0
159170509#3f,driving:osm_id:159170509,0,-1,-1,-1,0
159170517#2f,driving:osm_id:159170517,0,0,0,0,0
161882799#1f,driving:osm_id:161882799,0,-1,-1,-1,0
164338219#1f,driving:osm_id:164338219,0,1,1,1,1
164338219#2f,driving:osm_id:164338219,0,1,1,1,1
164338219#3f,driving:osm_id:164338219,0,1,1,1,1
166399477#1f,driving:osm_id:166399477,0,1,1,1,1
166399477#2f,driving:osm_id:166399477,0,0,0,0,1
166399488#2f,driving:osm_id:166399488,0,1,1,1,1
166399500#3f,driving:osm_id:166399500,0,0,0,0,1
167086183#1f,driving:osm_id:167086183,0,-1,-1,-1,-1
176337642#1f,driving:osm_id:176337642,0,1,1,1,2
177052556#2f,driving:osm_id:177052556,0,0,0,0,0
177052556#3f,driving:osm_id:177052556,0,0,0,0,0
177232619#1f,driving:osm_id:177232619,0,0,0,0,0
177232619#3f,driving:osm_id:177232619,0,0,0,0,0
177232619#6f,driving:osm_id:177232619,0,0,0,0,0
181479773#1f,driving:osm_id:181479773,0,0,0,0,0
200493424#2f,driving:osm_id:200493424,0,0,0,0,1
254596489#1f,driving:osm_id:254596489,-1,-2,-1,-1,-1
318654737#1f,driving:osm_id:318654737,0,1,1,1,1
423632277#2f,driving:osm_id:423632277,0,0,0,0,1
448285212#1f,driving:osm_id:448285212,0,-1,0,0,0
503434368#1f,driving:osm_id:503434368,0,1,1,1,2
503434368#2f,driving:osm_id:503434368,0,0,0,0,1
503434372#1f,driving:osm_id:503434372,0,0,0,0,0
503434372#3f,driving:osm_id:503434372,0,0,0,0,1
503462464#1f,driving:osm_id:503462464,0,0,0,0,1
503462464#2f,driving:osm_id:503462464,0,0,1,1,1
690915732#1f,driving:osm_id:690915732,0,0,0,0,0
840101178#1f,driving:osm_id:840101178,0,-2,-2,-2,-2
1079489488#1f,driving:osm_id:1079489488,0,0,0,0,1
1174006399#1f,driving:osm_id:1174006399,0,1,1,1,2
1202335429#2f,driving:osm_id:1202335429,0,1,1,1,1
1202747623#2f,driving:osm_id:1202747623,0,0,0,0,0
1442123927#1f,driving:osm_id:1442123927,0,0,0,0,1
1549110516#2f,driving:osm_id:1549110516,-1,-1,-1,-1,-1
4227164#2f,driving:osm_id:4227164,0,-1,-1,-1,0
4227208#2f,driving:osm_id:4227208,0,0,0,0,1
4227277#1f,driving:osm_id:4227277,0,0,0,-1,0
4227277#2f,driving:osm_id:4227277,0,-1,0,0,0
4229537#1f,driving:osm_id:4229537,0,0,0,0,0
4229537#2f,driving:osm_id:4229537,0,0,0,0,0
4229537#3f,driving:osm_id:4229537,0,0,0,0,0
4230085#1f,driving:osm_id:4230085,1,1,1,1,1
67923339#1f,driving:osm_id:67923339,0,1,1,1,1
67923339#2f,driving:osm_id:67923339,0,1,1,1,1
67923339#3f,driving:osm_id:67923339,0,1,1,1,1
68814581#1f,driving:osm_id:68814581,0,1,1,0,1
78141882#1f,driving:osm_id:78141882,0,1,1,1,1
78141882#2f,driving:osm_id:78141882,0,1,1,1,1
92627421#1f,driving:osm_id:92627421,-1,-1,-1,-1,-1
92627422#1f,driving:osm_id:92627422,0,-1,0,0,0
93137560#1f,driving:osm_id:93137560,0,1,1,1,1
93137560#2f,driving:osm_id:93137560,0,1,1,1,1
93137606#1f,driving:osm_id:93137606,1,0,1,0,1
158007925#1f,driving:osm_id:158007925,0,-1,0,0,0
158215184#2f,driving:osm_id:158215184,0,0,0,0,0
158215184#3f,driving:osm_id:158215184,0,0,0,0,0
158215184#4f,driving:osm_id:158215184,0,0,0,0,0
158215184#7f,driving:osm_id:158215184,0,0,0,0,1
161769679#2f,driving:osm_id:161769679,0,-1,-1,-1,-1
161769679#3f,driving:osm_id:161769679,0,-1,-1,-1,-1
161882795#1f,driving:osm_id:161882795,0,0,0,0,1
164338222#1f,driving:osm_id:164338222,0,-2,-1,-1,-1
164338222#2f,driving:osm_id:164338222,0,-1,-1,-1,-1
165636046#1f,driving:osm_id:165636046,0,0,0,0,1
165636046#2f,driving:osm_id:165636046,0,0,0,0,0
166399484#2f,driving:osm_id:166399484,0,1,1,1,1
166399487#3f,driving:osm_id:166399487,0,0,1,1,1
166399487#5f,driving:osm_id:166399487,0,1,1,1,1
166399487#6f,driving:osm_id:166399487,0,1,1,1,1
167625743#1f,driving:osm_id:167625743,0,0,0,0,0
176477340#1f,driving:osm_id:176477340,0,0,0,0,0
176477340#2f,driving:osm_id:176477340,0,0,0,0,1
176477340#3f,driving:osm_id:176477340,0,0,1,1,1
176776353#1f,driving:osm_id:176776353,0,0,0,0,0
176974531#1f,driving:osm_id:176974531,0,0,0,0,0
177045624#1f,driving:osm_id:177045624,0,0,0,0,0
177045627#1f,driving:osm_id:177045627,0,0,0,0,1
239592573#1f,driving:osm_id:239592573,-1,-1,-1,-1,0
278143579#2f,driving:osm_id:278143579,0,1,1,1,1
503090216#1f,driving:osm_id:503090216,0,1,2,0,2
503434354#1f,driving:osm_id:503434354,0,1,1,0,1
503434378#1f,driving:osm_id:503434378,0,0,0,0,1
503633034#2f,driving:osm_id:503633034,0,0,0,0,1
503633034#3f,driving:osm_id:503633034,0,1,1,0,1
503753417#1f,driving:osm_id:503753417,0,-1,-1,-1,0
503783369#1f,driving:osm_id:503783369,0,-1,1,1,1
690914538#1f,driving:osm_id:690914538,0,1,1,1,1
693487406#3f,driving:osm_id:693487406,0,0,0,0,0
731054118#3f,driving:osm_id:731054118,0,0,0,0,0
834616138#1f,driving:osm_id:834616138,0,0,0,0,0
849737729#1f,driving:osm_id:849737729,0,0,0,0,0
849737743#1f,driving:osm_id:849737743,0,1,1,1,1
849737743#2f,driving:osm_id:849737743,0,1,1,1,1
850261601#1f,driving:osm_id:850261601,0,-1,-1,-1,-1
850261601#3f,driving:osm_id:850261601,0,-1,-1,-1,-1
943188283#1f,driving:osm_id:943188283,0,1,1,1,1
1001561436#1f,driving:osm_id:1001561436,-1,0,0,0,0
1024523796#1f,driving:osm_id:1024523796,-1,-2,-2,-2,-2
1058067231#1f,driving:osm_id:1058067231,0,0,0,0,1
1079489484#1f,driving:osm_id:1079489484,0,0,0,0,0
1079489484#2f,driving:osm_id:1079489484,0,0,0,0,0
1099823017#1f,driving:osm_id:1099823017,0,0,0,0,0
1203522177#1f,driving:osm_id:1203522177,0,-1,-1,-1,-1
1233828725#2f,driving:osm_id:1233828725,0,-1,-1,-1,-1
1342546061#1f,driving:osm_id:1342546061,0,1,1,1,1
1342556412#1f,driving:osm_id:1342556412,0,0,0,0,0
1361686923#1f,driving:osm_id:1361686923,0,0,0,0,0
1428926465#1f,driving:osm_id:1428926465,0,0,0,0,1
1449972057#1f,driving:osm_id:1449972057,0,1,1,1,2
4227158#1f,driving:osm_id:4227158,0,1,1,1,1
4227158#2f,driving:osm_id:4227158,0,1,1,1,1
4230011#1f,driving:osm_id:4230011,0,0,0,0,0
4230011#2f,driving:osm_id:4230011,0,0,0,0,0
4230011#4f,driving:osm_id:4230011,0,0,0,0,0
4230011#5f,driving:osm_id:4230011,0,0,0,0,1
4230011#6f,driving:osm_id:4230011,0,0,0,0,1
4230118#2f,driving:osm_id:4230118,0,-1,-1,-1,0
24668173#1f,driving:osm_id:24668173,0,-1,-1,-2,-1
24668173#2f,driving:osm_id:24668173,0,-2,-1,-1,-1
25103757#1f,driving:osm_id:25103757,0,0,0,0,0
25103774#1f,driving:osm_id:25103774,0,0,0,0,0
25103774#2f,driving:osm_id:25103774,0,0,0,0,0
80378486#1f,driving:osm_id:80378486,-1,-1,-1,-2,-1
93091319#2f,driving:osm_id:93091319,0,-1,-1,-1,-1
93091319#3f,driving:osm_id:93091319,0,-1,-1,-1,-1
93137578#1f,driving:osm_id:93137578,0,1,1,1,1
93137578#2f,driving:osm_id:93137578,0,1,1,1,1
93209287#1f,driving:osm_id:93209287,1,0,0,0,1
156242237#1f,driving:osm_id:156242237,0,0,0,0,0
156242237#2f,driving:osm_id:156242237,0,0,0,-1,0
157719698#1f,driving:osm_id:157719698,0,0,0,0,1
157719698#2f,driving:osm_id:157719698,0,0,0,0,0
157719698#3f,driving:osm_id:157719698,0,0,0,-1,0
157719698#4f,driving:osm_id:157719698,0,-1,0,0,0
157719698#5f,driving:osm_id:157719698,0,0,0,0,0
157719701#1f,driving:osm_id:157719701,0,-1,-1,-1,-1
158007921#1f,driving:osm_id:158007921,0,0,0,-1,0
158189830#1f,driving:osm_id:158189830,0,0,0,0,0
158189830#2f,driving:osm_id:158189830,0,0,0,0,0
161733292#1f,driving:osm_id:161733292,0,-1,-1,-1,-1
161748261#3f,driving:osm_id:161748261,0,0,0,0,0
161748261#4f,driving:osm_id:161748261,0,0,0,0,0
161775592#1f,driving:osm_id:161775592,0,0,0,-1,0
161775592#2f,driving:osm_id:161775592,0,-1,-1,-1,0
161775592#4f,driving:osm_id:161775592,0,-1,-1,-1,0
164338247#1f,driving:osm_id:164338247,0,0,0,0,0
164338247#2f,driving:osm_id:164338247,0,0,0,0,0
164338247#3f,driving:osm_id:164338247,0,0,0,0,0
164338247#4f,driving:osm_id:164338247,0,0,0,0,0
166009795#1f,driving:osm_id:166009795,0,1,1,1,1
166399483#1f,driving:osm_id:166399483,-1,-1,-1,-1,-1
167625727#3f,driving:osm_id:167625727,0,-1,-1,-1,0
167625727#4f,driving:osm_id:167625727,0,-1,-1,-1,-1
167625727#5f,driving:osm_id:167625727,0,-1,-1,-1,-1
167625727#8f,driving:osm_id:167625727,0,-1,-1,-1,-1
167625727#10f,driving:osm_id:167625727,0,-1,-1,-1,-1
167625727#11f,driving:osm_id:167625727,0,-1,-1,-1,-1
167625727#13f,driving:osm_id:167625727,0,-1,-1,-1,-1
167625727#14f,driving:osm_id:167625727,0,-1,-1,-1,-1
167625727#15f,driving:osm_id:167625727,0,-1,-1,-1,-1
167625727#17f,driving:osm_id:167625727,0,-1,-1,-1,-1
167625727#18f,driving:osm_id:167625727,0,-1,-1,-1,-1
167625727#21f,driving:osm_id:167625727,0,-1,-1,-1,-1
167625727#22f,driving:osm_id:167625727,0,-1,-1,-2,-1
168890943#1f,driving:osm_id:168890943,0,1,1,1,2
168890943#3f,driving:osm_id:168890943,0,1,1,1,2
168890943#4f,driving:osm_id:168890943,0,1,1,1,2
176086161#1f,driving:osm_id:176086161,0,0,0,0,0
176086161#2f,driving:osm_id:176086161,0,0,0,0,1
176333304#1f,driving:osm_id:176333304,0,1,1,1,2
176333304#2f,driving:osm_id:176333304,0,1,1,1,2
176333304#3f,driving:osm_id:176333304,0,1,1,1,2
176334445#1f,driving:osm_id:176334445,0,0,0,0,1
176334445#2f,driving:osm_id:176334445,0,0,0,0,1
177052168#1f,driving:osm_id:177052168,0,0,0,0,0
177396046#1f,driving:osm_id:177396046,0,-1,-1,-2,-1
182700007#1f,driving:osm_id:182700007,0,0,0,0,0
200499288#2f,driving:osm_id:200499288,0,0,0,0,0
200507666#1f,driving:osm_id:200507666,0,1,1,1,1
226201294#1f,driving:osm_id:226201294,0,0,0,0,0
254596488#1f,driving:osm_id:254596488,0,-1,1,1,1
334368566#1f,driving:osm_id:334368566,0,0,0,0,0
334368566#2f,driving:osm_id:334368566,0,0,0,0,0
353889381#1f,driving:osm_id:353889381,1,1,1,1,2
463430038#1f,driving:osm_id:463430038,0,1,1,0,1
503813544#1f,driving:osm_id:503813544,0,-1,-1,-1,0
572941874#1f,driving:osm_id:572941874,0,-1,-1,-1,-1
572941874#2f,driving:osm_id:572941874,0,-1,-1,-1,-1
572941874#3f,driving:osm_id:572941874,0,-1,-1,-1,-1
572941874#4f,driving:osm_id:572941874,0,-1,-1,-1,-1
586508238#2f,driving:osm_id:586508238,0,-1,-1,-1,-1
688731299#1f,driving:osm_id:688731299,0,1,1,1,1
688731299#3f,driving:osm_id:688731299,0,0,1,0,1
688744015#2f,driving:osm_id:688744015,0,0,0,0,0
690914541#1f,driving:osm_id:690914541,0,1,1,1,1
779793204#1f,driving:osm_id:779793204,0,0,0,0,0
788626643#1f,driving:osm_id:788626643,0,0,0,0,2
809470168#1f,driving:osm_id:809470168,0,0,0,0,1
809470168#2f,driving:osm_id:809470168,0,0,1,0,1
809470168#3f,driving:osm_id:809470168,0,0,0,0,0
943330854#1f,driving:osm_id:943330854,0,0,0,0,0
981971425#1f,driving:osm_id:981971425,0,0,0,0,0
1086377398#1f,driving:osm_id:1086377398,0,0,0,0,0
1202361416#1f,driving:osm_id:1202361416,0,-1,-1,-1,-1
1202361416#2f,driving:osm_id:1202361416,0,-1,-1,-1,-1
1212029941#1f,driving:osm_id:1212029941,0,0,0,0,0
1283578082#1f,driving:osm_id:1283578082,0,0,0,0,0
1283578082#2f,driving:osm_id:1283578082,0,0,0,0,0
1283578083#1f,driving:osm_id:1283578083,0,0,0,0,0
1410590319#1f,driving:osm_id:1410590319,0,1,1,1,2
1449972072#1f,driving:osm_id:1449972072,0,1,1,1,1
1449972072#2f,driving:osm_id:1449972072,0,1,1,1,1
1488095482#1f,driving:osm_id:1488095482,0,0,0,0,0
1549110518#1f,driving:osm_id:1549110518,1,1,1,1,1
4226740#1f,driving:osm_id:4226740,0,1,1,0,1
4227164#1f,driving:osm_id:4227164,0,0,0,0,0
4227208#1f,driving:osm_id:4227208,0,1,1,0,1
4227233#1f,driving:osm_id:4227233,0,-1,-1,-1,0
25103769#1f,driving:osm_id:25103769,0,-1,-1,-1,1
92627422#2f,driving:osm_id:92627422,0,0,0,0,0
94399600#1f,driving:osm_id:94399600,0,1,1,1,1
120114107#1f,driving:osm_id:120114107,-1,-1,-1,-1,-1
158215184#1f,driving:osm_id:158215184,0,0,0,0,0
158215184#5f,driving:osm_id:158215184,0,0,0,0,0
158215184#6f,driving:osm_id:158215184,0,0,0,0,1
161769679#1f,driving:osm_id:161769679,0,-1,-1,-1,-1
161882795#2f,driving:osm_id:161882795,0,1,1,1,1
165636046#3f,driving:osm_id:165636046,0,0,0,0,0
165636046#4f,driving:osm_id:165636046,0,0,0,0,0
166399484#1f,driving:osm_id:166399484,0,1,1,1,1
166399487#1f,driving:osm_id:166399487,0,1,1,1,1
166399487#2f,driving:osm_id:166399487,0,1,1,0,1
166399487#4f,driving:osm_id:166399487,0,1,1,1,1
176974531#2f,driving:osm_id:176974531,0,0,0,0,0
212764302#1f,driving:osm_id:212764302,0,0,0,0,0
239592573#2f,driving:osm_id:239592573,-1,-1,0,-1,0
278143579#1f,driving:osm_id:278143579,0,1,1,1,1
278143579#3f,driving:osm_id:278143579,0,1,1,1,1
322963972#1f,driving:osm_id:322963972,0,0,0,0,0
322963972#2f,driving:osm_id:322963972,0,0,0,0,0
322963972#3f,driving:osm_id:322963972,0,0,0,0,0
322963972#4f,driving:osm_id:322963972,0,0,0,0,0
446540017#1f,driving:osm_id:446540017,0,0,0,0,0
503090215#1f,driving:osm_id:503090215,0,0,0,0,0
503633034#1f,driving:osm_id:503633034,0,1,1,0,1
503783368#1f,driving:osm_id:503783368,1,1,2,2,2
693487406#1f,driving:osm_id:693487406,0,0,0,0,0
693487406#2f,driving:osm_id:693487406,0,0,0,0,0
693487406#4f,driving:osm_id:693487406,0,0,0,0,0
718024894#1f,driving:osm_id:718024894,0,-1,-1,-1,0
731054118#1f,driving:osm_id:731054118,0,0,0,0,0
731054118#2f,driving:osm_id:731054118,0,0,0,0,0
834616138#2f,driving:osm_id:834616138,0,0,0,0,0
850261601#2f,driving:osm_id:850261601,0,-1,-1,-1,-1
952419570#1f,driving:osm_id:952419570,0,-1,-1,-1,-1
952419571#1f,driving:osm_id:952419571,0,-2,-2,-2,-1
982061461#1f,driving:osm_id:982061461,0,-1,-1,-1,0
1203755548#1f,driving:osm_id:1203755548,0,0,0,0,0
1233828725#1f,driving:osm_id:1233828725,0,-1,-1,-1,-1
1342556412#2f,driving:osm_id:1342556412,0,0,0,0,0
1342556412#3f,driving:osm_id:1342556412,0,0,0,0,0
1410590317#1f,driving:osm_id:1410590317,0,1,1,1,1
4230011#3f,driving:osm_id:4230011,0,0,0,0,0
4230011#7f,driving:osm_id:4230011,0,0,0,0,0
4230118#1f,driving:osm_id:4230118,0,0,0,0,0
25103757#2f,driving:osm_id:25103757,0,0,0,0,0
93091319#1f,driving:osm_id:93091319,0,-1,-1,-1,-1
93207287#1f,driving:osm_id:93207287,0,-2,-2,-2,-2
120062666#1f,driving:osm_id:120062666,-1,-2,-2,-2,-2
161748261#1f,driving:osm_id:161748261,0,0,0,0,0
161748261#2f,driving:osm_id:161748261,0,0,0,0,0
161775592#3f,driving:osm_id:161775592,0,-1,-1,-1,0
164338247#5f,driving:osm_id:164338247,0,0,0,0,0
167625727#1f,driving:osm_id:167625727,0,0,0,0,0
167625727#2f,driving:osm_id:167625727,0,-1,-1,-1,0
167625727#6f,driving:osm_id:167625727,0,-1,-1,-1,-1
167625727#7f,driving:osm_id:167625727,0,-1,-1,-1,-1
167625727#9f,driving:osm_id:167625727,0,-1,-1,-1,-1
167625727#12f,driving:osm_id:167625727,0,-1,-1,-1,-1
167625727#16f,driving:osm_id:167625727,0,-1,-1,-1,-1
167625727#19f,driving:osm_id:167625727,0,-1,-1,-1,-1
167625727#20f,driving:osm_id:167625727,0,-1,-1,-1,-1
168890943#2f,driving:osm_id:168890943,0,1,2,2,2
176333304#4f,driving:osm_id:176333304,0,1,1,1,2
176334445#3f,driving:osm_id:176334445,0,0,0,0,1
176337648#1f,driving:osm_id:176337648,0,0,0,0,0
200499288#1f,driving:osm_id:200499288,0,-1,0,0,0
586508238#1f,driving:osm_id:586508238,0,-1,-1,-1,-1
688731299#2f,driving:osm_id:688731299,0,1,1,0,1
688731299#4f,driving:osm_id:688731299,0,0,1,1,1
688731299#5f,driving:osm_id:688731299,0,0,0,0,1
688744015#1f,driving:osm_id:688744015,0,0,0,0,0
981971425#2f,driving:osm_id:981971425,0,0,0,0,0
1008869954#1f,driving:osm_id:1008869954,0,0,0,0,0
1024523794#1f,driving:osm_id:1024523794,-1,-2,-2,-2,-2
1086377398#2f,driving:osm_id:1086377398,0,0,0,0,0
1148675745#1f,driving:osm_id:1148675745,0,0,0,0,0
1148675745#2f,driving:osm_id:1148675745,0,-1,-1,-1,1
1365209993#1f,driving:osm_id:1365209993,0,-2,-2,-2,-2
1449972054#1f,driving:osm_id:1449972054,0,1,1,1,2
1449972055#1f,driving:osm_id:1449972055,0,1,1,1,1
1449972058#1f,driving:osm_id:1449972058,0,1,2,1,2
4098197#2f,driving:osm_id:4098197,0,0,0,0,0
4098197#3f,driving:osm_id:4098197,0,0,0,0,0
4224972#1f,driving:osm_id:4224972,0,0,0,0,0
4224972#2f,driving:osm_id:4224972,0,0,0,0,0
4227212#1f,driving:osm_id:4227212,0,0,0,0,1
4227212#2f,driving:osm_id:4227212,0,0,1,1,1
4227242#1f,driving:osm_id:4227242,0,-1,0,0,0
4230097#1f,driving:osm_id:4230097,0,0,0,0,0
4230097#3f,driving:osm_id:4230097,0,0,0,0,0
4230186#1f,driving:osm_id:4230186,0,0,0,0,0
4230186#2f,driving:osm_id:4230186,0,0,0,-1,0
4230186#3f,driving:osm_id:4230186,0,-1,-1,-1,0
4230187#1f,driving:osm_id:4230187,0,0,0,0,0
4230187#3f,driving:osm_id:4230187,0,-1,-1,-1,0
4230187#5f,driving:osm_id:4230187,0,0,0,0,0
24672709#1f,driving:osm_id:24672709,0,-1,-1,-1,-1
39839531#1f,driving:osm_id:39839531,0,1,1,0,1
39839531#2f,driving:osm_id:39839531,0,0,0,0,1
39839531#3f,driving:osm_id:39839531,0,0,0,0,1
39839531#4f,driving:osm_id:39839531,0,0,0,0,1
78147639#1f,driving:osm_id:78147639,0,-1,-1,-1,0
78147639#2f,driving:osm_id:78147639,0,0,0,0,1
80377817#1f,driving:osm_id:80377817,-1,-1,-1,-2,-1
80377817#2f,driving:osm_id:80377817,-1,-2,-2,-2,-1
93091318#1f,driving:osm_id:93091318,0,-1,-1,-1,0
93091321#1f,driving:osm_id:93091321,-1,-1,-1,-1,-1
93137615#2f,driving:osm_id:93137615,0,0,0,0,0
93137615#4f,driving:osm_id:93137615,0,0,0,0,0
93137615#5f,driving:osm_id:93137615,0,0,0,0,0
120062664#1f,driving:osm_id:120062664,0,-1,-1,-2,-1
156780348#1f,driving:osm_id:156780348,0,0,0,0,0
157719649#2f,driving:osm_id:157719649,0,1,1,0,1
157719649#4f,driving:osm_id:157719649,0,-1,-1,-1,0
159170540#1f,driving:osm_id:159170540,0,0,0,0,0
161629440#1f,driving:osm_id:161629440,1,1,1,1,1
164338225#1f,driving:osm_id:164338225,0,-2,-2,-2,-2
165636047#1f,driving:osm_id:165636047,0,-1,-1,-1,0
165636047#3f,driving:osm_id:165636047,0,0,0,0,0
165636047#4f,driving:osm_id:165636047,0,-1,-1,-1,0
166149571#1f,driving:osm_id:166149571,0,1,1,1,1
166149571#3f,driving:osm_id:166149571,0,0,0,0,1
166399498#1f,driving:osm_id:166399498,0,0,1,1,1
176130562#1f,driving:osm_id:176130562,0,0,0,0,1
176130562#2f,driving:osm_id:176130562,0,1,1,0,1
176334442#1f,driving:osm_id:176334442,0,0,0,0,0
176334442#2f,driving:osm_id:176334442,0,0,0,0,0
176336376#1f,driving:osm_id:176336376,0,-1,-1,-1,0
176336376#3f,driving:osm_id:176336376,0,-1,0,0,0
176336376#4f,driving:osm_id:176336376,0,0,0,0,0
176760116#1f,driving:osm_id:176760116,0,1,1,1,1
176760116#2f,driving:osm_id:176760116,0,1,1,1,1
176800137#1f,driving:osm_id:176800137,0,0,0,0,0
177425460#1f,driving:osm_id:177425460,0,-2,0,-1,0
177587135#1f,driving:osm_id:177587135,0,1,1,1,1
257071645#1f,driving:osm_id:257071645,0,0,0,0,0
261740026#1f,driving:osm_id:261740026,0,1,1,1,1
261740026#2f,driving:osm_id:261740026,0,1,1,1,1
423652238#1f,driving:osm_id:423652238,0,0,0,0,1
503434401#1f,driving:osm_id:503434401,0,0,0,0,0
503462472#2f,driving:osm_id:503462472,0,0,0,0,2
503462472#4f,driving:osm_id:503462472,0,1,1,1,2
503813540#1f,driving:osm_id:503813540,0,0,0,0,1
586508235#1f,driving:osm_id:586508235,0,-1,-1,-1,-1
624357053#1f,driving:osm_id:624357053,0,0,0,0,1
664388472#1f,driving:osm_id:664388472,0,1,1,1,1
688731312#2f,driving:osm_id:688731312,0,0,0,0,0
690642687#1f,driving:osm_id:690642687,0,0,0,0,0
720165108#2f,driving:osm_id:720165108,0,-1,-1,-1,-1
720165108#3f,driving:osm_id:720165108,0,-1,-1,-1,-1
850261577#1f,driving:osm_id:850261577,0,1,1,1,1
850261577#2f,driving:osm_id:850261577,0,1,1,1,1
850261602#4f,driving:osm_id:850261602,0,-1,-1,-1,-1
850261602#5f,driving:osm_id:850261602,0,-1,-1,-1,-1
850261602#6f,driving:osm_id:850261602,0,-1,-1,-1,-1
850261602#7f,driving:osm_id:850261602,0,-1,-1,-1,-1
941748458#1f,driving:osm_id:941748458,0,0,0,0,1
943330853#1f,driving:osm_id:943330853,0,0,0,0,0
952419569#1f,driving:osm_id:952419569,0,-2,-2,-2,-1
1019174508#1f,driving:osm_id:1019174508,0,0,1,0,1
1019174508#2f,driving:osm_id:1019174508,0,0,0,0,1
1019174508#3f,driving:osm_id:1019174508,0,1,1,1,1
1019174508#4f,driving:osm_id:1019174508,0,0,0,0,1
1024523795#1f,driving:osm_id:1024523795,-1,-2,-2,-2,-2
1233853668#1f,driving:osm_id:1233853668,0,1,1,1,2
1233853668#2f,driving:osm_id:1233853668,0,1,1,1,2
1327492338#1f,driving:osm_id:1327492338,-1,-2,-2,-2,-2
1327492340#1f,driving:osm_id:1327492340,0,-1,-1,-1,-1
1327492345#1f,driving:osm_id:1327492345,-1,-1,-1,-1,-1
1327492347#1f,driving:osm_id:1327492347,-1,-1,-1,-1,-1
1388331350#3f,driving:osm_id:1388331350,0,1,1,1,1
1444437334#1f,driving:osm_id:1444437334,0,0,0,0,2
1449972059#1f,driving:osm_id:1449972059,0,1,1,1,1
4097656#1f,driving:osm_id:4097656,0,1,1,1,2
4097656#4f,driving:osm_id:4097656,0,0,1,1,1
4097656#5f,driving:osm_id:4097656,0,-1,-1,-1,1
4230044#1f,driving:osm_id:4230044,0,1,1,1,1
4230044#2f,driving:osm_id:4230044,0,1,1,1,1
4230114#2f,driving:osm_id:4230114,0,1,1,1,1
4230114#3f,driving:osm_id:4230114,0,1,1,1,1
25082741#1f,driving:osm_id:25082741,0,1,1,1,2
25082741#2f,driving:osm_id:25082741,0,2,2,2,2
25082741#3f,driving:osm_id:25082741,0,2,2,1,2
25082741#4f,driving:osm_id:25082741,0,1,1,1,2
92627418#1f,driving:osm_id:92627418,-1,-1,-1,-1,-1
106705725#1f,driving:osm_id:106705725,0,1,2,2,2
120113156#2f,driving:osm_id:120113156,1,-1,-1,-1,0
157719644#1f,driving:osm_id:157719644,0,1,1,1,1
157719644#2f,driving:osm_id:157719644,0,0,0,0,1
157719644#3f,driving:osm_id:157719644,0,0,1,0,1
161775593#2f,driving:osm_id:161775593,0,1,1,1,2
161882796#1f,driving:osm_id:161882796,0,-1,-1,-1,0
161882796#2f,driving:osm_id:161882796,0,-1,-1,-1,0
161882796#3f,driving:osm_id:161882796,0,0,0,0,0
161882802#1f,driving:osm_id:161882802,0,1,1,0,1
161887490#1f,driving:osm_id:161887490,0,-1,-1,-1,-1
161887490#2f,driving:osm_id:161887490,0,-1,-1,-1,-1
164338242#1f,driving:osm_id:164338242,0,0,0,0,0
164338242#2f,driving:osm_id:164338242,0,0,0,0,0
166399501#1f,driving:osm_id:166399501,0,0,0,0,0
166399501#2f,driving:osm_id:166399501,0,0,0,0,0
166399501#3f,driving:osm_id:166399501,0,-1,-1,-1,0
166399501#4f,driving:osm_id:166399501,0,-1,0,0,0
166643410#1f,driving:osm_id:166643410,-1,-1,-1,-1,-1
166856355#1f,driving:osm_id:166856355,-1,-1,-1,-1,-1
176774263#1f,driving:osm_id:176774263,0,0,0,0,0
176774263#2f,driving:osm_id:176774263,0,0,0,0,0
176774263#3f,driving:osm_id:176774263,0,0,0,0,0
181479771#2f,driving:osm_id:181479771,0,1,1,1,2
181479771#3f,driving:osm_id:181479771,0,1,2,1,2
181479771#4f,driving:osm_id:181479771,0,1,1,1,2
181479771#6f,driving:osm_id:181479771,0,1,1,0,1
181479771#7f,driving:osm_id:181479771,0,0,1,0,1
353889282#1f,driving:osm_id:353889282,0,0,0,0,1
353889282#2f,driving:osm_id:353889282,0,0,0,0,2
446530365#2f,driving:osm_id:446530365,0,-1,0,-1,0
446530365#3f,driving:osm_id:446530365,0,-1,-1,-1,0
446530365#4f,driving:osm_id:446530365,0,0,0,0,0
503475647#1f,driving:osm_id:503475647,0,0,0,0,0
503475647#2f,driving:osm_id:503475647,0,0,0,0,0
503783374#1f,driving:osm_id:503783374,0,0,0,0,0
688744016#1f,driving:osm_id:688744016,-1,0,0,0,0
778494662#1f,driving:osm_id:778494662,0,0,0,0,0
792884355#3f,driving:osm_id:792884355,0,0,0,-1,0
834313093#1f,driving:osm_id:834313093,0,0,0,0,0
834313093#3f,driving:osm_id:834313093,0,0,0,0,0
863835496#1f,driving:osm_id:863835496,0,0,0,0,0
863835496#2f,driving:osm_id:863835496,0,0,0,0,0
1081601380#1f,driving:osm_id:1081601380,0,0,0,0,0
1081601380#2f,driving:osm_id:1081601380,0,0,0,0,0
1099877048#1f,driving:osm_id:1099877048,0,-1,-1,-1,0
1131276186#1f,driving:osm_id:1131276186,-1,-1,-1,-1,0
1233828726#1f,driving:osm_id:1233828726,0,1,1,1,2
1388331343#1f,driving:osm_id:1388331343,0,1,1,1,2
1388331343#2f,driving:osm_id:1388331343,0,2,2,2,2
1388331343#3f,driving:osm_id:1388331343,0,1,1,1,2
1388331346#1f,driving:osm_id:1388331346,0,1,1,1,2
1410590314#1f,driving:osm_id:1410590314,0,1,1,1,1
1428926458#1f,driving:osm_id:1428926458,0,1,1,1,1
1449972061#1f,driving:osm_id:1449972061,0,1,1,1,1
1449981121#1f,driving:osm_id:1449981121,0,0,0,0,0
1451606759#1f,driving:osm_id:1451606759,0,1,1,1,1
1452634279#1f,driving:osm_id:1452634279,0,-1,-1,-1,0
1453165194#1f,driving:osm_id:1453165194,-1,0,0,0,0
1453165194#2f,driving:osm_id:1453165194,-1,0,0,0,0
1470365904#1f,driving:osm_id:1470365904,-1,-2,-2,-2,0
4098197#1f,driving:osm_id:4098197,0,0,0,0,0
4098197#4f,driving:osm_id:4098197,0,0,0,0,0
4230097#2f,driving:osm_id:4230097,0,0,0,0,0
4230186#4f,driving:osm_id:4230186,0,0,0,0,0
4230187#2f,driving:osm_id:4230187,0,0,0,-1,0
4230187#4f,driving:osm_id:4230187,0,0,0,0,0
39839531#5f,driving:osm_id:39839531,0,0,0,0,0
93137615#1f,driving:osm_id:93137615,0,0,0,0,0
93137615#3f,driving:osm_id:93137615,0,0,0,0,0
120062662#1f,driving:osm_id:120062662,-1,-2,-2,-2,-2
157719649#1f,driving:osm_id:157719649,0,1,1,1,1
157719649#3f,driving:osm_id:157719649,0,0,0,0,1
157719649#5f,driving:osm_id:157719649,0,-1,0,0,0
157719649#6f,driving:osm_id:157719649,0,0,0,0,0
160004398#1f,driving:osm_id:160004398,-1,-1,-1,-1,-1
161752641#1f,driving:osm_id:161752641,0,0,0,0,0
164338237#1f,driving:osm_id:164338237,0,0,0,0,0
165636047#2f,driving:osm_id:165636047,0,0,0,0,0
166149571#2f,driving:osm_id:166149571,0,0,0,0,1
176336376#2f,driving:osm_id:176336376,0,-1,-1,-1,0
176760116#3f,driving:osm_id:176760116,0,1,1,1,1
182700195#1f,driving:osm_id:182700195,0,1,1,1,2
182700195#2f,driving:osm_id:182700195,0,1,1,1,1
348748065#1f,driving:osm_id:348748065,0,1,1,1,1
348748065#2f,driving:osm_id:348748065,0,1,1,1,1
503462471#1f,driving:osm_id:503462471,0,1,1,1,2
503462472#1f,driving:osm_id:503462472,0,0,0,0,2
503462472#3f,driving:osm_id:503462472,0,1,1,1,2
503550460#1f,driving:osm_id:503550460,0,0,0,0,0
586508235#2f,driving:osm_id:586508235,0,-1,-1,-1,-1
688731312#1f,driving:osm_id:688731312,0,0,0,0,0
694608614#1f,driving:osm_id:694608614,0,0,0,0,1
720165108#1f,driving:osm_id:720165108,0,-1,-1,-1,-1
835609340#1f,driving:osm_id:835609340,0,0,0,0,0
835609340#2f,driving:osm_id:835609340,0,0,0,0,0
850261602#1f,driving:osm_id:850261602,0,-1,-1,-1,-1
850261602#2f,driving:osm_id:850261602,0,-1,-1,-1,-1
850261602#3f,driving:osm_id:850261602,0,-1,-1,-1,-1
851792659#1f,driving:osm_id:851792659,0,0,0,0,0
943191877#1f,driving:osm_id:943191877,0,2,2,2,2
1233853668#3f,driving:osm_id:1233853668,0,1,1,1,2
1388331350#1f,driving:osm_id:1388331350,0,1,1,1,1
1388331350#2f,driving:osm_id:1388331350,0,1,1,1,1
4097656#2f,driving:osm_id:4097656,0,0,0,0,1
4097656#3f,driving:osm_id:4097656,0,0,0,0,1
4230114#1f,driving:osm_id:4230114,0,0,1,1,1
25082741#5f,driving:osm_id:25082741,0,1,1,0,1
25082741#6f,driving:osm_id:25082741,0,0,0,0,1
68814587#1f,driving:osm_id:68814587,0,0,0,0,0
78147640#1f,driving:osm_id:78147640,-1,-1,-1,-1,-1
106705725#2f,driving:osm_id:106705725,0,2,2,2,2
120113156#1f,driving:osm_id:120113156,1,-2,0,0,0
161775593#1f,driving:osm_id:161775593,0,1,1,1,1
166399501#5f,driving:osm_id:166399501,0,0,0,0,0
168681959#1f,driving:osm_id:168681959,0,1,1,1,1
172533153#1f,driving:osm_id:172533153,0,-1,-1,-1,-1
172533153#2f,driving:osm_id:172533153,0,-1,-1,-1,-1
176800018#1f,driving:osm_id:176800018,0,-1,-1,-1,-1
181479771#1f,driving:osm_id:181479771,0,2,2,2,2
181479771#5f,driving:osm_id:181479771,0,1,1,1,1
214635479#1f,driving:osm_id:214635479,0,1,1,1,1
297420990#1f,driving:osm_id:297420990,0,-1,-1,-1,-1
446530365#1f,driving:osm_id:446530365,0,-1,-1,-1,0
448286547#1f,driving:osm_id:448286547,0,1,1,0,1
501241476#1f,driving:osm_id:501241476,0,1,1,1,1
501241476#2f,driving:osm_id:501241476,0,1,1,1,1
503783375#1f,driving:osm_id:503783375,0,1,1,1,1
503813537#1f,driving:osm_id:503813537,0,0,0,0,0
690653920#1f,driving:osm_id:690653920,0,-2,-2,-2,-2
690653920#2f,driving:osm_id:690653920,0,-2,-2,-2,-2
792884355#1f,driving:osm_id:792884355,0,0,0,0,0
792884355#2f,driving:osm_id:792884355,0,0,0,0,0
834313093#2f,driving:osm_id:834313093,0,0,0,0,0
834313093#4f,driving:osm_id:834313093,0,0,0,0,0
899409585#1f,driving:osm_id:899409585,0,0,0,0,0
1079489486#1f,driving:osm_id:1079489486,0,0,0,0,0
1079489487#1f,driving:osm_id:1079489487,0,0,0,0,1
1081601380#3f,driving:osm_id:1081601380,0,0,0,0,0
1099877048#2f,driving:osm_id:1099877048,0,-1,0,0,0
1276784167#1f,driving:osm_id:1276784167,0,1,1,1,1
4230009#1f,driving:osm_id:4230009,0,0,0,0,1
8135891#1f,driving:osm_id:8135891,0,-1,-1,-1,-1
8135891#3f,driving:osm_id:8135891,0,-1,-1,-1,-1
33749607#1f,driving:osm_id:33749607,0,-1,-1,-1,-1
33749607#2f,driving:osm_id:33749607,0,-1,-1,-1,-1
78141881#1f,driving:osm_id:78141881,-1,-2,-2,-2,-2
92627403#1f,driving:osm_id:92627403,0,-1,0,-1,0
93137558#2f,driving:osm_id:93137558,0,0,0,0,1
93137558#3f,driving:osm_id:93137558,0,0,0,0,1
93137558#4f,driving:osm_id:93137558,0,1,1,0,1
94399437#1f,driving:osm_id:94399437,0,1,1,0,1
94399437#3f,driving:osm_id:94399437,0,1,1,1,1
94399437#4f,driving:osm_id:94399437,0,1,1,1,1
120062272#1f,driving:osm_id:120062272,-1,-1,-1,-1,-1
128273231#1f,driving:osm_id:128273231,-1,0,0,0,0
150050283#1f,driving:osm_id:150050283,0,-1,-1,-1,-1
150050283#2f,driving:osm_id:150050283,0,-1,-1,-1,-1
150050283#3f,driving:osm_id:150050283,0,-1,-1,-1,-1
155085121#1f,driving:osm_id:155085121,0,0,0,0,0
155085121#3f,driving:osm_id:155085121,0,0,0,0,0
155085121#4f,driving:osm_id:155085121,0,0,0,0,0
155085121#5f,driving:osm_id:155085121,0,0,0,0,0
157719669#2f,driving:osm_id:157719669,0,-1,0,-1,0
157719669#3f,driving:osm_id:157719669,0,-1,0,0,0
158189815#1f,driving:osm_id:158189815,0,0,1,1,1
159170492#2f,driving:osm_id:159170492,0,1,1,1,1
159170492#3f,driving:osm_id:159170492,0,1,1,1,1
161887492#2f,driving:osm_id:161887492,0,-1,-1,-1,-1
161887494#1f,driving:osm_id:161887494,0,-1,-1,-1,-1
166009794#1f,driving:osm_id:166009794,0,0,0,0,0
166009794#2f,driving:osm_id:166009794,0,0,0,0,0
166009794#3f,driving:osm_id:166009794,0,0,0,0,0
166009794#4f,driving:osm_id:166009794,0,0,0,0,0
166856356#1f,driving:osm_id:166856356,0,-1,-1,-1,-1
167625737#4f,driving:osm_id:167625737,0,0,0,0,0
167625740#1f,driving:osm_id:167625740,0,0,0,0,0
167625740#2f,driving:osm_id:167625740,0,0,0,0,0
167625740#3f,driving:osm_id:167625740,0,0,0,0,0
167625750#1f,driving:osm_id:167625750,0,-1,0,0,0
176293207#1f,driving:osm_id:176293207,0,-1,-1,-1,0
176321050#2f,driving:osm_id:176321050,0,0,0,0,1
176321050#3f,driving:osm_id:176321050,0,1,1,1,1
176337638#2f,driving:osm_id:176337638,0,1,1,1,1
176776331#1f,driving:osm_id:176776331,0,0,0,0,0
176776331#2f,driving:osm_id:176776331,0,0,0,-1,0
176776331#3f,driving:osm_id:176776331,0,-1,-1,-1,-1
176776331#4f,driving:osm_id:176776331,0,-1,-1,-1,-1
176776331#6f,driving:osm_id:176776331,0,-1,-1,-1,-1
176776331#7f,driving:osm_id:176776331,0,-1,-1,-1,-1
177590092#1f,driving:osm_id:177590092,-1,-1,-1,-1,-1
182700005#1f,driving:osm_id:182700005,0,0,0,0,0
262902069#1f,driving:osm_id:262902069,0,0,0,-1,0
353889165#1f,driving:osm_id:353889165,1,0,1,1,1
353889272#1f,driving:osm_id:353889272,0,-1,1,0,1
353889390#1f,driving:osm_id:353889390,0,0,0,0,1
423632269#1f,driving:osm_id:423632269,0,-1,1,0,1
503434355#1f,driving:osm_id:503434355,0,0,0,0,1
503633033#1f,driving:osm_id:503633033,0,0,0,0,1
686878366#1f,driving:osm_id:686878366,0,0,0,0,2
690653921#2f,driving:osm_id:690653921,0,-2,-2,-2,0
694608615#1f,driving:osm_id:694608615,0,0,0,0,1
804900034#1f,driving:osm_id:804900034,0,0,0,0,1
809470170#1f,driving:osm_id:809470170,0,0,0,0,0
809470170#2f,driving:osm_id:809470170,0,0,0,0,0
834185365#1f,driving:osm_id:834185365,0,0,0,0,0
850261612#2f,driving:osm_id:850261612,0,1,1,1,1
850261612#3f,driving:osm_id:850261612,0,1,1,1,1
851792666#1f,driving:osm_id:851792666,0,1,1,1,1
952419572#1f,driving:osm_id:952419572,0,0,0,0,1
1000930351#2f,driving:osm_id:1000930351,0,-1,-1,-1,-1
1000930351#3f,driving:osm_id:1000930351,0,-1,-1,-1,-1
1086377394#1f,driving:osm_id:1086377394,0,1,1,1,1
1212029943#1f,driving:osm_id:1212029943,0,0,0,0,0
1326369794#1f,driving:osm_id:1326369794,0,0,0,0,0
1365041529#1f,driving:osm_id:1365041529,0,0,0,0,0
1388331345#1f,driving:osm_id:1388331345,0,1,1,1,2
4229298#1f,driving:osm_id:4229298,0,-1,-1,-1,-1
4229298#2f,driving:osm_id:4229298,0,-1,-1,-1,-1
4229298#3f,driving:osm_id:4229298,0,-1,-1,-1,-1
4230006#3f,driving:osm_id:4230006,0,0,0,0,1
4230007#1f,driving:osm_id:4230007,0,0,0,0,0
4230007#2f,driving:osm_id:4230007,0,0,0,0,0
4230100#1f,driving:osm_id:4230100,0,0,0,0,0
8135845#1f,driving:osm_id:8135845,0,1,2,1,2
80378487#1f,driving:osm_id:80378487,-1,-1,-1,-1,-1
92627414#2f,driving:osm_id:92627414,0,0,0,0,0
93091317#1f,driving:osm_id:93091317,0,-1,0,0,0
128273234#1f,driving:osm_id:128273234,0,0,0,0,1
128273234#2f,driving:osm_id:128273234,0,1,1,1,1
158189831#1f,driving:osm_id:158189831,0,0,0,0,0
158189831#2f,driving:osm_id:158189831,0,0,0,0,0
158189831#3f,driving:osm_id:158189831,0,0,0,0,0
158215196#1f,driving:osm_id:158215196,-1,-1,-1,-2,-1
158215196#2f,driving:osm_id:158215196,-1,-2,-1,-1,-1
159170479#1f,driving:osm_id:159170479,0,0,0,0,0
159170479#2f,driving:osm_id:159170479,0,0,0,0,0
159170479#3f,driving:osm_id:159170479,0,0,0,0,0
161882794#1f,driving:osm_id:161882794,0,-1,1,1,1
161887489#1f,driving:osm_id:161887489,0,-1,-1,-1,-1
166399486#1f,driving:osm_id:166399486,0,0,0,0,1
166399486#2f,driving:osm_id:166399486,0,0,0,0,0
177396440#1f,driving:osm_id:177396440,0,-1,-1,-1,-1
177590090#1f,driving:osm_id:177590090,-1,-1,-1,-1,0
177590090#2f,driving:osm_id:177590090,-1,-1,-1,-1,-1
182692348#1f,driving:osm_id:182692348,0,1,1,1,2
182692348#2f,driving:osm_id:182692348,0,1,1,1,2
196538402#1f,driving:osm_id:196538402,0,-1,0,-1,0
201011053#2f,driving:osm_id:201011053,0,-1,-1,-1,1
334365244#1f,driving:osm_id:334365244,0,-1,-1,-1,-1
336130958#1f,driving:osm_id:336130958,0,1,1,1,1
446530366#1f,driving:osm_id:446530366,0,-1,0,0,0
448186736#1f,driving:osm_id:448186736,0,1,1,1,1
448186736#2f,driving:osm_id:448186736,0,1,1,1,1
448186736#3f,driving:osm_id:448186736,0,1,1,1,1
448186736#4f,driving:osm_id:448186736,0,1,1,1,1
448186736#5f,driving:osm_id:448186736,0,1,1,1,1
448186736#6f,driving:osm_id:448186736,0,1,1,1,1
448285793#1f,driving:osm_id:448285793,0,0,0,0,1
448285793#2f,driving:osm_id:448285793,0,0,0,0,0
503434360#1f,driving:osm_id:503434360,0,1,1,1,2
503434389#1f,driving:osm_id:503434389,0,0,0,0,1
503447058#1f,driving:osm_id:503447058,0,0,0,0,0
503462468#1f,driving:osm_id:503462468,0,1,1,0,1
503462468#2f,driving:osm_id:503462468,0,0,0,0,1
503462468#3f,driving:osm_id:503462468,0,0,0,0,1
503559460#1f,driving:osm_id:503559460,0,1,1,1,2
503783373#1f,driving:osm_id:503783373,0,1,1,0,1
503783377#1f,driving:osm_id:503783377,0,1,1,1,1
503813546#1f,driving:osm_id:503813546,0,-1,0,0,0
586508234#1f,driving:osm_id:586508234,0,-1,-1,-1,-1
690131583#1f,driving:osm_id:690131583,-1,-1,-1,-1,-1
690914550#1f,driving:osm_id:690914550,0,0,0,0,0
834307952#1f,driving:osm_id:834307952,0,0,0,0,0
1019174509#2f,driving:osm_id:1019174509,0,-1,-1,-1,1
1019174509#3f,driving:osm_id:1019174509,0,1,1,1,1
1019174509#6f,driving:osm_id:1019174509,0,1,1,1,1
1019174509#9f,driving:osm_id:1019174509,0,0,0,0,0
1019646822#1f,driving:osm_id:1019646822,0,0,0,0,0
1034247203#1f,driving:osm_id:1034247203,0,-2,-2,-2,-2
1082281160#1f,driving:osm_id:1082281160,0,1,1,1,1
1082281160#2f,driving:osm_id:1082281160,0,1,1,1,1
1082515450#1f,driving:osm_id:1082515450,0,0,0,0,2
1203858295#1f,driving:osm_id:1203858295,-1,-1,-1,-1,-1
1314186412#1f,driving:osm_id:1314186412,0,0,0,0,0
1327492339#1f,driving:osm_id:1327492339,0,-1,-1,-1,0
1470365900#1f,driving:osm_id:1470365900,-1,-1,-1,-1,-1
4229900#1f,driving:osm_id:4229900,0,0,0,0,1
8135891#2f,driving:osm_id:8135891,0,-1,-1,-1,-1
31900625#1f,driving:osm_id:31900625,0,0,0,0,0
50501898#1f,driving:osm_id:50501898,0,0,0,0,0
93137558#1f,driving:osm_id:93137558,0,0,1,0,1
93137558#5f,driving:osm_id:93137558,0,0,0,0,1
93137594#1f,driving:osm_id:93137594,1,1,1,1,1
94399437#2f,driving:osm_id:94399437,0,0,1,1,1
95449778#1f,driving:osm_id:95449778,1,1,1,1,1
155085108#1f,driving:osm_id:155085108,0,0,1,1,1
155085121#2f,driving:osm_id:155085121,0,0,0,0,0
157719669#1f,driving:osm_id:157719669,0,-1,-1,-1,0
157719669#4f,driving:osm_id:157719669,0,0,0,0,0
159170492#1f,driving:osm_id:159170492,0,0,0,0,1
161887492#1f,driving:osm_id:161887492,0,-1,-1,-1,-1
161887494#2f,driving:osm_id:161887494,0,-1,-1,-1,-1
167625737#1f,driving:osm_id:167625737,0,-2,-1,-1,-1
167625737#2f,driving:osm_id:167625737,0,-1,-1,-1,0
167625737#3f,driving:osm_id:167625737,0,-1,-1,-1,0
167625746#1f,driving:osm_id:167625746,-1,-1,-1,-1,-1
168959164#1f,driving:osm_id:168959164,-1,-2,-2,-2,-2
176293207#2f,driving:osm_id:176293207,0,-1,0,0,0
176321050#1f,driving:osm_id:176321050,0,1,1,0,1
176321050#4f,driving:osm_id:176321050,0,0,0,0,1
176337638#1f,driving:osm_id:176337638,0,1,1,1,1
176776331#5f,driving:osm_id:176776331,0,-1,-1,-1,-1
176776331#8f,driving:osm_id:176776331,0,-1,-1,-1,-1
200502710#1f,driving:osm_id:200502710,0,0,0,0,0
262902069#2f,driving:osm_id:262902069,0,-1,0,0,0
503434355#2f,driving:osm_id:503434355,0,1,1,1,1
503813539#1f,driving:osm_id:503813539,0,0,0,0,0
690653921#1f,driving:osm_id:690653921,0,-1,-1,-1,0
788120422#1f,driving:osm_id:788120422,0,0,0,0,0
804900034#2f,driving:osm_id:804900034,0,0,0,0,1
850261612#1f,driving:osm_id:850261612,0,1,1,1,1
939532441#1f,driving:osm_id:939532441,-1,-1,-1,-1,-1
990669428#1f,driving:osm_id:990669428,0,1,1,1,2
1000930351#1f,driving:osm_id:1000930351,0,-1,-1,-1,-1
1086377394#2f,driving:osm_id:1086377394,0,1,1,1,1
1086377399#1f,driving:osm_id:1086377399,0,0,0,0,0
1086377399#2f,driving:osm_id:1086377399,0,0,0,0,0
1086377399#3f,driving:osm_id:1086377399,0,0,0,0,0
1174006400#1f,driving:osm_id:1174006400,0,1,1,1,2
1365041526#1f,driving:osm_id:1365041526,0,0,0,0,0
1365041529#2f,driving:osm_id:1365041529,0,0,0,0,0
1388331345#2f,driving:osm_id:1388331345,0,1,1,1,2
1451501745#1f,driving:osm_id:1451501745,0,0,0,0,1
4230006#1f,driving:osm_id:4230006,0,0,0,0,1
4230006#2f,driving:osm_id:4230006,0,0,0,0,1
92627414#1f,driving:osm_id:92627414,0,0,0,0,0
120062658#1f,driving:osm_id:120062658,0,0,0,-2,0
176510131#1f,driving:osm_id:176510131,-1,-2,-2,-2,-2
201011053#1f,driving:osm_id:201011053,0,0,0,0,1
335740503#1f,driving:osm_id:335740503,0,0,0,0,1
503475652#1f,driving:osm_id:503475652,0,0,0,0,1
503702166#1f,driving:osm_id:503702166,0,0,0,0,0
503813541#1f,driving:osm_id:503813541,0,0,0,0,0
586508234#2f,driving:osm_id:586508234,0,-1,-1,-1,-1
690914551#1f,driving:osm_id:690914551,0,0,0,0,0
690914551#2f,driving:osm_id:690914551,0,0,0,0,0
849737746#1f,driving:osm_id:849737746,0,0,0,0,0
849737746#2f,driving:osm_id:849737746,0,0,0,0,0
1019174509#1f,driving:osm_id:1019174509,0,-1,-1,-1,0
1019174509#4f,driving:osm_id:1019174509,0,1,1,0,1
1019174509#5f,driving:osm_id:1019174509,0,0,0,0,1
1019174509#7f,driving:osm_id:1019174509,0,1,1,0,1
1019174509#8f,driving:osm_id:1019174509,0,0,0,0,1
1019646822#2f,driving:osm_id:1019646822,0,0,0,0,0
1034247204#1f,driving:osm_id:1034247204,0,-1,-1,-1,-1
1034247204#2f,driving:osm_id:1034247204,0,-1,-1,-1,-1
1243224901#1f,driving:osm_id:1243224901,0,-1,-1,-1,-1
1314186412#2f,driving:osm_id:1314186412,0,0,0,0,0
1327492344#1f,driving:osm_id:1327492344,-1,-1,-1,-1,-1
1361685182#1f,driving:osm_id:1361685182,0,0,0,0,0
1388331349#1f,driving:osm_id:1388331349,0,1,1,1,1
1435532404#1f,driving:osm_id:1435532404,0,1,1,1,1
1449972043#1f,driving:osm_id:1449972043,0,1,1,1,1
1452797913#1f,driving:osm_id:1452797913,0,0,0,0,0
1470365900#2f,driving:osm_id:1470365900,-1,-1,-1,-1,0
4227218#2f,driving:osm_id:4227218,-1,-1,-1,-1,-1
4229329#1f,driving:osm_id:4229329,0,1,1,1,2
4230098#1f,driving:osm_id:4230098,0,1,1,1,1
8056043#2f,driving:osm_id:8056043,0,0,0,0,0
93137573#1f,driving:osm_id:93137573,0,0,0,0,0
157719646#1f,driving:osm_id:157719646,0,0,0,0,0
157719668#1f,driving:osm_id:157719668,0,1,1,1,1
157719668#2f,driving:osm_id:157719668,0,1,1,0,1
158189827#2f,driving:osm_id:158189827,0,0,0,0,0
158189827#3f,driving:osm_id:158189827,0,0,0,0,0
158189827#4f,driving:osm_id:158189827,0,0,0,0,0
159170444#1f,driving:osm_id:159170444,0,-1,-1,-1,-1
159170505#1f,driving:osm_id:159170505,0,0,0,0,0
161748259#1f,driving:osm_id:161748259,0,0,0,0,0
161748259#3f,driving:osm_id:161748259,0,0,0,0,1
161882805#1f,driving:osm_id:161882805,0,1,1,1,1
161887493#1f,driving:osm_id:161887493,0,-1,-1,-1,-1
166149542#1f,driving:osm_id:166149542,0,0,1,1,1
166149542#4f,driving:osm_id:166149542,0,0,0,0,1
166149542#5f,driving:osm_id:166149542,0,1,1,1,2
167625742#1f,driving:osm_id:167625742,0,-1,-1,-1,-1
176337650#1f,driving:osm_id:176337650,0,0,0,0,0
176510133#2f,driving:osm_id:176510133,0,0,0,0,0
176674531#1f,driving:osm_id:176674531,0,-1,-1,-2,-1
176674531#2f,driving:osm_id:176674531,0,-2,-2,-2,-1
176684623#2f,driving:osm_id:176684623,0,0,0,0,0
176757512#1f,driving:osm_id:176757512,0,-1,-1,-1,0
176757513#1f,driving:osm_id:176757513,0,0,0,0,0
176757513#2f,driving:osm_id:176757513,0,-1,-1,-1,0
176760117#1f,driving:osm_id:176760117,0,1,1,1,1
177049248#1f,driving:osm_id:177049248,0,1,1,1,1
177049248#2f,driving:osm_id:177049248,0,1,1,1,1
177049248#4f,driving:osm_id:177049248,0,1,1,1,1
177546829#1f,driving:osm_id:177546829,0,-1,-1,-1,-1
212766110#1f,driving:osm_id:212766110,0,1,1,1,2
212766110#3f,driving:osm_id:212766110,0,1,1,1,2
254596487#1f,driving:osm_id:254596487,-1,-1,-1,-2,-1
360063227#1f,driving:osm_id:360063227,0,-1,-1,-1,-1
360063227#2f,driving:osm_id:360063227,0,-1,-1,-1,-1
503434369#2f,driving:osm_id:503434369,0,1,1,1,2
503471324#3f,driving:osm_id:503471324,0,2,2,2,2
503550462#1f,driving:osm_id:503550462,0,0,0,0,0
503559464#1f,driving:osm_id:503559464,0,-1,-1,-1,-1
503559464#2f,driving:osm_id:503559464,0,-1,-1,-1,-1
503559464#4f,driving:osm_id:503559464,0,-1,-1,-1,-1
503559464#5f,driving:osm_id:503559464,0,-1,-1,-1,-1
503753416#1f,driving:osm_id:503753416,0,-1,0,0,0
689855606#1f,driving:osm_id:689855606,0,0,0,0,0
690914539#1f,driving:osm_id:690914539,0,1,1,1,1
690914539#2f,driving:osm_id:690914539,0,1,1,1,1
788120420#2f,driving:osm_id:788120420,0,1,1,1,1
833538179#1f,driving:osm_id:833538179,0,0,0,0,0
833538179#2f,driving:osm_id:833538179,0,0,0,0,0
850230913#1f,driving:osm_id:850230913,0,1,1,1,1
850230914#2f,driving:osm_id:850230914,0,1,1,1,1
850230914#3f,driving:osm_id:850230914,0,1,1,1,1
851991828#1f,driving:osm_id:851991828,0,0,0,0,0
1000930347#1f,driving:osm_id:1000930347,0,0,0,0,0
1024523798#1f,driving:osm_id:1024523798,0,-1,-1,-1,-1
1082312612#1f,driving:osm_id:1082312612,0,0,0,0,0
1082312612#2f,driving:osm_id:1082312612,0,-1,-1,-1,0
1230247123#1f,driving:osm_id:1230247123,-1,-1,-1,-1,-1
1297328848#1f,driving:osm_id:1297328848,0,0,0,0,0
1327492342#1f,driving:osm_id:1327492342,-1,-1,-1,-1,-1
1342546111#2f,driving:osm_id:1342546111,0,-1,-1,-1,-1
1365041523#1f,driving:osm_id:1365041523,0,0,0,0,0
1435532403#1f,driving:osm_id:1435532403,0,1,1,1,1
1443764723#1f,driving:osm_id:1443764723,0,0,0,0,0
1443764723#2f,driving:osm_id:1443764723,0,0,0,0,0
1452797914#1f,driving:osm_id:1452797914,0,0,0,0,0
1452797914#2f,driving:osm_id:1452797914,0,0,0,0,0
4227273#1f,driving:osm_id:4227273,0,-1,0,0,0
4229243#1f,driving:osm_id:4229243,0,1,1,1,1
4229325#1f,driving:osm_id:4229325,0,2,2,2,2
4229325#2f,driving:osm_id:4229325,0,1,1,1,2
4229539#1f,driving:osm_id:4229539,0,0,0,0,1
4229539#2f,driving:osm_id:4229539,0,1,1,1,1
4230081#1f,driving:osm_id:4230081,0,0,0,0,0
4230081#4f,driving:osm_id:4230081,0,0,0,0,0
4230105#1f,driving:osm_id:4230105,0,0,0,0,0
4230105#2f,driving:osm_id:4230105,0,0,0,0,0
4230105#3f,driving:osm_id:4230105,0,0,0,0,0
4230105#4f,driving:osm_id:4230105,0,0,0,0,0
35092475#1f,driving:osm_id:35092475,0,1,1,1,2
35092475#2f,driving:osm_id:35092475,0,0,0,0,1
35092475#3f,driving:osm_id:35092475,0,0,1,0,1
50501897#1f,driving:osm_id:50501897,0,1,1,0,1
50501897#2f,driving:osm_id:50501897,0,0,0,0,1
50501897#3f,driving:osm_id:50501897,0,1,1,0,1
93137562#1f,driving:osm_id:93137562,0,1,1,1,2
120114108#1f,driving:osm_id:120114108,-1,-2,-1,-1,-1
155085109#1f,driving:osm_id:155085109,0,1,1,1,1
155085119#1f,driving:osm_id:155085119,0,1,1,1,1
155085119#5f,driving:osm_id:155085119,0,0,0,0,1
159170465#4f,driving:osm_id:159170465,0,1,1,0,1
159170498#1f,driving:osm_id:159170498,0,0,0,0,0
161885378#2f,driving:osm_id:161885378,0,-1,-1,-1,-1
165636030#1f,driving:osm_id:165636030,0,1,1,0,1
165636030#2f,driving:osm_id:165636030,0,0,0,0,1
165636030#4f,driving:osm_id:165636030,0,1,1,1,1
166149556#1f,driving:osm_id:166149556,0,1,1,1,1
167625718#1f,driving:osm_id:167625718,0,1,1,0,1
167625718#2f,driving:osm_id:167625718,0,-1,-1,-1,1
168959165#1f,driving:osm_id:168959165,0,-2,-1,-1,-1
168959165#2f,driving:osm_id:168959165,0,-1,-1,-1,0
176085754#1f,driving:osm_id:176085754,-1,-2,-2,-2,-2
176085755#2f,driving:osm_id:176085755,-1,-2,-2,-2,-2
176333306#1f,driving:osm_id:176333306,0,0,0,0,1
176337641#3f,driving:osm_id:176337641,0,0,0,0,0
177232627#1f,driving:osm_id:177232627,0,0,0,0,0
181479774#1f,driving:osm_id:181479774,0,0,0,0,0
181479774#4f,driving:osm_id:181479774,0,0,0,0,0
181479774#5f,driving:osm_id:181479774,0,0,0,0,0
182692350#1f,driving:osm_id:182692350,0,1,1,1,1
182700002#1f,driving:osm_id:182700002,0,1,1,1,2
182700002#2f,driving:osm_id:182700002,0,1,2,1,2
182700002#3f,driving:osm_id:182700002,0,1,1,1,2
182700002#4f,driving:osm_id:182700002,0,0,0,0,1
182700002#5f,driving:osm_id:182700002,0,0,0,0,1
182700002#6f,driving:osm_id:182700002,0,0,1,1,1
182700002#7f,driving:osm_id:182700002,0,1,1,1,1
182700002#8f,driving:osm_id:182700002,0,1,1,1,1
200496088#1f,driving:osm_id:200496088,-1,-1,-1,-1,-1
203711531#1f,driving:osm_id:203711531,0,0,0,0,0
212764303#1f,driving:osm_id:212764303,0,0,0,-1,0
212764303#2f,driving:osm_id:212764303,0,-1,-1,-1,0
261740027#1f,driving:osm_id:261740027,0,1,1,1,1
294081875#1f,driving:osm_id:294081875,0,0,0,0,0
338900930#1f,driving:osm_id:338900930,0,-2,-2,-2,-2
338900930#2f,driving:osm_id:338900930,0,-2,-2,-2,-2
398362860#1f,driving:osm_id:398362860,0,-2,-2,-2,0
448186712#1f,driving:osm_id:448186712,-1,0,0,0,0
449281220#1f,driving:osm_id:449281220,-1,-1,-1,-1,-1
503447059#1f,driving:osm_id:503447059,0,0,0,0,0
503447059#2f,driving:osm_id:503447059,0,0,0,0,0
503559455#1f,driving:osm_id:503559455,0,0,0,0,1
686878369#1f,driving:osm_id:686878369,0,0,0,0,1
690914543#1f,driving:osm_id:690914543,0,1,1,1,1
690914543#2f,driving:osm_id:690914543,0,1,1,1,1
718025935#2f,driving:osm_id:718025935,0,0,0,0,0
792870577#1f,driving:osm_id:792870577,0,0,0,0,0
792870577#2f,driving:osm_id:792870577,0,0,0,0,0
834185360#2f,driving:osm_id:834185360,0,0,0,0,0
850261592#1f,driving:osm_id:850261592,0,0,0,0,0
1174006401#1f,driving:osm_id:1174006401,0,1,1,1,2
1319454162#1f,driving:osm_id:1319454162,0,0,0,0,1
1342546058#2f,driving:osm_id:1342546058,0,0,0,0,0
1342546058#3f,driving:osm_id:1342546058,0,0,0,0,0
1342546088#1f,driving:osm_id:1342546088,0,-1,-1,-1,-1
1342556413#1f,driving:osm_id:1342556413,0,0,0,0,0
1443764722#1f,driving:osm_id:1443764722,0,0,0,0,0
1549110517#1f,driving:osm_id:1549110517,0,1,1,1,1
1549110517#2f,driving:osm_id:1549110517,0,1,1,1,1
4227198#1f,driving:osm_id:4227198,0,-1,-1,-1,-1
4227198#3f,driving:osm_id:4227198,0,-1,-1,-1,-1
35092477#2f,driving:osm_id:35092477,0,0,0,0,0
68814575#1f,driving:osm_id:68814575,0,0,0,0,0
78149827#1f,driving:osm_id:78149827,-1,-1,-1,-2,-1
92627436#1f,driving:osm_id:92627436,1,0,1,1,1
93137566#1f,driving:osm_id:93137566,0,0,0,0,0
93137566#2f,driving:osm_id:93137566,0,0,0,0,0
94400151#2f,driving:osm_id:94400151,0,1,1,1,2
95825511#1f,driving:osm_id:95825511,0,0,0,0,0
95825511#2f,driving:osm_id:95825511,0,0,0,0,0
95825511#4f,driving:osm_id:95825511,0,0,0,0,0
120113155#3f,driving:osm_id:120113155,-1,-1,-1,-1,0
156772047#1f,driving:osm_id:156772047,0,-1,-1,-1,-1
156772047#2f,driving:osm_id:156772047,0,-1,-1,-1,-1
156772047#3f,driving:osm_id:156772047,0,-1,-1,-1,-1
156772047#5f,driving:osm_id:156772047,0,-1,-1,-1,-1
156772047#6f,driving:osm_id:156772047,0,-1,-1,-1,-1
156772047#7f,driving:osm_id:156772047,0,-1,-1,-1,-1
156772047#8f,driving:osm_id:156772047,0,-1,-1,-1,-1
158007914#1f,driving:osm_id:158007914,-1,-1,-1,-1,-1
158189826#1f,driving:osm_id:158189826,0,0,0,0,0
158189826#2f,driving:osm_id:158189826,0,0,0,0,0
158215180#1f,driving:osm_id:158215180,0,1,1,1,2
158215180#2f,driving:osm_id:158215180,0,1,1,1,2
158215180#4f,driving:osm_id:158215180,0,2,2,2,2
158215180#5f,driving:osm_id:158215180,0,1,1,1,2
158215180#6f,driving:osm_id:158215180,0,1,1,1,2
158215205#1f,driving:osm_id:158215205,0,0,0,0,0
158215205#2f,driving:osm_id:158215205,0,0,0,0,0
158215205#4f,driving:osm_id:158215205,0,0,0,0,1
158215205#5f,driving:osm_id:158215205,0,0,0,0,1
159170525#2f,driving:osm_id:159170525,0,0,1,1,1
159170525#3f,driving:osm_id:159170525,0,1,1,0,1
160004393#1f,driving:osm_id:160004393,0,0,0,-1,0
164338230#1f,driving:osm_id:164338230,0,0,0,0,0
164338230#2f,driving:osm_id:164338230,0,0,0,0,0
164338230#3f,driving:osm_id:164338230,0,0,0,0,0
164338230#4f,driving:osm_id:164338230,0,0,0,0,0
164338230#5f,driving:osm_id:164338230,0,0,0,0,0
164338238#1f,driving:osm_id:164338238,0,0,0,0,0
164338238#2f,driving:osm_id:164338238,0,0,0,0,0
164338243#1f,driving:osm_id:164338243,0,0,0,0,0
164338244#1f,driving:osm_id:164338244,0,0,0,-1,0
165636039#1f,driving:osm_id:165636039,0,0,0,0,1
166399491#1f,driving:osm_id:166399491,0,1,1,1,1
166643408#1f,driving:osm_id:166643408,0,0,0,0,0
167625726#2f,driving:osm_id:167625726,0,0,0,0,1
168104494#2f,driving:osm_id:168104494,0,-1,-1,-1,-1
168959163#1f,driving:osm_id:168959163,0,-1,-1,-1,0
168959163#2f,driving:osm_id:168959163,0,0,0,0,0
168959163#3f,driving:osm_id:168959163,0,0,0,0,0
176510134#1f,driving:osm_id:176510134,0,-2,-2,-2,0
176576014#1f,driving:osm_id:176576014,0,0,0,0,0
176752959#1f,driving:osm_id:176752959,0,-1,0,0,0
177429338#1f,driving:osm_id:177429338,0,-2,-1,-1,-1
177590093#2f,driving:osm_id:177590093,0,0,0,0,0
181479772#2f,driving:osm_id:181479772,0,0,0,0,1
200507331#1f,driving:osm_id:200507331,0,0,0,0,1
212764300#1f,driving:osm_id:212764300,0,1,1,1,2
220547253#1f,driving:osm_id:220547253,0,1,1,1,1
220547253#2f,driving:osm_id:220547253,0,1,1,1,1
261740025#1f,driving:osm_id:261740025,0,0,0,0,0
308214646#1f,driving:osm_id:308214646,0,0,0,0,0
308214646#2f,driving:osm_id:308214646,0,0,0,0,0
308214646#3f,driving:osm_id:308214646,0,0,0,0,0
348019480#1f,driving:osm_id:348019480,0,0,0,0,0
353889276#2f,driving:osm_id:353889276,0,-1,-1,-1,1
353889276#3f,driving:osm_id:353889276,0,-1,-1,-1,1
360063232#1f,driving:osm_id:360063232,0,-2,0,0,0
423632259#1f,driving:osm_id:423632259,0,0,0,0,1
423632259#2f,driving:osm_id:423632259,0,0,0,0,1
423632259#3f,driving:osm_id:423632259,0,0,0,0,1
503434359#1f,driving:osm_id:503434359,0,1,1,1,2
503434383#1f,driving:osm_id:503434383,0,1,2,1,2
503475646#1f,driving:osm_id:503475646,0,0,0,0,0
503550463#1f,driving:osm_id:503550463,-1,0,0,0,0
503550471#1f,driving:osm_id:503550471,0,1,1,1,2
503702168#1f,driving:osm_id:503702168,0,1,1,1,1
503702168#2f,driving:osm_id:503702168,0,1,1,1,1
507581429#1f,driving:osm_id:507581429,0,0,0,0,0
568187257#1f,driving:osm_id:568187257,0,0,0,0,0
568187257#3f,driving:osm_id:568187257,0,-1,-1,-1,0
568187257#4f,driving:osm_id:568187257,0,0,0,0,0
694608616#1f,driving:osm_id:694608616,0,0,0,0,1
766768153#2f,driving:osm_id:766768153,0,0,0,0,0
766768153#3f,driving:osm_id:766768153,0,0,0,0,0
766768153#4f,driving:osm_id:766768153,0,0,0,0,0
766768153#5f,driving:osm_id:766768153,0,0,0,0,0
766768153#6f,driving:osm_id:766768153,0,-1,-1,-1,0
778744698#1f,driving:osm_id:778744698,0,-1,-1,-1,-1
778744698#2f,driving:osm_id:778744698,0,-1,-1,-1,-1
778744698#4f,driving:osm_id:778744698,0,-1,-1,-1,-1
788626301#1f,driving:osm_id:788626301,0,0,0,0,0
1019646823#2f,driving:osm_id:1019646823,0,1,1,1,2
1079489485#1f,driving:osm_id:1079489485,0,0,0,0,0
1082281156#1f,driving:osm_id:1082281156,0,1,1,1,1
1082281156#2f,driving:osm_id:1082281156,0,1,1,1,1
1203858294#1f,driving:osm_id:1203858294,-1,-1,-1,-1,-1
1449972041#1f,driving:osm_id:1449972041,0,1,1,1,2
4227157#1f,driving:osm_id:4227157,0,1,1,1,1
4227157#2f,driving:osm_id:4227157,0,1,1,1,1
4227157#3f,driving:osm_id:4227157,0,1,1,1,1
4229274#2f,driving:osm_id:4229274,0,0,0,0,0
4230113#1f,driving:osm_id:4230113,0,0,0,0,0
4230113#2f,driving:osm_id:4230113,0,0,0,0,0
4230113#3f,driving:osm_id:4230113,0,0,0,0,0
4230113#4f,driving:osm_id:4230113,0,0,0,0,0
8056051#4f,driving:osm_id:8056051,0,1,1,1,2
25739583#1f,driving:osm_id:25739583,0,1,2,1,2
31900636#1f,driving:osm_id:31900636,0,0,0,0,0
31900636#2f,driving:osm_id:31900636,0,0,0,0,0
39838265#1f,driving:osm_id:39838265,0,0,0,0,0
39838265#2f,driving:osm_id:39838265,0,0,0,0,0
92627441#2f,driving:osm_id:92627441,0,0,0,0,2
93137575#1f,driving:osm_id:93137575,0,0,0,0,0
93137575#2f,driving:osm_id:93137575,0,0,0,0,0
143536261#2f,driving:osm_id:143536261,0,0,0,0,1
143536261#3f,driving:osm_id:143536261,0,0,1,1,1
156242241#1f,driving:osm_id:156242241,1,0,1,1,1
157719662#1f,driving:osm_id:157719662,0,-1,-1,-1,0
157719662#2f,driving:osm_id:157719662,0,-1,-1,-1,0
158215197#1f,driving:osm_id:158215197,0,1,1,1,1
159170450#1f,driving:osm_id:159170450,0,0,0,-1,0
164338218#1f,driving:osm_id:164338218,0,1,1,1,1
165636038#1f,driving:osm_id:165636038,0,0,0,0,1
165636038#2f,driving:osm_id:165636038,0,0,0,0,0
165636038#3f,driving:osm_id:165636038,0,-1,-1,-1,0
165636038#4f,driving:osm_id:165636038,0,-1,0,0,0
167086057#2f,driving:osm_id:167086057,0,-1,-1,-1,-1
167625739#1f,driving:osm_id:167625739,0,1,1,1,1
167625739#3f,driving:osm_id:167625739,0,1,1,1,1
167625756#2f,driving:osm_id:167625756,0,-1,-1,-1,0
167625756#4f,driving:osm_id:167625756,0,-1,-1,-1,0
167625756#5f,driving:osm_id:167625756,0,-1,-1,-1,0
167625756#6f,driving:osm_id:167625756,0,-1,-1,-1,0
168104492#1f,driving:osm_id:168104492,0,0,0,0,0
168104492#2f,driving:osm_id:168104492,0,0,0,0,0
176334441#1f,driving:osm_id:176334441,-1,0,0,0,0
176395399#1f,driving:osm_id:176395399,0,-1,-1,-1,0
176682382#2f,driving:osm_id:176682382,0,0,0,0,0
176682382#3f,driving:osm_id:176682382,0,0,0,0,0
177588308#1f,driving:osm_id:177588308,0,-1,-1,-1,-1
200502085#1f,driving:osm_id:200502085,0,-1,-1,-1,-1
200502085#2f,driving:osm_id:200502085,0,-1,-1,-1,-1
201009264#2f,driving:osm_id:201009264,0,-1,-1,-1,0
201009264#3f,driving:osm_id:201009264,0,-1,0,-1,0
214636589#1f,driving:osm_id:214636589,0,1,1,0,1
214636589#2f,driving:osm_id:214636589,0,0,0,0,1
233894501#1f,driving:osm_id:233894501,0,0,0,0,0
254596870#2f,driving:osm_id:254596870,0,0,0,0,1
334511470#1f,driving:osm_id:334511470,0,1,1,1,1
353889275#1f,driving:osm_id:353889275,0,1,2,0,2
503434361#1f,driving:osm_id:503434361,0,0,0,0,0
503434361#2f,driving:osm_id:503434361,0,0,0,0,0
503434364#1f,driving:osm_id:503434364,0,0,0,0,1
503462460#1f,driving:osm_id:503462460,0,0,0,0,1
503475663#1f,driving:osm_id:503475663,0,0,0,0,1
503633032#1f,driving:osm_id:503633032,0,-1,-1,-1,1
503633032#2f,driving:osm_id:503633032,0,-1,1,-1,1
503633032#3f,driving:osm_id:503633032,0,-1,-1,-1,0
503633032#5f,driving:osm_id:503633032,0,0,0,0,1
503633032#7f,driving:osm_id:503633032,0,0,1,0,1
503633032#8f,driving:osm_id:503633032,0,0,0,0,1
687577826#1f,driving:osm_id:687577826,0,1,1,1,1
699218006#1f,driving:osm_id:699218006,0,1,1,1,1
699218006#2f,driving:osm_id:699218006,0,1,1,1,2
804900035#1f,driving:osm_id:804900035,0,0,0,0,1
851792658#1f,driving:osm_id:851792658,-1,0,0,0,0
851792658#2f,driving:osm_id:851792658,-1,0,0,0,0
879995943#1f,driving:osm_id:879995943,0,-1,-1,-1,-1
941922152#1f,driving:osm_id:941922152,1,1,1,1,2
1019174499#1f,driving:osm_id:1019174499,1,0,0,0,2
1079489483#1f,driving:osm_id:1079489483,0,0,0,0,0
1079489483#2f,driving:osm_id:1079489483,0,0,0,0,0
1131276185#1f,driving:osm_id:1131276185,0,0,1,1,1
1174009935#1f,driving:osm_id:1174009935,0,-1,-1,-1,1
1314186421#1f,driving:osm_id:1314186421,0,1,1,1,1
1342546064#1f,driving:osm_id:1342546064,0,0,0,0,0
1342546064#2f,driving:osm_id:1342546064,0,0,0,0,0
1342546064#3f,driving:osm_id:1342546064,0,0,0,0,0
1342546064#4f,driving:osm_id:1342546064,0,0,0,0,0
1342546092#3f,driving:osm_id:1342546092,0,-1,-1,-1,-1
1449407308#1f,driving:osm_id:1449407308,0,0,0,0,0
1549110514#1f,driving:osm_id:1549110514,0,0,0,0,0
4227218#1f,driving:osm_id:4227218,-1,-1,-1,-1,-1
4229329#2f,driving:osm_id:4229329,0,1,1,1,2
4230098#2f,driving:osm_id:4230098,0,1,1,1,1
8056043#1f,driving:osm_id:8056043,0,0,0,0,0
51691775#1f,driving:osm_id:51691775,0,-1,-1,-1,-1
92627433#1f,driving:osm_id:92627433,-1,0,0,0,0
94399590#1f,driving:osm_id:94399590,0,1,1,1,1
158189827#1f,driving:osm_id:158189827,0,-1,0,0,0
161748259#2f,driving:osm_id:161748259,0,0,0,0,1
166149542#2f,driving:osm_id:166149542,0,1,1,1,1
166149542#3f,driving:osm_id:166149542,0,1,1,0,1
166149542#6f,driving:osm_id:166149542,0,1,2,2,2
168890950#1f,driving:osm_id:168890950,0,1,1,1,2
176510133#1f,driving:osm_id:176510133,0,0,0,0,0
176684623#1f,driving:osm_id:176684623,0,0,0,0,0
177045628#1f,driving:osm_id:177045628,-1,-1,-1,-1,-1
177049248#3f,driving:osm_id:177049248,0,1,1,1,1
177396051#1f,driving:osm_id:177396051,-1,-2,-2,-2,-2
212766110#2f,driving:osm_id:212766110,0,1,1,1,2
220547252#1f,driving:osm_id:220547252,0,0,0,-1,0
503434363#1f,driving:osm_id:503434363,0,1,1,1,2
503434363#2f,driving:osm_id:503434363,0,1,1,1,2
503434369#1f,driving:osm_id:503434369,0,1,1,1,2
503471324#1f,driving:osm_id:503471324,0,1,1,1,2
503471324#2f,driving:osm_id:503471324,0,1,1,1,2
503471324#4f,driving:osm_id:503471324,0,1,1,1,2
503559464#3f,driving:osm_id:503559464,0,-1,-1,-1,-1
788120420#1f,driving:osm_id:788120420,0,0,1,1,1
850230914#1f,driving:osm_id:850230914,0,1,1,1,1
851991828#2f,driving:osm_id:851991828,0,0,0,0,0
1058067232#1f,driving:osm_id:1058067232,0,0,0,0,1
1203843643#1f,driving:osm_id:1203843643,0,0,0,0,0
1342546111#1f,driving:osm_id:1342546111,0,-1,-1,-1,-1
4229539#3f,driving:osm_id:4229539,0,0,0,0,1
4230081#2f,driving:osm_id:4230081,0,0,0,0,0
4230081#3f,driving:osm_id:4230081,0,0,0,0,0
35092475#4f,driving:osm_id:35092475,0,0,0,0,1
35092475#5f,driving:osm_id:35092475,0,0,0,0,1
93091311#1f,driving:osm_id:93091311,-1,-1,-1,-1,-1
93091315#1f,driving:osm_id:93091315,-1,-1,-1,-1,-1
155085116#1f,driving:osm_id:155085116,0,0,0,0,0
155085119#2f,driving:osm_id:155085119,0,1,1,1,1
155085119#3f,driving:osm_id:155085119,0,1,1,1,1
155085119#4f,driving:osm_id:155085119,0,1,1,0,1
159170465#1f,driving:osm_id:159170465,0,1,1,1,1
159170465#2f,driving:osm_id:159170465,0,1,1,1,1
159170465#3f,driving:osm_id:159170465,0,1,1,1,1
161885378#1f,driving:osm_id:161885378,0,-1,-1,-1,-1
165636030#3f,driving:osm_id:165636030,0,0,0,0,1
176085755#1f,driving:osm_id:176085755,-1,-2,-2,-2,-2
176337641#1f,driving:osm_id:176337641,0,0,0,0,0
176337641#2f,driving:osm_id:176337641,0,0,0,0,0
176337641#4f,driving:osm_id:176337641,0,0,0,0,0
177232625#1f,driving:osm_id:177232625,0,0,0,0,0
177396034#1f,driving:osm_id:177396034,0,-1,-1,-1,-1
177396034#2f,driving:osm_id:177396034,0,-1,-1,-1,-1
181479774#2f,driving:osm_id:181479774,0,0,0,0,0
181479774#3f,driving:osm_id:181479774,0,0,0,0,0
423826027#1f,driving:osm_id:423826027,0,0,0,0,1
503550469#1f,driving:osm_id:503550469,0,1,1,1,1
503550469#2f,driving:osm_id:503550469,0,1,1,1,1
718025935#1f,driving:osm_id:718025935,0,-1,0,0,0
834185360#1f,driving:osm_id:834185360,0,0,0,0,0
834185360#3f,driving:osm_id:834185360,0,0,0,0,0
835382435#1f,driving:osm_id:835382435,0,-1,-1,-1,-1
850261592#2f,driving:osm_id:850261592,0,0,0,0,0
879995944#1f,driving:osm_id:879995944,0,-1,-1,-1,-1
990669429#1f,driving:osm_id:990669429,0,1,1,1,2
1019360050#1f,driving:osm_id:1019360050,-1,-1,-1,-1,0
1019360050#2f,driving:osm_id:1019360050,-1,-1,-1,-1,0
1058067233#1f,driving:osm_id:1058067233,0,0,0,0,0
1342546058#1f,driving:osm_id:1342546058,0,0,0,0,0
1342556413#2f,driving:osm_id:1342556413,0,0,0,0,0
1443870918#1f,driving:osm_id:1443870918,0,0,0,0,0
1549110517#3f,driving:osm_id:1549110517,0,1,1,1,1
4227198#2f,driving:osm_id:4227198,0,-1,-1,-1,-1
4227198#4f,driving:osm_id:4227198,0,-1,-1,-1,-1
4229536#1f,driving:osm_id:4229536,0,-1,-1,-1,0
4229536#2f,driving:osm_id:4229536,0,-1,0,0,0
35092477#1f,driving:osm_id:35092477,0,0,0,0,0
93137630#1f,driving:osm_id:93137630,0,0,0,0,0
94400151#1f,driving:osm_id:94400151,0,1,1,1,2
95825511#3f,driving:osm_id:95825511,0,0,0,0,0
120113155#1f,driving:osm_id:120113155,-1,-1,-1,-1,0
120113155#2f,driving:osm_id:120113155,-1,-1,-1,-1,0
120113155#4f,driving:osm_id:120113155,-1,-1,-1,-1,0
156772047#4f,driving:osm_id:156772047,0,-1,-1,-1,-1
156772047#9f,driving:osm_id:156772047,0,-1,-1,-1,-1
158215180#3f,driving:osm_id:158215180,0,2,2,2,2
158215205#3f,driving:osm_id:158215205,0,0,0,0,0
159170525#1f,driving:osm_id:159170525,0,0,0,0,0
164338238#3f,driving:osm_id:164338238,0,0,0,0,0
166399512#1f,driving:osm_id:166399512,0,1,2,1,2
166643408#2f,driving:osm_id:166643408,0,0,0,0,0
167625726#1f,driving:osm_id:167625726,0,1,1,1,1
168104494#1f,driving:osm_id:168104494,0,-2,-2,-2,-1
177052555#1f,driving:osm_id:177052555,-1,-2,-2,-2,-2
177590093#1f,driving:osm_id:177590093,0,0,0,0,0
181479772#1f,driving:osm_id:181479772,0,0,0,0,1
200507331#2f,driving:osm_id:200507331,0,1,1,1,2
212764300#2f,driving:osm_id:212764300,0,0,0,0,1
278143566#1f,driving:osm_id:278143566,0,0,0,0,0
348019480#2f,driving:osm_id:348019480,0,0,0,0,0
353889276#1f,driving:osm_id:353889276,0,0,0,0,1
503633029#1f,driving:osm_id:503633029,0,0,0,0,0
503753419#1f,driving:osm_id:503753419,0,0,0,-1,0
503801215#1f,driving:osm_id:503801215,0,0,0,0,0
568187257#2f,driving:osm_id:568187257,0,0,0,-1,0
568187257#5f,driving:osm_id:568187257,0,0,0,0,0
688744912#1f,driving:osm_id:688744912,0,0,0,0,0
766768153#1f,driving:osm_id:766768153,0,0,0,0,0
778744698#3f,driving:osm_id:778744698,0,-1,-1,-1,-1
851792660#1f,driving:osm_id:851792660,0,1,1,1,2
946562629#1f,driving:osm_id:946562629,-1,-1,-1,-2,-1
1001561437#1f,driving:osm_id:1001561437,-1,0,0,0,0
1019646823#1f,driving:osm_id:1019646823,0,2,2,2,2
1449972041#2f,driving:osm_id:1449972041,0,1,1,1,2
1449972042#1f,driving:osm_id:1449972042,0,0,0,0,1
4227272#1f,driving:osm_id:4227272,0,1,1,1,1
4229273#1f,driving:osm_id:4229273,0,0,0,0,0
4229274#1f,driving:osm_id:4229274,0,0,0,0,0
4229274#3f,driving:osm_id:4229274,0,0,0,0,0
4230119#1f,driving:osm_id:4230119,0,-1,-1,-1,-1
4230122#1f,driving:osm_id:4230122,0,-1,-1,-1,-1
4230122#2f,driving:osm_id:4230122,0,-1,-1,-1,-1
4230122#3f,driving:osm_id:4230122,0,-1,-1,-1,-1
8056051#1f,driving:osm_id:8056051,0,1,1,1,1
8056051#2f,driving:osm_id:8056051,0,1,1,0,1
8056051#3f,driving:osm_id:8056051,0,0,0,0,1
8056051#5f,driving:osm_id:8056051,0,1,1,1,2
92627425#1f,driving:osm_id:92627425,0,0,0,0,1
92627425#2f,driving:osm_id:92627425,0,0,0,0,1
92627441#1f,driving:osm_id:92627441,0,0,0,0,1
93207286#1f,driving:osm_id:93207286,1,0,0,0,0
94399927#1f,driving:osm_id:94399927,0,1,1,1,1
143536261#1f,driving:osm_id:143536261,0,1,1,1,1
157719662#3f,driving:osm_id:157719662,0,-1,0,0,0
158215197#2f,driving:osm_id:158215197,0,1,1,1,1
167086057#1f,driving:osm_id:167086057,0,-1,-1,-1,-1
167625739#2f,driving:osm_id:167625739,0,1,1,1,1
167625756#1f,driving:osm_id:167625756,0,-1,-1,-1,0
167625756#3f,driving:osm_id:167625756,0,-1,-1,-1,0
176682382#1f,driving:osm_id:176682382,0,0,0,0,0
176682382#4f,driving:osm_id:176682382,0,0,0,0,0
177588308#2f,driving:osm_id:177588308,0,-1,-1,-1,-1
201009264#1f,driving:osm_id:201009264,0,-1,-1,-1,-1
214636589#3f,driving:osm_id:214636589,0,0,0,0,1
233894501#2f,driving:osm_id:233894501,0,0,0,0,0
254596870#1f,driving:osm_id:254596870,0,-1,0,0,0
446542424#1f,driving:osm_id:446542424,0,1,1,1,1
446542424#2f,driving:osm_id:446542424,0,1,1,1,1
503475667#1f,driving:osm_id:503475667,0,1,1,1,1
503633032#4f,driving:osm_id:503633032,0,0,0,0,1
503633032#6f,driving:osm_id:503633032,0,0,1,0,1
687577826#2f,driving:osm_id:687577826,0,1,1,1,1
718024988#1f,driving:osm_id:718024988,0,-1,-1,-1,-1
834185366#1f,driving:osm_id:834185366,0,0,0,0,0
834185366#2f,driving:osm_id:834185366,0,0,0,0,0
879995943#2f,driving:osm_id:879995943,0,-1,-1,-1,-1
1131276185#2f,driving:osm_id:1131276185,0,1,1,1,1
1314186421#2f,driving:osm_id:1314186421,0,1,1,1,1
1342546059#1f,driving:osm_id:1342546059,0,0,0,0,0
1342546092#1f,driving:osm_id:1342546092,0,-1,-1,-1,-1
1342546092#2f,driving:osm_id:1342546092,0,-1,-1,-1,-1
4098197#1r,driving:osm_id:4098197,0,0,0,0,0
4230011#7r,driving:osm_id:4230011,0,0,0,0,0
4230011#6r,driving:osm_id:4230011,0,0,0,0,1
4230099#3r,driving:osm_id:4230099,0,0,0,0,0
4230099#8r,driving:osm_id:4230099,0,-1,0,-1,0
4230117#1r,driving:osm_id:4230117,0,-1,-1,-1,-1
25082741#6r,driving:osm_id:25082741,0,0,0,0,1
39839529#2r,driving:osm_id:39839529,0,-1,0,0,0
78147639#2r,driving:osm_id:78147639,0,0,0,0,1
92627406#1r,driving:osm_id:92627406,0,0,0,0,0
95449780#1r,driving:osm_id:95449780,1,1,1,1,1
120113156#1r,driving:osm_id:120113156,1,0,0,-2,0
128273232#1r,driving:osm_id:128273232,0,-1,-1,-2,-1
128273233#2r,driving:osm_id:128273233,0,0,0,0,0
150050283#2r,driving:osm_id:150050283,0,-1,-1,-1,-1
157719644#3r,driving:osm_id:157719644,0,0,1,0,1
157719668#1r,driving:osm_id:157719668,0,1,1,1,1
158007891#1r,driving:osm_id:158007891,0,2,2,2,2
158215178#1r,driving:osm_id:158215178,-1,0,0,0,0
158215196#2r,driving:osm_id:158215196,-1,-1,-1,-2,-1
158215197#2r,driving:osm_id:158215197,0,1,1,1,1
161887491#1r,driving:osm_id:161887491,0,-1,-1,-1,-1
164338230#3r,driving:osm_id:164338230,0,0,0,0,0
165636031#1r,driving:osm_id:165636031,0,0,0,0,0
165636047#4r,driving:osm_id:165636047,0,-1,-1,-1,0
166009792#3r,driving:osm_id:166009792,0,1,1,1,2
167086183#1r,driving:osm_id:167086183,0,-1,-1,-1,-1
176321050#4r,driving:osm_id:176321050,0,0,0,0,1
176682384#1r,driving:osm_id:176682384,0,0,0,0,0
177052163#1r,driving:osm_id:177052163,0,0,0,0,0
177590093#2r,driving:osm_id:177590093,0,0,0,0,0
200507331#1r,driving:osm_id:200507331,0,0,0,0,1
214635115#2r,driving:osm_id:214635115,0,0,0,0,1
503447059#1r,driving:osm_id:503447059,0,0,0,0,0
503462470#1r,driving:osm_id:503462470,0,-1,-1,-1,0
503702166#1r,driving:osm_id:503702166,0,0,0,0,0
572941874#4r,driving:osm_id:572941874,0,-1,-1,-1,-1
849737746#1r,driving:osm_id:849737746,0,0,0,0,0
850261580#1r,driving:osm_id:850261580,0,1,1,1,1
929856547#2r,driving:osm_id:929856547,0,1,1,1,1
1019646822#1r,driving:osm_id:1019646822,0,0,0,0,0
1019646823#2r,driving:osm_id:1019646823,0,1,1,1,2
1024523796#1r,driving:osm_id:1024523796,-1,-2,-2,-2,-2
1082281156#1r,driving:osm_id:1082281156,0,1,1,1,1
1086377398#1r,driving:osm_id:1086377398,0,0,0,0,0
1202747623#2r,driving:osm_id:1202747623,0,0,0,0,0
1230247123#1r,driving:osm_id:1230247123,-1,-1,-1,-1,-1
1314186412#1r,driving:osm_id:1314186412,0,0,0,0,0
1342546060#1r,driving:osm_id:1342546060,0,0,0,0,0
1443764724#1r,driving:osm_id:1443764724,0,0,0,0,0
1449407307#1r,driving:osm_id:1449407307,0,0,0,0,0
1452797914#2r,driving:osm_id:1452797914,0,0,0,0,0
1525349447#1r,driving:osm_id:1525349447,0,0,0,0,0
4097656#5r,driving:osm_id:4097656,0,-1,-1,-1,1
4230099#9r,driving:osm_id:4230099,0,-1,-1,-1,0
4230105#2r,driving:osm_id:4230105,0,0,0,0,0
4230106#3r,driving:osm_id:4230106,0,0,0,0,0
4230118#1r,driving:osm_id:4230118,0,0,0,0,0
67923339#2r,driving:osm_id:67923339,0,1,1,1,1
78147635#1r,driving:osm_id:78147635,0,-1,-1,-1,-1
78147639#1r,driving:osm_id:78147639,0,-1,-1,-1,0
92627406#5r,driving:osm_id:92627406,0,0,0,-1,0
93137615#2r,driving:osm_id:93137615,0,0,0,0,0
120114107#1r,driving:osm_id:120114107,-1,-1,-1,-1,-1
150050283#1r,driving:osm_id:150050283,0,-1,-1,-1,-1
155085119#4r,driving:osm_id:155085119,0,0,1,1,1
155085119#5r,driving:osm_id:155085119,0,0,0,0,1
155085120#1r,driving:osm_id:155085120,0,-1,-1,-1,-1
156188798#1r,driving:osm_id:156188798,0,-1,-1,-1,-1
157719644#1r,driving:osm_id:157719644,0,1,1,1,1
157719645#3r,driving:osm_id:157719645,0,0,0,-1,0
157719645#6r,driving:osm_id:157719645,0,0,0,0,0
157719645#4r,driving:osm_id:157719645,0,0,0,0,0
158189830#2r,driving:osm_id:158189830,0,0,0,0,0
158215191#4r,driving:osm_id:158215191,0,0,1,1,1
159175448#2r,driving:osm_id:159175448,0,1,1,1,1
161769679#2r,driving:osm_id:161769679,0,-1,-1,-1,-1
161885378#1r,driving:osm_id:161885378,0,-1,-1,-1,-1
164338247#4r,driving:osm_id:164338247,0,0,0,0,0
166399478#2r,driving:osm_id:166399478,0,0,0,0,1
166399501#5r,driving:osm_id:166399501,0,0,0,0,0
166643408#1r,driving:osm_id:166643408,0,0,0,0,0
167625739#3r,driving:osm_id:167625739,0,1,1,1,1
176477342#3r,driving:osm_id:176477342,0,1,1,1,1
176576014#1r,driving:osm_id:176576014,0,0,0,0,0
176682382#1r,driving:osm_id:176682382,0,0,0,0,0
176684623#2r,driving:osm_id:176684623,0,0,0,0,0
177189425#2r,driving:osm_id:177189425,0,0,0,0,1
200502086#4r,driving:osm_id:200502086,0,0,0,-1,0
200502086#3r,driving:osm_id:200502086,0,-1,-1,-1,0
214635115#1r,driving:osm_id:214635115,0,0,0,0,1
214635117#2r,driving:osm_id:214635117,0,1,1,1,2
360063227#1r,driving:osm_id:360063227,0,-1,-1,-1,-1
448186716#1r,driving:osm_id:448186716,0,0,0,0,0
448285212#1r,driving:osm_id:448285212,0,0,0,-1,0
503638814#2r,driving:osm_id:503638814,0,-1,-1,-1,0
572941874#3r,driving:osm_id:572941874,0,-1,-1,-1,-1
572941874#2r,driving:osm_id:572941874,0,-1,-1,-1,-1
664388472#1r,driving:osm_id:664388472,0,1,1,1,1
690914543#2r,driving:osm_id:690914543,0,1,1,1,1
766768153#3r,driving:osm_id:766768153,0,0,0,0,0
833633729#1r,driving:osm_id:833633729,0,-1,-1,-1,-1
834313093#3r,driving:osm_id:834313093,0,0,0,0,0
850261577#2r,driving:osm_id:850261577,0,1,1,1,1
850261602#1r,driving:osm_id:850261602,0,-1,-1,-1,-1
946562629#1r,driving:osm_id:946562629,-1,-2,-1,-1,-1
1034247203#1r,driving:osm_id:1034247203,0,-2,-2,-2,-2
1086377394#1r,driving:osm_id:1086377394,0,1,1,1,1
1099877048#1r,driving:osm_id:1099877048,0,-1,-1,-1,0
1202361416#2r,driving:osm_id:1202361416,0,-1,-1,-1,-1
1230398878#1r,driving:osm_id:1230398878,0,1,1,1,1
1342556412#3r,driving:osm_id:1342556412,0,0,0,0,0
1549110515#2r,driving:osm_id:1549110515,0,0,0,0,0
4227216#3r,driving:osm_id:4227216,0,-1,-1,-1,-1
4230011#4r,driving:osm_id:4230011,0,0,0,0,0
35092475#5r,driving:osm_id:35092475,0,0,0,0,1
78147640#1r,driving:osm_id:78147640,-1,-1,-1,-1,-1
93137558#3r,driving:osm_id:93137558,0,0,0,0,1
157719653#1r,driving:osm_id:157719653,-1,-1,-1,-2,-1
159170465#4r,driving:osm_id:159170465,0,0,1,1,1
160004393#1r,driving:osm_id:160004393,0,-1,0,0,0
161733292#1r,driving:osm_id:161733292,0,-1,-1,-1,-1
161887492#2r,driving:osm_id:161887492,0,-1,-1,-1,-1
164338218#1r,driving:osm_id:164338218,0,1,1,1,1
164338222#1r,driving:osm_id:164338222,0,-1,-1,-2,-1
164338230#4r,driving:osm_id:164338230,0,0,0,0,0
166149542#3r,driving:osm_id:166149542,0,0,1,1,1
176321050#3r,driving:osm_id:176321050,0,1,1,1,1
176682382#3r,driving:osm_id:176682382,0,0,0,0,0
176752959#1r,driving:osm_id:176752959,0,0,0,-1,0
177588308#2r,driving:osm_id:177588308,0,-1,-1,-1,-1
177590090#1r,driving:osm_id:177590090,-1,-1,-1,-1,0
214635117#3r,driving:osm_id:214635117,0,1,2,1,2
308214646#2r,driving:osm_id:308214646,0,0,0,0,0
360063227#2r,driving:osm_id:360063227,0,-1,-1,-1,-1
450454878#1r,driving:osm_id:450454878,0,-1,-1,-1,-1
503559464#5r,driving:osm_id:503559464,0,-1,-1,-1,-1
503559464#1r,driving:osm_id:503559464,0,-1,-1,-1,-1
503783368#1r,driving:osm_id:503783368,1,2,2,1,2
503783378#1r,driving:osm_id:503783378,0,1,1,1,1
688731299#3r,driving:osm_id:688731299,0,0,1,0,1
689855607#1r,driving:osm_id:689855607,0,0,0,0,0
690914538#1r,driving:osm_id:690914538,0,1,1,1,1
809470170#2r,driving:osm_id:809470170,0,0,0,0,0
833538179#2r,driving:osm_id:833538179,0,0,0,0,0
850261602#6r,driving:osm_id:850261602,0,-1,-1,-1,-1
850261602#5r,driving:osm_id:850261602,0,-1,-1,-1,-1
863835496#1r,driving:osm_id:863835496,0,0,0,0,0
1019646822#2r,driving:osm_id:1019646822,0,0,0,0,0
1082312613#1r,driving:osm_id:1082312613,0,-1,-1,-1,-1
1086377386#2r,driving:osm_id:1086377386,0,1,1,1,1
1203849334#2r,driving:osm_id:1203849334,0,-1,-1,-1,-1
1449972061#1r,driving:osm_id:1449972061,0,1,1,1,1
1452797913#1r,driving:osm_id:1452797913,0,0,0,0,0
1452797915#1r,driving:osm_id:1452797915,0,0,0,0,0
4097656#2r,driving:osm_id:4097656,0,0,0,0,1
4227208#2r,driving:osm_id:4227208,0,0,0,0,1
4227216#1r,driving:osm_id:4227216,0,-1,-1,-1,-1
4229327#1r,driving:osm_id:4229327,0,1,1,1,2
4229536#1r,driving:osm_id:4229536,0,-1,-1,-1,0
4230009#1r,driving:osm_id:4230009,0,0,0,0,1
4230011#2r,driving:osm_id:4230011,0,0,0,0,0
4230105#4r,driving:osm_id:4230105,0,0,0,0,0
4230891#4r,driving:osm_id:4230891,-1,-1,-1,-1,-1
31900611#3r,driving:osm_id:31900611,0,0,0,0,0
31900636#1r,driving:osm_id:31900636,0,0,0,0,0
33749607#2r,driving:osm_id:33749607,0,-1,-1,-1,-1
35092475#3r,driving:osm_id:35092475,0,0,1,0,1
120062666#1r,driving:osm_id:120062666,-1,-2,-2,-2,-2
155085109#1r,driving:osm_id:155085109,0,1,1,1,1
155085119#3r,driving:osm_id:155085119,0,1,1,1,1
158007923#1r,driving:osm_id:158007923,0,0,0,0,0
158189831#1r,driving:osm_id:158189831,0,0,0,0,0
158215184#6r,driving:osm_id:158215184,0,0,0,0,1
158215184#5r,driving:osm_id:158215184,0,0,0,0,0
158215196#1r,driving:osm_id:158215196,-1,-2,-1,-1,-1
161752639#1r,driving:osm_id:161752639,0,0,0,0,0
161882805#1r,driving:osm_id:161882805,0,1,1,1,1
161887494#2r,driving:osm_id:161887494,0,-1,-1,-1,-1
164338230#1r,driving:osm_id:164338230,0,0,0,0,0
164338247#3r,driving:osm_id:164338247,0,0,0,0,0
165636031#2r,driving:osm_id:165636031,0,0,0,0,0
166009791#1r,driving:osm_id:166009791,0,0,0,0,1
166149542#4r,driving:osm_id:166149542,0,0,0,0,1
166399486#2r,driving:osm_id:166399486,0,0,0,0,0
166399487#1r,driving:osm_id:166399487,0,1,1,1,1
176321050#1r,driving:osm_id:176321050,0,0,1,1,1
176333307#2r,driving:osm_id:176333307,0,0,0,0,0
176333307#1r,driving:osm_id:176333307,0,0,0,0,0
176333307#3r,driving:osm_id:176333307,0,0,0,0,0
176334441#1r,driving:osm_id:176334441,-1,0,0,0,0
176477342#4r,driving:osm_id:176477342,0,1,1,1,1
176577460#2r,driving:osm_id:176577460,0,0,0,0,1
176674530#3r,driving:osm_id:176674530,0,0,0,0,0
177590093#1r,driving:osm_id:177590093,0,0,0,0,0
181479771#5r,driving:osm_id:181479771,0,1,1,1,1
200502086#2r,driving:osm_id:200502086,0,-1,-1,-1,0
214635117#5r,driving:osm_id:214635117,0,1,1,1,2
226201294#1r,driving:osm_id:226201294,0,0,0,0,0
503475643#1r,driving:osm_id:503475643,0,1,2,2,2
503559464#4r,driving:osm_id:503559464,0,-1,-1,-1,-1
503638814#1r,driving:osm_id:503638814,0,-1,-1,-1,0
503753417#1r,driving:osm_id:503753417,0,-1,-1,-1,0
503813546#1r,driving:osm_id:503813546,0,0,0,-1,0
689855606#1r,driving:osm_id:689855606,0,0,0,0,0
693487406#1r,driving:osm_id:693487406,0,0,0,0,0
850261580#2r,driving:osm_id:850261580,0,1,1,1,1
1081601380#2r,driving:osm_id:1081601380,0,0,0,0,0
1086377394#2r,driving:osm_id:1086377394,0,1,1,1,1
1197885780#1r,driving:osm_id:1197885780,-1,0,0,0,0
1202361416#1r,driving:osm_id:1202361416,0,-1,-1,-1,-1
1365041486#1r,driving:osm_id:1365041486,-1,-2,-2,-2,-2
1365041529#2r,driving:osm_id:1365041529,0,0,0,0,0
1453165194#2r,driving:osm_id:1453165194,-1,0,0,0,0
1549110516#4r,driving:osm_id:1549110516,-1,-2,-2,-2,-1
4230122#3r,driving:osm_id:4230122,0,-1,-1,-1,-1
4230891#1r,driving:osm_id:4230891,-1,-1,-1,-1,-1
31900611#2r,driving:osm_id:31900611,0,0,0,0,0
39839529#1r,driving:osm_id:39839529,0,0,0,0,0
92627406#4r,driving:osm_id:92627406,0,-1,-1,-1,0
93091320#1r,driving:osm_id:93091320,0,-1,-1,-1,-1
120113156#2r,driving:osm_id:120113156,1,-1,-1,-1,0
156772047#6r,driving:osm_id:156772047,0,-1,-1,-1,-1
156780348#1r,driving:osm_id:156780348,0,0,0,0,0
157719645#2r,driving:osm_id:157719645,0,-1,0,0,0
158189830#1r,driving:osm_id:158189830,0,0,0,0,0
158215184#7r,driving:osm_id:158215184,0,0,0,0,1
161887492#1r,driving:osm_id:161887492,0,-1,-1,-1,-1
165636046#2r,driving:osm_id:165636046,0,0,0,0,0
166399501#4r,driving:osm_id:166399501,0,0,0,-1,0
169297863#2r,driving:osm_id:169297863,0,0,0,0,0
176321050#2r,driving:osm_id:176321050,0,0,0,0,1
176334442#1r,driving:osm_id:176334442,0,0,0,0,0
176336377#1r,driving:osm_id:176336377,0,-1,-1,-1,-1
176477342#1r,driving:osm_id:176477342,0,0,0,0,1
176577460#5r,driving:osm_id:176577460,0,0,0,0,0
176577460#3r,driving:osm_id:176577460,0,0,0,0,1
176682613#1r,driving:osm_id:176682613,0,0,0,0,0
176684623#1r,driving:osm_id:176684623,0,0,0,0,0
176760116#2r,driving:osm_id:176760116,0,1,1,1,1
176760117#1r,driving:osm_id:176760117,0,1,1,1,1
177052555#1r,driving:osm_id:177052555,-1,-2,-2,-2,-2
214635117#1r,driving:osm_id:214635117,0,1,1,1,1
220547252#1r,driving:osm_id:220547252,0,-1,0,0,0
448186716#2r,driving:osm_id:448186716,0,0,0,0,0
503475643#2r,driving:osm_id:503475643,0,1,1,1,2
568187257#2r,driving:osm_id:568187257,0,-1,0,0,0
690914541#1r,driving:osm_id:690914541,0,1,1,1,1
778744698#2r,driving:osm_id:778744698,0,-1,-1,-1,-1
849737743#2r,driving:osm_id:849737743,0,1,1,1,1
850261602#2r,driving:osm_id:850261602,0,-1,-1,-1,-1
851792659#1r,driving:osm_id:851792659,0,0,0,0,0
851991828#2r,driving:osm_id:851991828,0,0,0,0,0
1082312612#2r,driving:osm_id:1082312612,0,-1,-1,-1,0
1086377399#3r,driving:osm_id:1086377399,0,0,0,0,0
1099877048#2r,driving:osm_id:1099877048,0,0,0,-1,0
1342546058#2r,driving:osm_id:1342546058,0,0,0,0,0
1451501763#1r,driving:osm_id:1451501763,0,0,0,0,1
1549110515#1r,driving:osm_id:1549110515,0,-1,-1,-1,0
1549110516#1r,driving:osm_id:1549110516,-1,-1,-1,-1,-1
4230114#1r,driving:osm_id:4230114,0,1,1,0,1
25082741#5r,driving:osm_id:25082741,0,0,1,1,1
31900611#4r,driving:osm_id:31900611,0,0,0,0,0
31900611#1r,driving:osm_id:31900611,0,0,0,0,0
93137575#1r,driving:osm_id:93137575,0,0,0,0,0
94399455#1r,driving:osm_id:94399455,0,1,1,1,1
128273234#2r,driving:osm_id:128273234,0,1,1,1,1
156772047#1r,driving:osm_id:156772047,0,-1,-1,-1,-1
156772047#7r,driving:osm_id:156772047,0,-1,-1,-1,-1
156772047#9r,driving:osm_id:156772047,0,-1,-1,-1,-1
157719645#12r,driving:osm_id:157719645,0,1,1,1,1
157719652#1r,driving:osm_id:157719652,0,1,1,-1,1
159170458#2r,driving:osm_id:159170458,0,0,0,0,0
160004398#1r,driving:osm_id:160004398,-1,-1,-1,-1,-1
161775593#1r,driving:osm_id:161775593,0,1,1,1,1
161887489#1r,driving:osm_id:161887489,0,-1,-1,-1,-1
165636031#5r,driving:osm_id:165636031,0,0,1,1,1
166009792#5r,driving:osm_id:166009792,0,2,2,0,2
166149542#1r,driving:osm_id:166149542,0,1,1,0,1
166149542#2r,driving:osm_id:166149542,0,1,1,1,1
166399478#9r,driving:osm_id:166399478,0,1,1,1,1
166399478#3r,driving:osm_id:166399478,0,0,1,0,1
166399487#4r,driving:osm_id:166399487,0,1,1,1,1
166399501#1r,driving:osm_id:166399501,0,0,0,0,0
166399501#2r,driving:osm_id:166399501,0,0,0,0,0
167625739#1r,driving:osm_id:167625739,0,1,1,1,1
176337641#4r,driving:osm_id:176337641,0,0,0,0,0
177588306#1r,driving:osm_id:177588306,0,-1,-1,-1,-1
214635117#7r,driving:osm_id:214635117,0,1,2,2,2
254596488#1r,driving:osm_id:254596488,0,1,1,-1,1
308214646#3r,driving:osm_id:308214646,0,0,0,0,0
317925725#2r,driving:osm_id:317925725,0,1,1,0,1
334368435#1r,driving:osm_id:334368435,0,-1,-1,-1,-1
334520662#1r,driving:osm_id:334520662,0,0,0,0,0
348748065#2r,driving:osm_id:348748065,0,1,1,1,1
434567309#2r,driving:osm_id:434567309,0,0,0,0,0
448186736#2r,driving:osm_id:448186736,0,1,1,1,1
448186736#1r,driving:osm_id:448186736,0,1,1,1,1
448186736#4r,driving:osm_id:448186736,0,1,1,1,1
503434370#2r,driving:osm_id:503434370,0,1,1,1,1
503475642#2r,driving:osm_id:503475642,0,1,1,1,2
503783375#1r,driving:osm_id:503783375,0,1,1,1,1
586268005#2r,driving:osm_id:586268005,0,0,0,0,0
688731299#5r,driving:osm_id:688731299,0,0,0,0,1
788197747#1r,driving:osm_id:788197747,0,2,2,2,2
834313093#1r,driving:osm_id:834313093,0,0,0,0,0
834313093#4r,driving:osm_id:834313093,0,0,0,0,0
850261601#2r,driving:osm_id:850261601,0,-1,-1,-1,-1
1024523798#1r,driving:osm_id:1024523798,0,-1,-1,-1,-1
1031828867#1r,driving:osm_id:1031828867,0,-1,-1,-1,-1
1233853668#1r,driving:osm_id:1233853668,0,1,1,1,2
1342546058#3r,driving:osm_id:1342546058,0,0,0,0,0
1365041523#1r,driving:osm_id:1365041523,0,0,0,0,0
1549110518#1r,driving:osm_id:1549110518,1,1,1,1,1
4227216#2r,driving:osm_id:4227216,0,-1,-1,-1,-1
4229325#2r,driving:osm_id:4229325,0,1,1,1,2
4230006#3r,driving:osm_id:4230006,0,0,0,0,1
4230099#4r,driving:osm_id:4230099,0,0,0,0,0
4230100#1r,driving:osm_id:4230100,0,0,0,0,0
4230122#1r,driving:osm_id:4230122,0,-1,-1,-1,-1
4230122#2r,driving:osm_id:4230122,0,-1,-1,-1,-1
24672709#1r,driving:osm_id:24672709,0,-1,-1,-1,-1
25082741#1r,driving:osm_id:25082741,0,1,1,1,2
33749607#1r,driving:osm_id:33749607,0,-1,-1,-1,-1
92627405#1r,driving:osm_id:92627405,1,-1,2,2,2
157719645#7r,driving:osm_id:157719645,0,0,0,0,0
158215184#2r,driving:osm_id:158215184,0,0,0,0,0
158215192#1r,driving:osm_id:158215192,0,1,1,1,1
161752639#2r,driving:osm_id:161752639,0,-1,-1,-1,0
161769679#1r,driving:osm_id:161769679,0,-1,-1,-1,-1
161775593#2r,driving:osm_id:161775593,0,1,1,1,2
166009792#2r,driving:osm_id:166009792,0,2,2,1,2
166399478#7r,driving:osm_id:166399478,0,1,2,1,2
166399487#3r,driving:osm_id:166399487,0,1,1,0,1
166399488#1r,driving:osm_id:166399488,0,0,0,0,1
176577460#4r,driving:osm_id:176577460,0,0,0,0,1
176682382#4r,driving:osm_id:176682382,0,0,0,0,0
176760116#1r,driving:osm_id:176760116,0,1,1,1,1
176774211#2r,driving:osm_id:176774211,0,0,0,0,0
177045624#1r,driving:osm_id:177045624,0,0,0,0,0
177189425#4r,driving:osm_id:177189425,0,1,1,1,1
214635117#6r,driving:osm_id:214635117,0,2,2,2,2
261740025#1r,driving:osm_id:261740025,0,0,0,0,0
278143571#1r,driving:osm_id:278143571,-1,-1,-1,-1,-1
318654737#1r,driving:osm_id:318654737,0,1,1,1,1
503813534#1r,driving:osm_id:503813534,0,0,0,0,0
568187257#5r,driving:osm_id:568187257,0,0,0,0,0
720165108#2r,driving:osm_id:720165108,0,-1,-1,-1,-1
766768153#1r,driving:osm_id:766768153,0,0,0,0,0
778744698#4r,driving:osm_id:778744698,0,-1,-1,-1,-1
834616138#1r,driving:osm_id:834616138,0,0,0,0,0
849737743#1r,driving:osm_id:849737743,0,1,1,1,1
850261602#7r,driving:osm_id:850261602,0,-1,-1,-1,-1
981971425#2r,driving:osm_id:981971425,0,0,0,0,0
1001561438#1r,driving:osm_id:1001561438,0,1,1,0,1
1202747623#1r,driving:osm_id:1202747623,0,0,0,0,0
1365041486#2r,driving:osm_id:1365041486,-1,-2,-2,-2,-2
1410590317#1r,driving:osm_id:1410590317,0,1,1,1,1
1452797915#2r,driving:osm_id:1452797915,0,0,0,0,0
1549110517#1r,driving:osm_id:1549110517,0,1,1,1,1
4229326#1r,driving:osm_id:4229326,0,1,1,1,1
4230099#2r,driving:osm_id:4230099,0,0,0,0,0
4230099#1r,driving:osm_id:4230099,0,0,0,0,0
4230114#3r,driving:osm_id:4230114,0,1,1,1,1
25082741#4r,driving:osm_id:25082741,0,1,1,1,2
67923339#1r,driving:osm_id:67923339,0,1,1,1,1
67923339#3r,driving:osm_id:67923339,0,1,1,1,1
78141882#1r,driving:osm_id:78141882,0,1,1,1,1
92627418#1r,driving:osm_id:92627418,-1,-1,-1,-1,-1
92627426#1r,driving:osm_id:92627426,0,-2,-2,-2,-2
92627433#1r,driving:osm_id:92627433,-1,0,0,0,0
92627436#1r,driving:osm_id:92627436,1,1,1,0,1
157719645#8r,driving:osm_id:157719645,0,1,1,0,1
157719645#1r,driving:osm_id:157719645,0,0,0,0,0
157719701#1r,driving:osm_id:157719701,0,-1,-1,-1,-1
159170458#1r,driving:osm_id:159170458,0,0,0,0,0
166149542#6r,driving:osm_id:166149542,0,2,2,1,2
166149556#1r,driving:osm_id:166149556,0,1,1,1,1
166399496#1r,driving:osm_id:166399496,0,1,1,1,1
168890950#1r,driving:osm_id:168890950,0,1,1,1,2
176336113#1r,driving:osm_id:176336113,0,0,0,0,0
176674530#2r,driving:osm_id:176674530,0,0,0,0,0
182692350#1r,driving:osm_id:182692350,0,1,1,1,1
254596486#1r,driving:osm_id:254596486,0,1,1,0,1
334364604#1r,driving:osm_id:334364604,0,-1,-1,-1,-1
338900930#1r,driving:osm_id:338900930,0,-2,-2,-2,-2
423632264#2r,driving:osm_id:423632264,0,-1,-1,-1,0
435061380#1r,driving:osm_id:435061380,0,1,1,1,1
766768153#6r,driving:osm_id:766768153,0,-1,-1,-1,0
766768153#4r,driving:osm_id:766768153,0,0,0,0,0
766768153#2r,driving:osm_id:766768153,0,0,0,0,0
778494662#1r,driving:osm_id:778494662,0,0,0,0,0
833538179#1r,driving:osm_id:833538179,0,0,0,0,0
849737729#1r,driving:osm_id:849737729,0,0,0,0,0
851792660#1r,driving:osm_id:851792660,0,1,1,1,2
863835496#2r,driving:osm_id:863835496,0,0,0,0,0
982061461#1r,driving:osm_id:982061461,0,-1,-1,-1,0
1034851195#2r,driving:osm_id:1034851195,0,0,0,0,0
1034851195#1r,driving:osm_id:1034851195,0,0,0,0,0
1082281156#2r,driving:osm_id:1082281156,0,1,1,1,1
1082281160#1r,driving:osm_id:1082281160,0,1,1,1,1
1082515450#1r,driving:osm_id:1082515450,0,0,0,0,2
1086377399#2r,driving:osm_id:1086377399,0,0,0,0,0
1319454161#1r,driving:osm_id:1319454161,0,0,0,0,0
1342546111#2r,driving:osm_id:1342546111,0,-1,-1,-1,-1
1449972043#1r,driving:osm_id:1449972043,0,1,1,1,1
1549110517#2r,driving:osm_id:1549110517,0,1,1,1,1
4229536#2r,driving:osm_id:4229536,0,0,0,-1,0
4230011#3r,driving:osm_id:4230011,0,0,0,0,0
4230105#1r,driving:osm_id:4230105,0,0,0,0,0
4230105#3r,driving:osm_id:4230105,0,0,0,0,0
4230119#1r,driving:osm_id:4230119,0,-1,-1,-1,-1
25082741#2r,driving:osm_id:25082741,0,2,2,2,2
25179329#1r,driving:osm_id:25179329,0,0,0,0,1
41929969#1r,driving:osm_id:41929969,0,0,0,-1,0
67923338#2r,driving:osm_id:67923338,0,0,0,0,0
93091320#2r,driving:osm_id:93091320,0,-1,-1,-1,-1
93137558#4r,driving:osm_id:93137558,0,0,1,1,1
128273234#1r,driving:osm_id:128273234,0,0,0,0,1
156772047#3r,driving:osm_id:156772047,0,-1,-1,-1,-1
157719645#5r,driving:osm_id:157719645,0,0,0,0,0
157719668#2r,driving:osm_id:157719668,0,0,1,1,1
158215191#1r,driving:osm_id:158215191,0,1,1,1,1
159170465#3r,driving:osm_id:159170465,0,1,1,1,1
160004399#1r,driving:osm_id:160004399,0,-1,-1,-1,-1
166856356#1r,driving:osm_id:166856356,0,-1,-1,-1,-1
169297863#1r,driving:osm_id:169297863,0,0,0,0,0
176337641#2r,driving:osm_id:176337641,0,0,0,0,0
176577460#7r,driving:osm_id:176577460,0,-1,0,0,0
176674530#1r,driving:osm_id:176674530,0,0,0,0,0
181479771#2r,driving:osm_id:181479771,0,1,1,1,2
200507331#2r,driving:osm_id:200507331,0,1,1,1,2
214635117#8r,driving:osm_id:214635117,0,1,1,1,2
348748065#1r,driving:osm_id:348748065,0,1,1,1,1
423873046#1r,driving:osm_id:423873046,0,0,0,-1,0
434567309#1r,driving:osm_id:434567309,0,0,0,0,0
446542427#2r,driving:osm_id:446542427,0,0,0,0,0
586268005#1r,driving:osm_id:586268005,0,0,0,0,0
686878340#2r,driving:osm_id:686878340,0,0,0,0,0
688731299#1r,driving:osm_id:688731299,0,1,1,1,1
690914543#1r,driving:osm_id:690914543,0,1,1,1,1
693487406#2r,driving:osm_id:693487406,0,0,0,0,0
693487406#3r,driving:osm_id:693487406,0,0,0,0,0
833633729#2r,driving:osm_id:833633729,0,-1,-1,-1,-1
834313093#2r,driving:osm_id:834313093,0,0,0,0,0
835382435#1r,driving:osm_id:835382435,0,-1,-1,-1,-1
840101178#1r,driving:osm_id:840101178,0,-2,-2,-2,-2
840345537#1r,driving:osm_id:840345537,0,-2,-2,-2,-2
850261602#3r,driving:osm_id:850261602,0,-1,-1,-1,-1
939532441#1r,driving:osm_id:939532441,-1,-1,-1,-1,-1
1024523797#1r,driving:osm_id:1024523797,-1,-2,-2,-2,-1
1034247204#2r,driving:osm_id:1034247204,0,-1,-1,-1,-1
1082281160#2r,driving:osm_id:1082281160,0,1,1,1,1
1146071897#1r,driving:osm_id:1146071897,0,1,1,1,1
1202747622#2r,driving:osm_id:1202747622,0,0,0,0,0
1314186412#2r,driving:osm_id:1314186412,0,0,0,0,0
1443764723#2r,driving:osm_id:1443764723,0,0,0,0,0
1549110516#2r,driving:osm_id:1549110516,-1,-1,-1,-1,-1
4097656#1r,driving:osm_id:4097656,0,1,1,1,2
4227209#2r,driving:osm_id:4227209,0,1,1,1,1
4229539#2r,driving:osm_id:4229539,0,1,1,1,1
4230011#1r,driving:osm_id:4230011,0,0,0,0,0
25179329#2r,driving:osm_id:25179329,0,0,0,0,1
39839529#3r,driving:osm_id:39839529,0,-1,-1,-1,0
78141881#1r,driving:osm_id:78141881,-1,-2,-2,-2,-2
92627403#1r,driving:osm_id:92627403,0,-1,0,-1,0
93137558#1r,driving:osm_id:93137558,0,0,1,0,1
93137615#4r,driving:osm_id:93137615,0,0,0,0,0
120113157#1r,driving:osm_id:120113157,-1,-2,-2,-2,-2
150050283#3r,driving:osm_id:150050283,0,-1,-1,-1,-1
157719645#10r,driving:osm_id:157719645,0,1,1,1,1
158189831#3r,driving:osm_id:158189831,0,0,0,0,0
158215176#1r,driving:osm_id:158215176,-1,0,0,0,0
158215191#3r,driving:osm_id:158215191,0,1,1,1,1
159170465#2r,driving:osm_id:159170465,0,1,1,1,1
161752641#1r,driving:osm_id:161752641,0,0,0,0,0
164338247#5r,driving:osm_id:164338247,0,0,0,0,0
165636031#4r,driving:osm_id:165636031,0,0,0,0,1
166399478#4r,driving:osm_id:166399478,0,0,0,0,1
166399487#6r,driving:osm_id:166399487,0,1,1,1,1
166856355#1r,driving:osm_id:166856355,-1,-1,-1,-1,-1
167625742#1r,driving:osm_id:167625742,0,-1,-1,-1,-1
176477342#2r,driving:osm_id:176477342,0,0,0,0,1
176577460#1r,driving:osm_id:176577460,0,0,0,0,1
177588306#2r,driving:osm_id:177588306,0,-1,-1,-1,-1
182694289#1r,driving:osm_id:182694289,0,-1,-1,-1,0
353889390#1r,driving:osm_id:353889390,0,0,0,0,1
360063232#1r,driving:osm_id:360063232,0,0,0,-2,0
503475642#1r,driving:osm_id:503475642,0,2,2,1,2
503783369#1r,driving:osm_id:503783369,0,1,1,-1,1
572941874#1r,driving:osm_id:572941874,0,-1,-1,-1,-1
688731299#2r,driving:osm_id:688731299,0,0,1,1,1
690914540#1r,driving:osm_id:690914540,0,1,1,1,1
809470170#1r,driving:osm_id:809470170,0,0,0,0,0
849737746#2r,driving:osm_id:849737746,0,0,0,0,0
962525763#1r,driving:osm_id:962525763,0,-1,-1,-1,-1
1297328848#1r,driving:osm_id:1297328848,0,0,0,0,0
1342556413#2r,driving:osm_id:1342556413,0,0,0,0,0
1410590314#1r,driving:osm_id:1410590314,0,1,1,1,1
1443764724#2r,driving:osm_id:1443764724,0,0,0,0,0
1549110527#1r,driving:osm_id:1549110527,-1,-2,-2,-2,-2
4097656#4r,driving:osm_id:4097656,0,1,1,0,1
4098197#4r,driving:osm_id:4098197,0,0,0,0,0
4098197#3r,driving:osm_id:4098197,0,0,0,0,0
4230006#2r,driving:osm_id:4230006,0,0,0,0,1
4230007#2r,driving:osm_id:4230007,0,0,0,0,0
4230011#5r,driving:osm_id:4230011,0,0,0,0,1
4230099#6r,driving:osm_id:4230099,0,-1,-1,-1,0
4230114#2r,driving:osm_id:4230114,0,1,1,1,1
4230118#2r,driving:osm_id:4230118,0,-1,-1,-1,0
25082741#3r,driving:osm_id:25082741,0,1,2,2,2
35092475#4r,driving:osm_id:35092475,0,0,0,0,1
92627406#6r,driving:osm_id:92627406,0,0,0,0,0
92627427#1r,driving:osm_id:92627427,0,-1,0,-1,0
93137627#1r,driving:osm_id:93137627,0,-1,-1,-1,-1
155085108#1r,driving:osm_id:155085108,0,1,1,0,1
155085119#1r,driving:osm_id:155085119,0,1,1,1,1
155085120#2r,driving:osm_id:155085120,0,-1,-1,-1,-1
156772047#5r,driving:osm_id:156772047,0,-1,-1,-1,-1
158007891#2r,driving:osm_id:158007891,0,2,2,2,2
158215184#1r,driving:osm_id:158215184,0,0,0,0,0
158215184#3r,driving:osm_id:158215184,0,0,0,0,0
159170458#3r,driving:osm_id:159170458,0,0,0,0,0
159175448#3r,driving:osm_id:159175448,0,1,1,1,1
164338230#5r,driving:osm_id:164338230,0,0,0,0,0
165636046#3r,driving:osm_id:165636046,0,0,0,0,0
165636047#3r,driving:osm_id:165636047,0,0,0,0,0
166399478#8r,driving:osm_id:166399478,0,1,1,1,2
166399478#5r,driving:osm_id:166399478,0,1,1,1,2
166399487#2r,driving:osm_id:166399487,0,0,1,1,1
176774211#1r,driving:osm_id:176774211,0,0,0,0,0
177189425#3r,driving:osm_id:177189425,0,0,0,0,1
177231049#1r,driving:osm_id:177231049,0,1,1,1,1
177546829#1r,driving:osm_id:177546829,0,-1,-1,-1,-1
177590090#2r,driving:osm_id:177590090,-1,-1,-1,-1,-1
181479771#7r,driving:osm_id:181479771,0,0,1,0,1
181479771#4r,driving:osm_id:181479771,0,1,1,1,2
254596487#1r,driving:osm_id:254596487,-1,-2,-1,-1,-1
317925725#1r,driving:osm_id:317925725,0,0,1,1,1
334773233#1r,driving:osm_id:334773233,0,-1,-1,-1,-1
446542427#3r,driving:osm_id:446542427,0,0,0,0,0
448186736#3r,driving:osm_id:448186736,0,1,1,1,1
503559464#2r,driving:osm_id:503559464,0,-1,-1,-1,-1
214636589#1r,driving:osm_id:214636589,0,0,1,1,1
214636589#2r,driving:osm_id:214636589,0,0,0,0,1
254596870#1r,driving:osm_id:254596870,0,0,0,-1,0
254596870#2r,driving:osm_id:254596870,0,0,0,0,1
334511470#1r,driving:osm_id:334511470,0,1,1,1,1
687577826#1r,driving:osm_id:687577826,0,1,1,1,1
687577826#2r,driving:osm_id:687577826,0,1,1,1,1
699218006#1r,driving:osm_id:699218006,0,1,1,1,1
699218006#2r,driving:osm_id:699218006,0,1,1,1,2
834185366#1r,driving:osm_id:834185366,0,0,0,0,0
834185366#2r,driving:osm_id:834185366,0,0,0,0,0
851792658#1r,driving:osm_id:851792658,-1,0,0,0,0
851792658#2r,driving:osm_id:851792658,-1,0,0,0,0
1342546059#1r,driving:osm_id:1342546059,0,0,0,0,0
1549110514#1r,driving:osm_id:1549110514,0,0,0,0,0
503783376#1r,driving:osm_id:503783376,0,0,1,1,1
568187257#1r,driving:osm_id:568187257,0,0,0,0,0
690914539#1r,driving:osm_id:690914539,0,1,1,1,1
690914542#3r,driving:osm_id:690914542,0,1,1,1,2
690914542#2r,driving:osm_id:690914542,0,1,1,1,2
766768153#5r,driving:osm_id:766768153,0,0,0,0,0
834616138#2r,driving:osm_id:834616138,0,0,0,0,0
835609340#2r,driving:osm_id:835609340,0,0,0,0,0
850261577#1r,driving:osm_id:850261577,0,1,1,1,1
854880222#1r,driving:osm_id:854880222,0,0,0,0,0
1081601380#1r,driving:osm_id:1081601380,0,0,0,0,0
1086377386#1r,driving:osm_id:1086377386,0,1,1,1,1
1203849334#1r,driving:osm_id:1203849334,0,-1,-1,-1,-1
1342556412#1r,driving:osm_id:1342556412,0,0,0,0,0
1365041526#1r,driving:osm_id:1365041526,0,0,0,0,0
1365209993#1r,driving:osm_id:1365209993,0,-2,-2,-2,-2
1549110515#3r,driving:osm_id:1549110515,0,0,0,0,0
4230891#2r,driving:osm_id:4230891,-1,-2,-1,-1,-1
35092475#1r,driving:osm_id:35092475,0,1,1,1,2
78149827#1r,driving:osm_id:78149827,-1,-2,-1,-1,-1
92627406#2r,driving:osm_id:92627406,0,0,0,0,0
93137573#1r,driving:osm_id:93137573,0,0,0,0,0
93137575#2r,driving:osm_id:93137575,0,0,0,0,0
93137606#1r,driving:osm_id:93137606,1,0,1,0,1
157719641#1r,driving:osm_id:157719641,0,0,0,0,1
157719652#2r,driving:osm_id:157719652,0,0,0,0,1
158189817#2r,driving:osm_id:158189817,0,1,1,1,1
158189831#2r,driving:osm_id:158189831,0,0,0,0,0
158215191#2r,driving:osm_id:158215191,0,1,1,1,1
158215197#1r,driving:osm_id:158215197,0,1,1,1,1
159175448#1r,driving:osm_id:159175448,0,1,1,1,1
164338247#1r,driving:osm_id:164338247,0,0,0,0,0
165636031#3r,driving:osm_id:165636031,0,0,0,0,1
165636047#2r,driving:osm_id:165636047,0,0,0,0,0
166009792#4r,driving:osm_id:166009792,0,0,2,1,2
166399478#6r,driving:osm_id:166399478,0,1,1,1,2
166643408#2r,driving:osm_id:166643408,0,0,0,0,0
176333307#4r,driving:osm_id:176333307,0,-1,-1,-1,0
176334442#2r,driving:osm_id:176334442,0,0,0,0,0
176577460#6r,driving:osm_id:176577460,0,0,0,0,0
176674530#4r,driving:osm_id:176674530,0,0,0,0,0
176776353#1r,driving:osm_id:176776353,0,0,0,0,0
200502086#1r,driving:osm_id:200502086,0,-1,-1,-1,0
278143566#1r,driving:osm_id:278143566,0,0,0,0,0
294081873#1r,driving:osm_id:294081873,0,0,0,0,0
360063233#1r,driving:osm_id:360063233,0,-1,-1,-1,-1
503434370#1r,driving:osm_id:503434370,0,1,1,1,1
503638814#3r,driving:osm_id:503638814,0,-1,-1,-1,0
568187257#3r,driving:osm_id:568187257,0,-1,-1,-1,0
688731299#4r,driving:osm_id:688731299,0,1,1,0,1
690914551#2r,driving:osm_id:690914551,0,0,0,0,0
690914551#1r,driving:osm_id:690914551,0,0,0,0,0
693487406#4r,driving:osm_id:693487406,0,0,0,0,0
720165108#1r,driving:osm_id:720165108,0,-1,-1,-1,-1
778744698#1r,driving:osm_id:778744698,0,-1,-1,-1,-1
834185360#1r,driving:osm_id:834185360,0,0,0,0,0
850261602#4r,driving:osm_id:850261602,0,-1,-1,-1,-1
879995944#1r,driving:osm_id:879995944,0,-1,-1,-1,-1
981971425#1r,driving:osm_id:981971425,0,0,0,0,0
1019646823#1r,driving:osm_id:1019646823,0,2,2,2,2
1342546065#1r,driving:osm_id:1342546065,0,0,0,0,0
1342546088#1r,driving:osm_id:1342546088,0,-1,-1,-1,-1
1342556412#2r,driving:osm_id:1342556412,0,0,0,0,0
1443764723#1r,driving:osm_id:1443764723,0,0,0,0,0
1488095482#1r,driving:osm_id:1488095482,0,0,0,0,0
1549110516#3r,driving:osm_id:1549110516,-1,-1,-1,-1,-1
1549110517#3r,driving:osm_id:1549110517,0,1,1,1,1
4097656#3r,driving:osm_id:4097656,0,0,0,0,1
4227208#1r,driving:osm_id:4227208,0,0,1,1,1
4230006#1r,driving:osm_id:4230006,0,0,0,0,1
4230007#1r,driving:osm_id:4230007,0,0,0,0,0
35092475#2r,driving:osm_id:35092475,0,0,0,0,1
92627426#2r,driving:osm_id:92627426,0,-2,-2,-2,-2
93137558#2r,driving:osm_id:93137558,0,0,0,0,1
93137615#3r,driving:osm_id:93137615,0,0,0,0,0
93137627#2r,driving:osm_id:93137627,0,-1,-1,-1,-1
121380669#1r,driving:osm_id:121380669,-1,-1,-1,-1,-1
128273231#1r,driving:osm_id:128273231,-1,0,0,0,0
128273233#1r,driving:osm_id:128273233,0,0,0,0,0
155085119#2r,driving:osm_id:155085119,0,1,1,1,1
156772047#4r,driving:osm_id:156772047,0,-1,-1,-1,-1
156772047#8r,driving:osm_id:156772047,0,-1,-1,-1,-1
159170465#1r,driving:osm_id:159170465,0,1,1,1,1
161769679#3r,driving:osm_id:161769679,0,-1,-1,-1,-1
164338230#2r,driving:osm_id:164338230,0,0,0,0,0
165636031#6r,driving:osm_id:165636031,0,0,0,0,1
165636046#4r,driving:osm_id:165636046,0,0,0,0,0
165636046#1r,driving:osm_id:165636046,0,0,0,0,1
166009795#1r,driving:osm_id:166009795,0,1,1,1,1
166558488#1r,driving:osm_id:166558488,-1,-1,-1,-1,-1
168104492#2r,driving:osm_id:168104492,0,0,0,0,0
176336377#2r,driving:osm_id:176336377,0,-1,-1,-1,-1
201009264#1r,driving:osm_id:201009264,0,-1,-1,-1,-1
334773233#2r,driving:osm_id:334773233,0,-1,-1,-1,-1
338900930#2r,driving:osm_id:338900930,0,-2,-2,-2,-2
446542427#1r,driving:osm_id:446542427,0,0,0,0,0
503447059#2r,driving:osm_id:503447059,0,0,0,0,0
503475642#3r,driving:osm_id:503475642,0,2,2,1,2
503550472#1r,driving:osm_id:503550472,0,1,1,1,1
503783374#1r,driving:osm_id:503783374,0,0,0,0,0
503783377#1r,driving:osm_id:503783377,0,1,1,1,1
503813544#1r,driving:osm_id:503813544,0,-1,-1,-1,0
507581426#1r,driving:osm_id:507581426,0,0,0,0,1
686878340#1r,driving:osm_id:686878340,0,0,0,0,0
686878369#1r,driving:osm_id:686878369,0,0,0,0,1
690914539#2r,driving:osm_id:690914539,0,1,1,1,1
690914542#1r,driving:osm_id:690914542,0,1,1,1,2
720165108#3r,driving:osm_id:720165108,0,-1,-1,-1,-1
835609340#1r,driving:osm_id:835609340,0,0,0,0,0
850261601#3r,driving:osm_id:850261601,0,-1,-1,-1,-1
850261601#1r,driving:osm_id:850261601,0,-1,-1,-1,-1
1081601380#3r,driving:osm_id:1081601380,0,0,0,0,0
1233853668#3r,driving:osm_id:1233853668,0,1,1,1,2
1342546058#1r,driving:osm_id:1342546058,0,0,0,0,0
1342556413#1r,driving:osm_id:1342556413,0,0,0,0,0
1549110516#5r,driving:osm_id:1549110516,-1,-1,-1,-2,-1
4227216#4r,driving:osm_id:4227216,0,-1,-1,-1,-1
4230099#5r,driving:osm_id:4230099,0,-1,-1,-1,0
67923338#1r,driving:osm_id:67923338,0,0,0,0,0
78141882#2r,driving:osm_id:78141882,0,1,1,1,1
78141884#1r,driving:osm_id:78141884,0,0,0,0,0
92627406#3r,driving:osm_id:92627406,0,0,0,0,0
93137615#5r,driving:osm_id:93137615,0,0,0,0,0
93137615#1r,driving:osm_id:93137615,0,0,0,0,0
128273233#3r,driving:osm_id:128273233,0,0,0,0,0
157719645#9r,driving:osm_id:157719645,0,1,1,1,1
158215184#4r,driving:osm_id:158215184,0,0,0,0,0
161885378#2r,driving:osm_id:161885378,0,-1,-1,-1,-1
164338247#2r,driving:osm_id:164338247,0,0,0,0,0
166399478#1r,driving:osm_id:166399478,0,0,0,0,1
176760116#3r,driving:osm_id:176760116,0,1,1,1,1
177052168#1r,driving:osm_id:177052168,0,0,0,0,0
181479771#1r,driving:osm_id:181479771,0,2,2,2,2
254596489#1r,driving:osm_id:254596489,-1,-1,-1,-2,-1
257071645#1r,driving:osm_id:257071645,0,0,0,0,0
295618745#1r,driving:osm_id:295618745,0,1,1,1,1
357168416#1r,driving:osm_id:357168416,0,-1,-1,-1,-1
423632264#1r,driving:osm_id:423632264,0,-1,-1,-1,0
448186736#5r,driving:osm_id:448186736,0,1,1,1,1
503559464#3r,driving:osm_id:503559464,0,-1,-1,-1,-1
503783376#2r,driving:osm_id:503783376,0,0,0,0,1
688744912#1r,driving:osm_id:688744912,0,0,0,0,0
851991828#1r,driving:osm_id:851991828,0,0,0,0,0
943188283#1r,driving:osm_id:943188283,0,1,1,1,1
1079492040#1r,driving:osm_id:1079492040,0,-1,-1,-1,-1
1086377398#2r,driving:osm_id:1086377398,0,0,0,0,0
1202730135#1r,driving:osm_id:1202730135,0,0,0,0,0
1202747622#1r,driving:osm_id:1202747622,0,0,0,0,0
1233853668#2r,driving:osm_id:1233853668,0,1,1,1,2
1319454162#1r,driving:osm_id:1319454162,0,0,0,0,1
1326369794#1r,driving:osm_id:1326369794,0,0,0,0,0
1365041529#1r,driving:osm_id:1365041529,0,0,0,0,0
1443764722#1r,driving:osm_id:1443764722,0,0,0,0,0
4227233#1r,driving:osm_id:4227233,0,-1,-1,-1,0
4229325#1r,driving:osm_id:4229325,0,2,2,2,2
4229539#3r,driving:osm_id:4229539,0,0,0,0,1
4230099#7r,driving:osm_id:4230099,0,-1,-1,-1,0
24668403#1r,driving:osm_id:24668403,0,0,0,0,0
31900636#2r,driving:osm_id:31900636,0,0,0,0,0
92627431#1r,driving:osm_id:92627431,1,1,2,1,2
93137558#5r,driving:osm_id:93137558,0,0,0,0,1
95449778#1r,driving:osm_id:95449778,1,1,1,1,1
156772047#2r,driving:osm_id:156772047,0,-1,-1,-1,-1
157719644#2r,driving:osm_id:157719644,0,0,0,0,1
157719685#1r,driving:osm_id:157719685,0,-1,-1,-1,-1
158007908#1r,driving:osm_id:158007908,-1,-1,-1,-1,-1
158189817#1r,driving:osm_id:158189817,0,1,1,0,1
159170450#1r,driving:osm_id:159170450,0,-1,0,0,0
160004399#2r,driving:osm_id:160004399,0,-1,-1,-1,-1
166009792#1r,driving:osm_id:166009792,0,1,1,1,2
166149542#5r,driving:osm_id:166149542,0,1,1,1,2
166399488#3r,driving:osm_id:166399488,0,1,1,1,1
167625739#2r,driving:osm_id:167625739,0,1,1,1,1
168104492#1r,driving:osm_id:168104492,0,0,0,0,0
176337641#3r,driving:osm_id:176337641,0,0,0,0,0
176337650#1r,driving:osm_id:176337650,0,0,0,0,0
177231047#1r,driving:osm_id:177231047,-1,0,0,0,0
177588308#1r,driving:osm_id:177588308,0,-1,-1,-1,-1
177590092#1r,driving:osm_id:177590092,-1,-1,-1,-1,-1
214635117#4r,driving:osm_id:214635117,0,1,1,1,2
308214646#1r,driving:osm_id:308214646,0,0,0,0,0
334367775#1r,driving:osm_id:334367775,0,0,0,0,0
336130958#1r,driving:osm_id:336130958,0,1,1,1,1
446530366#1r,driving:osm_id:446530366,0,0,0,-1,0
448186736#6r,driving:osm_id:448186736,0,1,1,1,1
503550463#1r,driving:osm_id:503550463,-1,0,0,0,0
503783373#1r,driving:osm_id:503783373,0,0,1,1,1
568187257#4r,driving:osm_id:568187257,0,0,0,0,0
834185360#2r,driving:osm_id:834185360,0,0,0,0,0
1034247204#1r,driving:osm_id:1034247204,0,-1,-1,-1,-1
1082312612#1r,driving:osm_id:1082312612,0,0,0,0,0
1212029941#1r,driving:osm_id:1212029941,0,0,0,0,0
1452797914#1r,driving:osm_id:1452797914,0,0,0,0,0
1453165194#1r,driving:osm_id:1453165194,-1,0,0,0,0
4098197#2r,driving:osm_id:4098197,0,0,0,0,0
4227209#1r,driving:osm_id:4227209,0,1,1,1,1
4229539#1r,driving:osm_id:4229539,0,0,0,0,1
4230106#1r,driving:osm_id:4230106,0,0,0,0,0
4230106#2r,driving:osm_id:4230106,0,0,0,0,0
4230891#3r,driving:osm_id:4230891,-1,-1,-1,-2,-1
31900625#1r,driving:osm_id:31900625,0,0,0,0,0
157719645#11r,driving:osm_id:157719645,0,1,1,1,1
157719652#3r,driving:osm_id:157719652,0,0,0,0,1
158189819#1r,driving:osm_id:158189819,0,0,0,0,1
161752642#1r,driving:osm_id:161752642,-1,-1,-1,-1,-1
161887494#1r,driving:osm_id:161887494,0,-1,-1,-1,-1
164338222#2r,driving:osm_id:164338222,0,-1,-1,-1,-1
164338225#1r,driving:osm_id:164338225,0,-2,-2,-2,-2
164338243#1r,driving:osm_id:164338243,0,0,0,0,0
165636047#1r,driving:osm_id:165636047,0,-1,-1,-1,0
166009792#6r,driving:osm_id:166009792,0,1,2,2,2
166399486#1r,driving:osm_id:166399486,0,0,0,0,1
166399487#5r,driving:osm_id:166399487,0,1,1,1,1
166399488#2r,driving:osm_id:166399488,0,1,1,1,1
166399501#3r,driving:osm_id:166399501,0,-1,-1,-1,0
176337641#1r,driving:osm_id:176337641,0,0,0,0,0
176682382#2r,driving:osm_id:176682382,0,0,0,0,0
177052163#2r,driving:osm_id:177052163,0,0,0,0,0
177189425#1r,driving:osm_id:177189425,0,0,1,1,1
177396440#1r,driving:osm_id:177396440,0,-1,-1,-1,-1
181479771#3r,driving:osm_id:181479771,0,1,2,1,2
181479771#6r,driving:osm_id:181479771,0,0,1,1,1
254596486#2r,driving:osm_id:254596486,0,1,1,1,1
334365244#1r,driving:osm_id:334365244,0,-1,-1,-1,-1
360063233#2r,driving:osm_id:360063233,0,0,0,-1,0
503475643#3r,driving:osm_id:503475643,0,1,1,1,1
664388473#1r,driving:osm_id:664388473,0,1,1,1,1
688744016#1r,driving:osm_id:688744016,-1,0,0,0,0
690915731#1r,driving:osm_id:690915731,0,-1,-1,-1,-1
712182870#1r,driving:osm_id:712182870,0,0,0,0,0
778744698#3r,driving:osm_id:778744698,0,-1,-1,-1,-1
834185360#3r,driving:osm_id:834185360,0,0,0,0,0
929856547#1r,driving:osm_id:929856547,0,1,1,1,1
1082312613#2r,driving:osm_id:1082312613,0,-1,-1,-1,-1
1086377399#1r,driving:osm_id:1086377399,0,0,0,0,0
1202361392#1r,driving:osm_id:1202361392,0,-1,-1,-1,-1
1202730135#2r,driving:osm_id:1202730135,0,0,0,0,0
1203522177#1r,driving:osm_id:1203522177,0,-1,-1,-1,-1
1342546111#1r,driving:osm_id:1342546111,0,-1,-1,-1,-1
1361685182#1r,driving:osm_id:1361685182,0,0,0,0,0
1443870918#1r,driving:osm_id:1443870918,0,0,0,0,0
201009264#2r,driving:osm_id:201009264,0,-1,-1,-1,0
201009264#3r,driving:osm_id:201009264,0,-1,0,-1,0
214636589#3r,driving:osm_id:214636589,0,0,0,0,1
879995943#1r,driving:osm_id:879995943,0,-1,-1,-1,-1
879995943#2r,driving:osm_id:879995943,0,-1,-1,-1,-1
1314186421#1r,driving:osm_id:1314186421,0,1,1,1,1
1314186421#2r,driving:osm_id:1314186421,0,1,1,1,1
1449407308#1r,driving:osm_id:1449407308,0,0,0,0,0
